{"type":"FeatureCollection","features":[{"type":"Feature","id":0,"geometry":{"type":"MultiLineString","coordinates":[[[-73.085805218402882,-38.714720292259933],[-73.08588975286834,-38.714727666968159],[-73.08628366205356,-38.714671083709469],[-73.086646495007088,-38.714541876921054],[-73.086971753994646,-38.714386713244302]],[[-72.977118275939404,-38.740899021121656],[-72.977164353959793,-38.74091392746454],[-72.97736870101339,-38.740958022893217],[-72.977590299409172,-38.7410294219954],[-72.977817528028126,-38.741105498164799],[-72.978045534718134,-38.74120405150876],[-72.978274927131423,-38.741280053407067],[-72.97842744570886,-38.741305254452207],[-72.978576159360458,-38.741307784763094],[-72.97884694293225,-38.741294495372486],[-72.979133093150779,-38.741267843578768],[-72.979429086029242,-38.741250446593924],[-72.979623671309028,-38.741235843198467],[-72.979874269140126,-38.741222133029623],[-72.980018207769731,-38.74122010252109],[-72.98024466442989,-38.741219536891023],[-72.98059792706826,-38.741212137333775],[-72.980992868215282,-38.741205382051056],[-72.981358799001086,-38.741207214108421],[-72.981696466704847,-38.741217534956384],[-72.981986849964031,-38.741299195511253],[-72.982280585905158,-38.741439400615434],[-72.982594156789432,-38.741588963369125],[-72.982952942385381,-38.741667254830439],[-72.983359800450856,-38.741669749246363],[-72.983820952739606,-38.74163718646124],[-72.984256546017093,-38.741590589462916],[-72.984344732615284,-38.74157710181359],[-72.984362013267472,-38.741574445338649],[-72.984558009507623,-38.741559785970637],[-72.984911150350712,-38.741502793495094],[-72.985263759721576,-38.741441317951093],[-72.985572986813494,-38.741365532622602],[-72.985764241046496,-38.74131480408758],[-72.985971365336113,-38.741259769609037],[-72.986304361245146,-38.741157418940951],[-72.986684943259263,-38.741046801870141],[-72.987108373736007,-38.740946008776177],[-72.987556852330684,-38.740850113837055],[-72.988034971157944,-38.740777257460763],[-72.988494981684113,-38.740704059472812],[-72.988857547732636,-38.740647250561622],[-72.989185972755095,-38.740603338209723],[-72.989550861385766,-38.740537519613497],[-72.989968119688342,-38.740481640976817],[-72.990441800790222,-38.740408705565407],[-72.990917116103702,-38.740331285639492],[-72.991341819176526,-38.740234933950511],[-72.991768536262398,-38.740120656394716],[-72.992217252528292,-38.740042738873591],[-72.992654088652856,-38.740005217972211],[-72.992973234297537,-38.740006179240794],[-72.993291687214096,-38.739984585149266],[-72.993382874710164,-38.739970913298215],[-72.993399316770748,-38.739968433002346],[-72.993603635996308,-38.739962917257223],[-72.993978733974402,-38.739946835181044],[-72.994350281530899,-38.739926225331438],[-72.994737040131156,-38.739928335021695],[-72.995062101703382,-38.740055556030484],[-72.995129127719593,-38.740358510806821],[-72.995084947983884,-38.740677668804153],[-72.995268815096509,-38.740942092341491],[-72.995582913015554,-38.741154687127825],[-72.99590183009019,-38.741448501933988],[-72.996207829012093,-38.741715087942055],[-72.996606268480846,-38.74184355485928],[-72.997039109258125,-38.74171576704115],[-72.997468021521513,-38.741596965882493],[-72.9978438819291,-38.741553914143623],[-72.998320860227722,-38.741494483943619],[-72.998823675198608,-38.741435495153425],[-72.999325987796183,-38.741367519273318],[-72.999836723533377,-38.741281691319692],[-73.000330039951862,-38.74120450150405],[-73.00081688400229,-38.741149740571018],[-73.001238879387515,-38.741102882565073],[-73.001618346338475,-38.741055340792585],[-73.00201116159009,-38.740944918765095],[-73.002386590580286,-38.740811701526646],[-73.002684411009028,-38.740704164838526],[-73.002774144562039,-38.74068810182856],[-73.002776195750542,-38.740687735916438],[-73.003075340931645,-38.74063423826653],[-73.00327566520734,-38.740619619565322],[-73.003468110695977,-38.740654485261054],[-73.003620160229588,-38.740693098216205],[-73.003705696851426,-38.740721595697721],[-73.003881672228218,-38.740778645378768],[-73.003981258595402,-38.740793896550265],[-73.004104513304213,-38.740809515854423],[-73.004454846111543,-38.740829003168848],[-73.004833688211434,-38.740830982108179],[-73.005172855812035,-38.740814252409258],[-73.005568947292304,-38.740789443078221],[-73.005885354552149,-38.740763310475138],[-73.00619858887211,-38.740746139745994],[-73.00649849148067,-38.740719686026701],[-73.006812599052466,-38.74067097715163],[-73.007154305372367,-38.740613794210653],[-73.007508140751312,-38.740561210627348],[-73.007840668476362,-38.740521827220149],[-73.007994473073694,-38.740524441076545],[-73.008145661256592,-38.740621662525463],[-73.00831914690113,-38.740768807517107],[-73.008475661286823,-38.740802981385535],[-73.0087561339666,-38.740749224798854],[-73.008867466658643,-38.740728577442503],[-73.008877052328103,-38.740726477320585],[-73.009077998471952,-38.740682608245358],[-73.010601001011565,-38.740366133078041],[-73.010732263265254,-38.740354833787414],[-73.01102668645963,-38.740287827576282],[-73.011333207160959,-38.74022992353094],[-73.011690739681484,-38.740145915311935],[-73.012071939541471,-38.740062273472702],[-73.012459615838694,-38.739983277356231],[-73.012845937836005,-38.739895251746894],[-73.013222765935879,-38.739816035263139],[-73.013517153233721,-38.739753525596292],[-73.013706588037735,-38.739716168389087],[-73.014009018975614,-38.739649248361211],[-73.014322854163495,-38.7395824519485],[-73.014638450935919,-38.739506738915424],[-73.014956213416625,-38.739431025768425],[-73.01528994541242,-38.739351146170193],[-73.015644553267521,-38.739294084374691],[-73.015947024404696,-38.739276667685708],[-73.015995765165073,-38.739278974755052],[-73.016250797373331,-38.739290858890918],[-73.016580819095012,-38.739314475673538],[-73.016865549177808,-38.739341863338204],[-73.017178160482814,-38.739374194449113],[-73.017380437074777,-38.739391137850291],[-73.017493063120597,-38.739402017761336],[-73.017819139303725,-38.739466127939771],[-73.018139647848187,-38.739602220213804],[-73.018366160649535,-38.739705172556164],[-73.018659828303299,-38.739849787293849],[-73.018933911507702,-38.739976113905591],[-73.01915684100436,-38.740078966137659],[-73.019402783290786,-38.74018228007855],[-73.019678775425589,-38.740290535058136],[-73.019982775890341,-38.740399300912173],[-73.020288278470957,-38.740481082213762],[-73.020629894909476,-38.74047787302068],[-73.021025272971514,-38.740430458218064],[-73.021453401349646,-38.74036568084481],[-73.021902996180259,-38.740305696675073],[-73.022266771257009,-38.740230737964694],[-73.022319139778105,-38.740215430440834],[-73.022412477383142,-38.740188159962656],[-73.022726019909101,-38.740107848015462],[-73.023056282454689,-38.740023344328108],[-73.023269876870856,-38.739968389750338],[-73.02360554972509,-38.739892994709749],[-73.023962647952857,-38.739799888466379],[-73.024361706100464,-38.73969404582477],[-73.024780033036919,-38.739597498445761],[-73.025186924872244,-38.739518756761804],[-73.025576421653341,-38.739475808953244],[-73.025920528230927,-38.739436565025152],[-73.026034558194425,-38.739420457491455],[-73.026275921269985,-38.739402022309974],[-73.026382290762854,-38.739403813436958],[-73.026683511734333,-38.739404414927748],[-73.027080471847995,-38.739402080806848],[-73.027520115691971,-38.739391484961565],[-73.028157658114679,-38.739375237979985],[-73.028440326417638,-38.73937094179545],[-73.028883554649425,-38.739360437327655],[-73.029314397916608,-38.739354196977068],[-73.029780754442697,-38.739339497246505],[-73.0302536468499,-38.73932043836701],[-73.030698165422905,-38.739314457655304],[-73.03115289259965,-38.739304064458814],[-73.031631167884669,-38.739298611985149],[-73.032036418910764,-38.739282915398846],[-73.032118280620224,-38.739277799137511],[-73.032150199031946,-38.739275810967705],[-73.032430793985668,-38.739271503539065],[-73.032818159077408,-38.739251035629778],[-73.033180191612473,-38.739239115523432],[-73.033539546846043,-38.739218137740927],[-73.033944271221458,-38.73916637155218],[-73.034316316493545,-38.739078029884269],[-73.034463672878942,-38.739026452100696],[-73.034779808184098,-38.738905584576187],[-73.035027947321822,-38.738770096595054],[-73.035150618517349,-38.738700114084558],[-73.035441512455876,-38.738529280043181],[-73.035729994051309,-38.738367456761331],[-73.036000214621936,-38.738214306713992],[-73.036306238161274,-38.73806626296453],[-73.036678441535997,-38.73789231919941],[-73.036957008684439,-38.737775327909851],[-73.037214001656281,-38.737685054055781],[-73.037534373495106,-38.737564327596388],[-73.037812324924175,-38.737469859419562],[-73.03784150477324,-38.737459405993114],[-73.038053445439829,-38.73738382248122],[-73.038244501136546,-38.737310437080872],[-73.038563450372536,-38.73718960998994],[-73.038863610053994,-38.737073047685037],[-73.038989364770316,-38.737021104287791],[-73.039110752920422,-38.73697359278691],[-73.039384194438284,-38.736861051859123],[-73.039652513090175,-38.736752894507326],[-73.039930703925734,-38.736649411923096],[-73.040028960143346,-38.736606019473442],[-73.040158928728189,-38.736558651677214],[-73.040320068033182,-38.736502752590859],[-73.040402994230348,-38.736468154804562],[-73.040765952285369,-38.736366088000466],[-73.04104798632504,-38.736280694681277],[-73.041235472344013,-38.736234285323022],[-73.041346278350304,-38.736204624326199],[-73.041486963617984,-38.736161901210608],[-73.041776674155187,-38.736085684123111],[-73.042116253098612,-38.73599674534502],[-73.042422464783812,-38.735920840942548],[-73.042510135741892,-38.735895226310383],[-73.042613774553473,-38.735865443143567],[-73.0427056647586,-38.735844478227662],[-73.043057206217057,-38.735742210311436],[-73.043388834256405,-38.735657676002013],[-73.04367856828118,-38.73557695193972],[-73.043723564636934,-38.735564694764527],[-73.044005317942279,-38.735487788340905],[-73.044194457984929,-38.735432389454076],[-73.044404022053811,-38.7353683142153],[-73.044621290312463,-38.735308914262973],[-73.044823564668576,-38.735249222498055],[-73.045161843517974,-38.735155745914923],[-73.045495877357496,-38.735062193740639],[-73.045814731760458,-38.734968429119796],[-73.045932403876435,-38.734925317562876],[-73.046084591361705,-38.734882855065436],[-73.04636586061342,-38.734797474724274],[-73.046705425907874,-38.734708524043327],[-73.04702758643586,-38.734628291223302],[-73.047263980273868,-38.734555680080859],[-73.047517531852904,-38.73448328573631],[-73.047865598918804,-38.734376474975271],[-73.048183300454113,-38.734300747253087],[-73.048476086998264,-38.734242558068367],[-73.048612596382554,-38.734217753459937],[-73.048804164708571,-38.734180414229371],[-73.04898286190074,-38.734165361129513],[-73.049312888562909,-38.734139375584796],[-73.049670159977907,-38.734113772611266],[-73.049719907609116,-38.734112267284317],[-73.049956607680372,-38.734105087303973],[-73.050215611707216,-38.73409587854109],[-73.050550144954485,-38.734087957997886],[-73.050898470354198,-38.734075720667434],[-73.051270923283525,-38.734050397527021],[-73.051658878736745,-38.734034347686929],[-73.052018706102928,-38.734022298769304],[-73.052133109941153,-38.734019728314252],[-73.052426746318559,-38.734006582063834],[-73.052808530854023,-38.73398137257989],[-73.053249786827081,-38.733961695712459],[-73.053619072140805,-38.733945328335096],[-73.05372887224803,-38.733924692620818],[-73.054093572777546,-38.733917189532399],[-73.05441530740481,-38.733904537672807],[-73.054634776359819,-38.733899200449549],[-73.054787148672318,-38.733901728697369],[-73.055140104991622,-38.733903115876224],[-73.055422087261491,-38.733898777862564],[-73.055692349459875,-38.733898757602034],[-73.056063680920076,-38.733886959686608],[-73.056312003107593,-38.733850513385427],[-73.056336788738491,-38.733847364617318],[-73.056534246438801,-38.733822646196465],[-73.056840646953475,-38.733710616573163],[-73.057137028951715,-38.733571413807859],[-73.057426360974588,-38.733427511181219],[-73.057608509954946,-38.73334045949413],[-73.057709823010242,-38.733288092172074],[-73.057932624457393,-38.733183688932236],[-73.058023694646124,-38.733140088763896],[-73.058326574484823,-38.733000952154065],[-73.058554883013997,-38.732905652543231],[-73.058730643996739,-38.732813951590352],[-73.058933116214504,-38.73271822205119],[-73.059122062877634,-38.732644802227398],[-73.059404519100852,-38.732514341423602],[-73.059497879445033,-38.732466307936171],[-73.059678930801809,-38.732388218340667],[-73.059855200968641,-38.732305573500682],[-73.060107118888411,-38.732188126245198],[-73.060449321687074,-38.73203160467007],[-73.060805762619609,-38.731875325541871],[-73.061177745856227,-38.731705812425737],[-73.06154309947415,-38.731540661922033],[-73.061742614112518,-38.731449383687263],[-73.061750515683329,-38.731445861822408],[-73.061861926948112,-38.731397271576846],[-73.062020061347653,-38.731318796424745],[-73.06224182412997,-38.731227849314486],[-73.062425913031731,-38.731145296827066],[-73.063288179418066,-38.730763184203738],[-73.063652108107632,-38.730598003372954],[-73.063978872164682,-38.730450199083961],[-73.064218251741295,-38.730346092509116],[-73.064342681048998,-38.730289594190126],[-73.064430040619726,-38.730250471545624],[-73.064515355548991,-38.730206845691811],[-73.064791041238479,-38.730085241311428],[-73.065122263188044,-38.729933073445508],[-73.065491276416623,-38.72976800430213],[-73.065880849586264,-38.729585172739725],[-73.066261631019557,-38.729406779903243],[-73.066580465790409,-38.729258875751164],[-73.066668701175644,-38.729215293905654],[-73.066785083928195,-38.729163131811113],[-73.066998163704554,-38.729072110278643],[-73.067009372886233,-38.729067145189227],[-73.067284144160979,-38.728946156749757],[-73.067603609051417,-38.728802803346227],[-73.067886785912634,-38.728672297534189],[-73.068056288088485,-38.728598508219292],[-73.068322387447324,-38.728485788088875],[-73.068476023188026,-38.72841624123123],[-73.068597374771585,-38.728368699888996],[-73.068877503987949,-38.728242651099514],[-73.069186213074516,-38.728099077720344],[-73.069514071851088,-38.727937792212821],[-73.069850334172585,-38.727758652076382],[-73.070169850491084,-38.727556705086393],[-73.070476783986336,-38.727345530690791],[-73.070770798995625,-38.727134142214808],[-73.071062251841497,-38.726909191995844],[-73.071376313184828,-38.726671057578685],[-73.071670590623498,-38.7264461551053],[-73.071965476312286,-38.726230305900152],[-73.072271372324934,-38.726001086402164],[-73.072595874694358,-38.725749597613586],[-73.07282053274777,-38.725577589941572],[-73.072825583612811,-38.725573650868625],[-73.07297398012453,-38.725458534753635],[-73.073136994262555,-38.725330512886117],[-73.073357343195312,-38.725154005261714],[-73.073529029766263,-38.725026123089648],[-73.073858406456154,-38.724779330787001],[-73.07409904263541,-38.724598573236662],[-73.074387285826475,-38.724387082053262],[-73.074693287164564,-38.724153351502387],[-73.075011633539177,-38.723919780203488],[-73.075252265108816,-38.723739019222265],[-73.075446227222059,-38.723607110086846],[-73.075768691437162,-38.723378114307287],[-73.076012782242785,-38.72320195454548],[-73.076346865486897,-38.722968641255946],[-73.076664329778765,-38.722739596675844],[-73.07694544754608,-38.722550483169172],[-73.07716987486782,-38.722383050392629],[-73.077204933669222,-38.722356960090622],[-73.077300451228268,-38.722286037915595],[-73.077518128979662,-38.722127472546816],[-73.077693385836284,-38.721999680629374],[-73.07779328100537,-38.721893188319669],[-73.077908531554641,-38.721723886347085],[-73.078012676775316,-38.721567959088773],[-73.078124127384967,-38.721403069097626],[-73.078297242566919,-38.721140105218176],[-73.078452983465581,-38.720881364355527],[-73.078572778731854,-38.720676118014829],[-73.078651627693205,-38.720524246265818],[-73.078774668961415,-38.720278452749156],[-73.078892203732408,-38.720023629082782],[-73.079008344896053,-38.719764204950877],[-73.079105709772548,-38.719540558062079],[-73.079224500275629,-38.719263185601271],[-73.079296664009547,-38.719093174924794],[-73.079376893274571,-38.718914322998977],[-73.079454320613706,-38.718762353385003],[-73.07965087802566,-38.718535829627335],[-73.079778886964291,-38.718425328107294],[-73.07988416499775,-38.718332443739961],[-73.080028730808237,-38.718195170177502],[-73.080115221942606,-38.718106484121563],[-73.080117980889796,-38.718103657736513],[-73.080225977771477,-38.71799570048762],[-73.080318758038672,-38.717911590476923],[-73.08049213603735,-38.717747780017305],[-73.080570346672118,-38.717672443004879],[-73.080700246476354,-38.717543944713007],[-73.080960827358055,-38.717313926775716],[-73.081231196483529,-38.717070579027947],[-73.081529526923802,-38.716800651225945],[-73.081835503982163,-38.716512894330165],[-73.082141172661139,-38.71621149746764],[-73.082412523209015,-38.715927679757243],[-73.08262338935883,-38.715701315209294],[-73.082829654841746,-38.715488465618378],[-73.082969993206461,-38.715346614465496],[-73.083102567180404,-38.71522716972845],[-73.083362685806023,-38.715042170442047],[-73.083647976382466,-38.714857691398805],[-73.083907971953622,-38.714677195991882],[-73.084213341919011,-38.714574060722107],[-73.084374852290949,-38.714554243327512],[-73.084518508922812,-38.714556594972777],[-73.084803267279781,-38.714579243012402],[-73.085126617199109,-38.714613573320229]]]},"properties":{"FID":0,"nombre":"ALMAGRO - PUERTO DOMINGUEZ","empresa_01":"INGENIERÍA Y CONSTRUCCIÓN ALTO BELÉN","f_inicio":"10-JUNIO-2025","f_termino":"20-MAYO-2029","monto":"9.304.117.200","Activo":"69D040","NOMBREFEMN":"IMPERIAL-CARAHUE\u00A0POR\u00A0EL\u00A0BAJO","ROL":"S-426","CARPETA":"Ripio","N_MOP":"9","Shape_Le_1":10.7895699206,"long_km":10.7895699206}},{"type":"Feature","id":1,"geometry":{"type":"LineString","coordinates":[[-72.837985812938541,-38.800786937144622],[-72.838098213244223,-38.800723371621721],[-72.838465974790097,-38.800509463670579],[-72.838790583161696,-38.800317265484793],[-72.839107376651015,-38.800142885572249],[-72.839465921574103,-38.799924260883998],[-72.839669229564535,-38.799792868356825],[-72.839775948366565,-38.79973630339402],[-72.840060593623903,-38.799556854411456],[-72.84019908203274,-38.799473860158081],[-72.840542515126742,-38.799254917478613],[-72.840974109130272,-38.798974557662639],[-72.841483103409928,-38.798632617776136],[-72.841945976053921,-38.798316839847494],[-72.842380541360171,-38.798009518548604],[-72.84287022209493,-38.797640095580434],[-72.84339821099185,-38.797262472967752],[-72.843604469578523,-38.797117843094867],[-72.843604834709225,-38.797117609261548],[-72.84370451799488,-38.797033823090871],[-72.84401329466597,-38.796814314755999],[-72.844388527119875,-38.796541924420133],[-72.844574814265343,-38.796401197761547],[-72.844680781886296,-38.79632207329054],[-72.844892414997091,-38.796154759530346],[-72.84514118378263,-38.795920623616411],[-72.845374672962777,-38.795695181331155],[-72.845534218615811,-38.79553592747326],[-72.845644306478292,-38.795438810659213],[-72.845768702417473,-38.795346533961933],[-72.846045924790445,-38.795054272833873],[-72.84647501889296,-38.794710814406983],[-72.846884882434622,-38.794385032144774],[-72.847067979123963,-38.794230755930499],[-72.847310529086926,-38.794014456270048],[-72.847602357933667,-38.793713519556292],[-72.847953504009226,-38.793355063926619],[-72.848322321439767,-38.792983406464451],[-72.84867642985509,-38.792620571853291],[-72.848759907140433,-38.792545948909492],[-72.848770344000144,-38.792536676716225],[-72.84906650321264,-38.792235815004958],[-72.849445800270317,-38.79187340124696],[-72.849833866830281,-38.79147955841502],[-72.850173893989293,-38.791084865182356],[-72.850349375295551,-38.790777283582791],[-72.850377388434978,-38.79070574373867],[-72.85039477482006,-38.790629464420022],[-72.85042529220307,-38.790499402773932],[-72.850480357903265,-38.79019852411718],[-72.85055424315938,-38.789798961281001],[-72.850625090713024,-38.789358768161314],[-72.850699914591928,-38.788927666544161],[-72.850725748673739,-38.788761455747078],[-72.850761814671614,-38.788590922649249],[-72.850832046695615,-38.788240844474316],[-72.850893255927275,-38.787854538267247],[-72.850904876259335,-38.787746498625324],[-72.850905301009021,-38.787742131034683],[-72.850920384082031,-38.787670354913438],[-72.850951768157927,-38.787463672719404],[-72.850991751675437,-38.787234644574873],[-72.851041818453979,-38.786933783413922],[-72.851071518226107,-38.786736085887043],[-72.851109992327366,-38.786507033504357],[-72.851152014022318,-38.786282586657578],[-72.85118285887178,-38.786093926760714],[-72.851202478176148,-38.785968135222184],[-72.85120162186054,-38.785959235302933],[-72.851221272822926,-38.785772276042223]]},"properties":{"FID":1,"nombre":"CENTRAL ETAPA I","empresa_01":"APIA S.A.","f_inicio":"02-JULIO-2025","f_termino":"11-JUNIO-2029","monto":"8.839.007.460","Activo":"69S1494","NOMBREFEMN":"MAQUEHUE\u00A0-\u00A0ZANJA\u00A0BOROA","ROL":"S-494","CARPETA":"Pavimento Básico","N_MOP":" ","Shape_Le_1":2.11680669767,"long_km":2.11680669767}},{"type":"Feature","id":2,"geometry":{"type":"LineString","coordinates":[[-72.82584534040484,-38.782874407710942],[-72.826018971945317,-38.782857786115635],[-72.826317900815695,-38.782845328661146],[-72.826780218761357,-38.78283142236981],[-72.827250596941383,-38.782813117582762],[-72.827643974948472,-38.782793426666082],[-72.82767341868103,-38.782794010283204],[-72.827778447320995,-38.782795951765841],[-72.828137570430428,-38.782816120690512],[-72.828669703301557,-38.782753947498584],[-72.829037684962913,-38.782765263529988],[-72.829344113071471,-38.782789003163955],[-72.829781791013687,-38.782806146869],[-72.830230069362187,-38.782850463543745],[-72.830719600007455,-38.782864131141686],[-72.831003891977787,-38.782882911441298],[-72.831107369337985,-38.782889328070418],[-72.831445019610584,-38.782904583877986],[-72.831823855781664,-38.782916125984102],[-72.831942861936767,-38.782927344268401],[-72.83216637351947,-38.782936015746444],[-72.83255297976234,-38.782974675599824],[-72.832965582629299,-38.783081471138644],[-72.833409873358747,-38.783211353484425],[-72.833623692710987,-38.783278338122649],[-72.833654374697858,-38.783287956192645],[-72.83380758875748,-38.783335828345265],[-72.834212481473116,-38.783460507922541],[-72.834666369370538,-38.783604015833895],[-72.835042091256028,-38.783719100061006],[-72.835166800593768,-38.783757503015977],[-72.835292744700666,-38.783804867833503],[-72.835571888123866,-38.783850590536872],[-72.835993118838687,-38.783912450515928],[-72.83627842454851,-38.783944761248286],[-72.836669112377336,-38.783992570022065],[-72.837104822593886,-38.784050186317721],[-72.837518303198934,-38.784102850069672],[-72.837977838241528,-38.784156433277062],[-72.838390136936397,-38.784204631800669],[-72.838482897799352,-38.784206303308544],[-72.838695153340026,-38.784228246052628],[-72.839121390908019,-38.784290224367247],[-72.839592907331721,-38.784375503963261],[-72.840086639411396,-38.784488238670981],[-72.840565893426174,-38.784605209698277],[-72.840862258575825,-38.784678318635471],[-72.841074942003033,-38.784736251214021],[-72.84144829302268,-38.784833240625431],[-72.841518957089136,-38.784848253809088],[-72.84177499220489,-38.78490239725798],[-72.84197851194881,-38.784951184627552],[-72.842137371578801,-38.784981150346631],[-72.842577354036933,-38.785016321998491],[-72.843060312121082,-38.785079295759246],[-72.843561038223328,-38.785129064782488],[-72.844068184045412,-38.785178988897108],[-72.844375539945617,-38.785247742518706],[-72.844579735465885,-38.785273997672697],[-72.845015110032492,-38.785318092643429],[-72.845431395457084,-38.785375358355147],[-72.845667921797386,-38.785406743750535],[-72.846075886013139,-38.785454763203923],[-72.846328970385628,-38.785481987084758],[-72.846437450323648,-38.785488446361242],[-72.846730031854491,-38.785520860374703],[-72.846925028077166,-38.78554254482686],[-72.847295274483542,-38.785576380862395],[-72.847728223507616,-38.785606894767675],[-72.848138278603841,-38.785632406275703],[-72.848267478678423,-38.785643714677029],[-72.848268902088037,-38.785643888666932],[-72.848383044351138,-38.785650454048977],[-72.848739880550696,-38.785675062423877],[-72.849156313466722,-38.785705229918442],[-72.84939111777247,-38.785718587001199],[-72.849606439995014,-38.785736054968716],[-72.849714302508715,-38.7857380307249],[-72.850072782536273,-38.785758152929432],[-72.85042107083855,-38.785778094588544],[-72.850542668728423,-38.785753273396253],[-72.850640527225281,-38.785755061502279],[-72.850765918947872,-38.785770920256034],[-72.851049481025498,-38.785767096444722],[-72.851183293805605,-38.785769541949541],[-72.851221272822926,-38.785772276042223],[-72.851351946727789,-38.78578168444583],[-72.851622457280186,-38.785759621064273],[-72.85180811886022,-38.785758510706678],[-72.852038936678127,-38.785785349671592],[-72.85218763118462,-38.785770037146449],[-72.852580608900055,-38.785763777565514],[-72.853067857746453,-38.785759199849522],[-72.853570596793134,-38.785763922265097],[-72.854079589861328,-38.785755228422524],[-72.854593222115142,-38.785755675635905],[-72.855095839163511,-38.785742391132473],[-72.855316701582908,-38.78574195670646],[-72.855317454066679,-38.785741931778276],[-72.855500947033477,-38.785740812667555],[-72.855928458125803,-38.785735097414992],[-72.856428503616215,-38.785735322293945],[-72.856960425266848,-38.785727038444719],[-72.857208788089352,-38.785722591705515],[-72.857671593282532,-38.785717548147247],[-72.858141703697925,-38.785708129743206],[-72.858563070266612,-38.78569338455948],[-72.858699352043388,-38.785704890544679],[-72.859098567934382,-38.785707699437225],[-72.85954490706105,-38.785675302167085],[-72.859789656996654,-38.785598730882278],[-72.859879379067365,-38.785559829224383],[-72.860202290618616,-38.785417067515475],[-72.860598137526765,-38.785244073094667],[-72.860797196011788,-38.785157649769751],[-72.860949703895599,-38.785083833277191],[-72.861119930294208,-38.785023893454763],[-72.861475606461966,-38.784868237847526],[-72.86185900873356,-38.784704063911882],[-72.862057405197149,-38.784622898223184],[-72.862059251486471,-38.784622173346058],[-72.862379015057343,-38.784492865181178],[-72.862786498829493,-38.784315568294325],[-72.862913635728006,-38.784250337658371],[-72.863076235727021,-38.784176701171781],[-72.863418802606006,-38.784029811843467],[-72.863843725647087,-38.783843891032909],[-72.864286094345971,-38.783680781908572],[-72.864748819210106,-38.783531532554754],[-72.865046023759476,-38.78345594406759],[-72.865331000962257,-38.783407028109117],[-72.865513252385497,-38.783374353257543],[-72.865878906826126,-38.783295462282062],[-72.866294995146973,-38.783190400936213],[-72.866725922370875,-38.783072155760642],[-72.867118281625494,-38.782917112962416],[-72.867467583738744,-38.782905461656462],[-72.867836444655381,-38.782934704716801],[-72.868188135555613,-38.782963702640245],[-72.86853689728585,-38.782992576677842],[-72.868670705255695,-38.782995001991516],[-72.868994144525161,-38.783005382043882],[-72.869151638734039,-38.783008275859032],[-72.869339988018595,-38.783011696228193],[-72.869341404277407,-38.783011723863133],[-72.869660423234322,-38.782977015704063],[-72.869982766637008,-38.782928841870259],[-72.870363242508148,-38.782859184927744],[-72.870481995686973,-38.7828342900577],[-72.870578877052225,-38.78281808958851],[-72.87070325217411,-38.782797804850247],[-72.871065666314593,-38.782732360276306],[-72.871312022219641,-38.782696295310558],[-72.87148271022437,-38.782690411560651],[-72.871822445274645,-38.782660544075661],[-72.872006945887705,-38.782650363687907],[-72.872347922122174,-38.782652109341058],[-72.872486500335853,-38.782659094399506],[-72.872693494375866,-38.782667351395041],[-72.873096410448539,-38.782665710479726],[-72.873450934096681,-38.782672167810048],[-72.873585668839752,-38.782665629150991],[-72.873911937078702,-38.78267604886247],[-72.874092942754942,-38.78268833823504],[-72.87445321637297,-38.782717402305913],[-72.874610709358421,-38.782720288725372],[-72.874755269610517,-38.782745446578552],[-72.875147469866775,-38.782815653948681],[-72.875613249488467,-38.782900683062572],[-72.875940010248073,-38.782920156064897],[-72.87594029258517,-38.782920145881235],[-72.876329519320976,-38.782864199028495],[-72.876778927718249,-38.782800274059021],[-72.8771930848566,-38.78270866758357],[-72.877486555273506,-38.782614946056817],[-72.877589938090964,-38.782621324283504],[-72.877942025670336,-38.782515102449437],[-72.878189398332651,-38.78244748263878],[-72.878590983224825,-38.782369201565928],[-72.878917783817798,-38.782339080273331],[-72.87901709672542,-38.782291285183717],[-72.879043265015824,-38.782111628987138],[-72.878986766988717,-38.781808766278871],[-72.878946695311853,-38.781582760057873],[-72.87879265902302,-38.780832153332724],[-72.878728373276871,-38.78050209996627],[-72.878673870334154,-38.780253330904941],[-72.878642522282959,-38.780144651800363],[-72.878613125752906,-38.779972892402178],[-72.87854582632572,-38.779620287127948],[-72.878470339783462,-38.779254008571364],[-72.878392424596086,-38.778874233384855],[-72.878311450116826,-38.778476260217936],[-72.878257616552091,-38.778105940763993],[-72.878047952593349,-38.77696150061977],[-72.878036150330402,-38.77622232880222],[-72.878394035087211,-38.775405649972257],[-72.878632786868707,-38.774860815207326],[-72.879001439284451,-38.77398989094047],[-72.879104088875522,-38.773411189026874],[-72.879174738160515,-38.773116288404758],[-72.879263374015437,-38.772857971050641],[-72.879337317835606,-38.772736894076736],[-72.879404297388461,-38.772565784926449],[-72.879503401792903,-38.772239089407009],[-72.879553581390184,-38.771938431420843],[-72.879502065188987,-38.771587461642191],[-72.879439848841358,-38.771365541390686],[-72.879381638953959,-38.771240625548892],[-72.879332057437125,-38.771056630357954],[-72.879274006202024,-38.770926333647182],[-72.879230503624342,-38.770769374441699],[-72.879186840654981,-38.770617796901718],[-72.879130066681199,-38.770444441136057],[-72.879048183389344,-38.77018985243614],[-72.87899828445768,-38.770016621420091],[-72.878953506224008,-38.769902720211697],[-72.878934954699602,-38.769832376436355],[-72.878890495564633,-38.769707710903987],[-72.87885405584818,-38.769566280303337],[-72.878823766027736,-38.769449471357127],[-72.878807704768334,-38.769384004134558],[-72.878791278420508,-38.769330860969085],[-72.878773124807481,-38.769260071168659],[-72.878741896342945,-38.76917495264086],[-72.878721911217369,-38.769090037359561],[-72.878685292418851,-38.768959022137061],[-72.878631724904579,-38.7687924676951],[-72.878596990124478,-38.768673817343043],[-72.878545151372222,-38.768524909522007],[-72.878498070180797,-38.768367281338385],[-72.878422121590248,-38.768196798205011],[-72.878318977385959,-38.768032867227667],[-72.878243138313607,-38.767934606778994],[-72.878185921676021,-38.767891291852983],[-72.87813351582146,-38.767837495113625],[-72.878094236699127,-38.767796267464512],[-72.877982668521625,-38.767689404438755],[-72.877848528686982,-38.767583946880968],[-72.877649870966579,-38.767449572371611],[-72.87741995784944,-38.767313168177147]]},"properties":{"FID":2,"nombre":"CENTRAL ETAPA I","empresa_01":"APIA S.A.","f_inicio":"02-JULIO-2025","f_termino":"11-JUNIO-2029","monto":"8.839.007.460","Activo":"69S1492/E0494","NOMBREFEMN":"MAQUEHUE - MOLCO - CAUTÍN BOROA","ROL":"S-492","CARPETA":"Pavimento Básico","N_MOP":" ","Shape_Le_1":6.4878935744600001,"long_km":6.4878935744600001}},{"type":"Feature","id":3,"geometry":{"type":"LineString","coordinates":[[-73.071083612071703,-38.703548878621625],[-73.071065106202937,-38.703541015073505],[-73.070787982334792,-38.703477855064691],[-73.070584268760726,-38.703433973471213],[-73.070399065531944,-38.703399333889635],[-73.070071076641753,-38.703330861414933],[-73.069693121787239,-38.703248045079526],[-73.069578743639156,-38.703223625899106],[-73.069370369468757,-38.703170608587953],[-73.069128041915533,-38.703121577750615],[-73.068978994845594,-38.703078591859573],[-73.068718973731933,-38.702993211612636],[-73.068466785436414,-38.70285834286355],[-73.068245970917431,-38.702678996285293],[-73.068157039567069,-38.702591931342262],[-73.068107868146683,-38.702523550239178],[-73.068059354039875,-38.702455145738689],[-73.067954643791708,-38.702232720793873],[-73.067926308867911,-38.70192588181564],[-73.067911427060338,-38.701623811975317],[-73.06771579151669,-38.701363751932071],[-73.067601479431659,-38.701123067262515],[-73.067745242304682,-38.700882170426503],[-73.067927896711083,-38.70058332689959],[-73.068095987674539,-38.700293326951126],[-73.068272108977936,-38.699998841459909],[-73.068462290088434,-38.699686674739219],[-73.06865499720324,-38.699360990121143],[-73.068823777736981,-38.69901688217908],[-73.068971432389532,-38.698658900826722],[-73.06907591120617,-38.698381299631237],[-73.069190322719535,-38.698081290590331],[-73.069239676514798,-38.697928977093298],[-73.06923999321377,-38.697927932578004],[-73.06931636584288,-38.69769595029743],[-73.069391495253427,-38.697440399766421],[-73.069452272250601,-38.697157607083035],[-73.069486629959357,-38.69681574904174],[-73.069502274568578,-38.6964195736089],[-73.069515817391888,-38.695996319626857],[-73.069531472443373,-38.695550561130645],[-73.06954627752252,-38.695104758828727],[-73.069559794797328,-38.694654500159416],[-73.069578398311251,-38.694204285800474],[-73.069591011821927,-38.693762986798085],[-73.069607744548833,-38.693326266542321],[-73.069605035974135,-38.69289369182566],[-73.069599706910282,-38.692474636720874],[-73.069599017497467,-38.692190444833535],[-73.069598998938503,-38.692181812271855],[-73.06959876834469,-38.692109733637984],[-73.069593117213856,-38.691839291234736],[-73.069565471219988,-38.691559506448428],[-73.069534818279351,-38.691468935559485],[-73.06939923803354,-38.691272968210434],[-73.069054972971003,-38.691114084088667],[-73.068607545430154,-38.691187818914749],[-73.06820060657617,-38.691329720280926],[-73.067966869296299,-38.691285330124572],[-73.067780665152895,-38.691156128879875],[-73.067585966177148,-38.690887107491683],[-73.067471031246967,-38.690565355481503],[-73.06737891090215,-38.690383588775333],[-73.067273426042632,-38.690246704128292],[-73.067024374457489,-38.69002185384705],[-73.066648447522937,-38.68978585359762],[-73.066510774904515,-38.68972048013439],[-73.066419480673034,-38.689669429317867],[-73.066161359123853,-38.689543542249659],[-73.06588190189018,-38.689408288223682],[-73.06571913799678,-38.689315454885751],[-73.065587649301989,-38.689209652516681],[-73.065448990006189,-38.688995637131221],[-73.065450646395988,-38.688973371157758],[-73.065468933312317,-38.688734632393739],[-73.065581707022048,-38.688520273128226],[-73.065660150780431,-38.688436009953577],[-73.065854712276234,-38.688254514093764],[-73.066134361007414,-38.688011322573864],[-73.066471881902501,-38.687751135500349],[-73.066841084855866,-38.687486893878102],[-73.067238244603885,-38.687227652849337],[-73.067640086539114,-38.687004549586561],[-73.068091906382293,-38.686822792882943],[-73.06857263630144,-38.686659506424846],[-73.069024692815304,-38.686468736555632],[-73.069348115551733,-38.686199294665002],[-73.069461879786218,-38.685894806410019],[-73.069438628892385,-38.685637668485427],[-73.069394299983472,-38.685470247257406],[-73.0693929827886,-38.685465275920286],[-73.069354478369277,-38.685320894840544],[-73.069329614633816,-38.685176332632018],[-73.069311304047744,-38.68505434234919],[-73.069266057295962,-38.684787788046634],[-73.069197108148188,-38.684466795096014],[-73.069132546604706,-38.684168375217546],[-73.069059385233373,-38.683842807239799],[-73.069013308183585,-38.683684375792211],[-73.068947160943793,-38.683367933396397],[-73.068800157062228,-38.683036601416227],[-73.068522887897117,-38.682712169370681],[-73.068439487640177,-38.682634207602348],[-73.068305747508958,-38.682559919385838],[-73.06798142447127,-38.68238336469426],[-73.067698517036163,-38.68232460231085],[-73.067495700064896,-38.682330266093416],[-73.067136365326363,-38.682414428472136],[-73.066735102200752,-38.682560995735521],[-73.066291762464047,-38.682589717364557],[-73.065852755606713,-38.682618508088808],[-73.065561648973144,-38.682622669072039],[-73.06537369614486,-38.682506953007071],[-73.065283387569153,-38.682230602963486],[-73.065325050156986,-38.681884433103619],[-73.065382294074226,-38.68154745967265],[-73.065513801899897,-38.681225313098963],[-73.065720479458605,-38.680859304199949],[-73.065903705607624,-38.680537939794931],[-73.06591666083844,-38.680326392362772],[-73.065854677102436,-38.680300659562874],[-73.065724823073197,-38.680246670789529],[-73.065343130915082,-38.680226831918731],[-73.064961160197882,-38.680378180877931],[-73.064686008387341,-38.680535845462671],[-73.064474765693774,-38.680563858917814],[-73.064330023156899,-38.680471354511049],[-73.064274223957739,-38.680380328911092],[-73.064198744289087,-38.680302457451752],[-73.064124337166419,-38.680157109845467],[-73.064131340000785,-38.680058069190068],[-73.064144508188633,-38.679968184586137],[-73.064230331252574,-38.679690277050817],[-73.064328724194397,-38.679453178032944],[-73.064519637016673,-38.679217579969446],[-73.064739132036721,-38.678991389723492],[-73.064795827547542,-38.678699518615304],[-73.064727293933316,-38.678392010783305],[-73.064770759002855,-38.678059353497908],[-73.064970281971227,-38.677769813881781],[-73.065111532958383,-38.6775964470894],[-73.065174017229481,-38.677516429736791],[-73.065359951737463,-38.677307713251508],[-73.065589498353063,-38.677054757248236],[-73.065874761232735,-38.676811666534718],[-73.06622319904227,-38.676623705080623],[-73.066505392942972,-38.676389647526065],[-73.06663912798949,-38.67611700590242],[-73.066710955347759,-38.67579833908033],[-73.06678552863589,-38.67543014059072],[-73.066828325074511,-38.67506592738323],[-73.066805834882189,-38.674700667098328],[-73.06667480958599,-38.674365085694362],[-73.066437935561041,-38.674036805860588],[-73.066275380174645,-38.673696198100181],[-73.066283549389439,-38.673340421228666],[-73.0663433459885,-38.672985502689336],[-73.066368150163072,-38.672652535812929],[-73.06636579329556,-38.672418279181102],[-73.066366668879368,-38.672395523551693],[-73.066370478555669,-38.67229666768349],[-73.066347879237526,-38.672044006150507],[-73.066229338950762,-38.671749233901394],[-73.066009401428943,-38.671488761488206],[-73.065783506930202,-38.671232774778296],[-73.065619732623063,-38.671018305104049],[-73.065546527845484,-38.670908996741822],[-73.065456191367801,-38.670718237129968],[-73.065380715406306,-38.67053227285291],[-73.065316611868766,-38.67035100297015],[-73.065288140072767,-38.670260428154187],[-73.06521743217192,-38.670034010599061],[-73.065145843965951,-38.669703957734598],[-73.065134009248808,-38.669370422526477],[-73.065204449981664,-38.669047155905666],[-73.065308957472013,-38.66871554671193],[-73.065436421450997,-38.668357239978917],[-73.06554696256056,-38.668039143724847],[-73.065582069984174,-38.667936173211956],[-73.065587797691521,-38.667920995680809],[-73.065627642979436,-38.66781527776952],[-73.065698280701255,-38.667568665609387],[-73.065723121847512,-38.6673392911257],[-73.06571604962194,-38.667199495131477],[-73.06569782523016,-38.667050568784752],[-73.065693752668281,-38.666960398569614],[-73.065672698566814,-38.666811349711899],[-73.065676779131465,-38.666712263089806],[-73.065664553513457,-38.666631009274028],[-73.065643751775937,-38.666549537886496],[-73.065606726888007,-38.666377729493526],[-73.065590280768063,-38.666215312827198],[-73.065723935510732,-38.666001259965327],[-73.065820844346604,-38.6657100528843],[-73.065797712955217,-38.665421329368201],[-73.065875722662724,-38.665138749125745],[-73.066172316230904,-38.664900428881843],[-73.066517600253505,-38.664694352376287],[-73.066867392632545,-38.664506416795049],[-73.06714547311158,-38.664290283239488],[-73.067259995007888,-38.664170526782236],[-73.067413316212836,-38.66394331774503],[-73.067536663965527,-38.663765111826763],[-73.067624259382356,-38.663658467532954],[-73.067633618460761,-38.663647590352362],[-73.067742934142515,-38.663520709964324],[-73.067948774785847,-38.663316904825692],[-73.068258791618831,-38.663114782579932],[-73.068636060743799,-38.662945289029999],[-73.06904834733767,-38.662812500202115],[-73.069466706478948,-38.662639138362174],[-73.06985754922232,-38.662420322927503],[-73.070245001194778,-38.662169972053029],[-73.070583114148505,-38.661882676246201],[-73.070886577279296,-38.66154530722644],[-73.071232909816558,-38.661222159739097],[-73.071560306201164,-38.660930217584195],[-73.071752614685138,-38.660748643413008],[-73.071848649387078,-38.660678151849069],[-73.071910465630182,-38.660641464779133],[-73.072033276184868,-38.660568563567153],[-73.072122058432754,-38.660497954895227],[-73.072267635346989,-38.660428243744867],[-73.072364625301574,-38.660371293532272],[-73.072378658874541,-38.660276950732062],[-73.072367299494985,-38.660191167635531],[-73.072357374936217,-38.659974735164852],[-73.072337604048101,-38.65979871217997],[-73.072335997933507,-38.659672523453793],[-73.072304198372578,-38.659491828319346],[-73.072243100132454,-38.65927902511315],[-73.072187847434776,-38.659034882430106],[-73.072157537376157,-38.658746041309094],[-73.072137547747218,-38.658448355063669],[-73.072128540149137,-38.658141874251939],[-73.072121562800092,-38.657920986718537],[-73.072107594842734,-38.657799139171061],[-73.072084497784658,-38.657532920366187],[-73.071973185990331,-38.657211191553088],[-73.071800307490093,-38.656884010532856],[-73.071597948912881,-38.656556307049357],[-73.071374290435841,-38.65624624278972],[-73.071153904235175,-38.655972291326258],[-73.071044512970388,-38.655740733296398],[-73.070883307425717,-38.655431737054549],[-73.070683484618996,-38.655090514438342],[-73.07042054677872,-38.654797828109523],[-73.070135734337853,-38.654572383392534],[-73.069901687956573,-38.654410836806704],[-73.069710983577181,-38.654263569113979],[-73.069428445685617,-38.65411470481834],[-73.069225565458041,-38.653940190438718],[-73.069116099241654,-38.653816726926046],[-73.0691059599325,-38.653805496095586],[-73.069062390732,-38.65375728366238],[-73.068920057149711,-38.653601762112586],[-73.068774626683876,-38.653428123579545],[-73.068699298505422,-38.653345822336313],[-73.068585086786413,-38.653213300736901],[-73.068445258367419,-38.653017257168429],[-73.068294293507051,-38.652730920996106],[-73.068253893573655,-38.652604091299665],[-73.06820866818795,-38.652387117547789],[-73.068176966603573,-38.652098249587155],[-73.068159235318404,-38.652007817545162],[-73.067777832957802,-38.651636613718651],[-73.067709488213282,-38.65153635976165],[-73.067669214724958,-38.651405098652198],[-73.067574943916512,-38.651277340676209],[-73.067487540340352,-38.651136284498797],[-73.067406904502789,-38.650981784318198],[-73.067319982148092,-38.65082263425515],[-73.06723035704367,-38.65065892867031],[-73.067173656881138,-38.650549931792938],[-73.06712284378068,-38.650463455468469],[-73.06702360316217,-38.650254560422638],[-73.066912486432187,-38.650031986173055],[-73.066401660084566,-38.648838677249785],[-73.066379556856717,-38.648777320640065],[-73.066241309716574,-38.648394544459727],[-73.066224865397544,-38.64823205360566],[-73.066685791886783,-38.647221539664706],[-73.066909041754556,-38.646716090583737],[-73.066904486852991,-38.646643939991186],[-73.066887271986019,-38.64656256485469],[-73.066660827055941,-38.646333602771101],[-73.066382827521522,-38.646094703175592],[-73.066150814278174,-38.645883641641021],[-73.066060599530431,-38.645819048279982],[-73.06575712209272,-38.64565186695301],[-73.065444640379624,-38.645493482680372],[-73.065263239614126,-38.645323821314832],[-73.065029162224178,-38.645081175847174],[-73.064739518744418,-38.644932251345331],[-73.06463798283859,-38.644808876157292],[-73.064639174847585,-38.644736821486994],[-73.064677280515539,-38.644417632150848],[-73.064678468040185,-38.64441367985826],[-73.064718215366113,-38.644283100349988],[-73.064817833164113,-38.644023453785309],[-73.064939379362954,-38.643750648408563],[-73.064934826503418,-38.64367849776086],[-73.064973500925674,-38.64357555082637],[-73.065012590669625,-38.643481590877869],[-73.065028310698807,-38.643405266677043],[-73.065081775473104,-38.643207877481615],[-73.065142737785891,-38.642970088176853],[-73.065178293676169,-38.642822019506063],[-73.065210759219156,-38.642655907892902],[-73.065249109231232,-38.642512316011739],[-73.065312603352126,-38.642261083853796],[-73.065372811863426,-38.64202332065598],[-73.06548805298101,-38.641795447896136],[-73.065697611446765,-38.641560159421189],[-73.065898451261674,-38.641302152577353],[-73.066125603181547,-38.641053634492373],[-73.066391456842766,-38.640805759443033],[-73.066654236584071,-38.640566771631164],[-73.066844849575475,-38.640286099504117],[-73.067091567294028,-38.640055934319555],[-73.067275588320925,-38.639914795152812],[-73.06754358367948,-38.639748080361109],[-73.067819395700326,-38.639689555797752],[-73.067842691208654,-38.639687268978363],[-73.068133369262512,-38.639658698700906],[-73.068510042830852,-38.639615325899626],[-73.068942234212926,-38.639563894765971],[-73.069394672311546,-38.639481282873042],[-73.069806242836009,-38.639366447993893],[-73.070223541277755,-38.639175045169587],[-73.070578382687486,-38.638955640276819],[-73.070812223962761,-38.638671167395579],[-73.070943978694189,-38.638308426659634],[-73.071173943900234,-38.637978858582422],[-73.071452732385453,-38.637704107558783],[-73.071697677111032,-38.637514428189981],[-73.071924689316617,-38.637346992225808],[-73.072066736565574,-38.6372456775035],[-73.072293720639976,-38.63708274302418],[-73.072591769154457,-38.636862434411945],[-73.072897638598235,-38.636624144010689],[-73.073146449965463,-38.636448051306076],[-73.073178310767787,-38.636424288554643],[-73.073377152940367,-38.636276130899432],[-73.073456557976954,-38.636209906718022],[-73.073603175067902,-38.63606814474182],[-73.073782585201968,-38.635859349888435],[-73.073945084818178,-38.635659260006797],[-73.074142937679611,-38.635405772021727],[-73.074339251215903,-38.63512518451828],[-73.074537753981062,-38.634871599289561],[-73.07468632973017,-38.63468483310082],[-73.074760498670045,-38.634595991213274],[-73.07491542203293,-38.634386794120189],[-73.07508866169303,-38.634137336194527],[-73.075143041068245,-38.63406615567726],[-73.075246111616664,-38.633914695564634],[-73.075396549012211,-38.633714360861497],[-73.075567983549476,-38.633451388714249],[-73.07568418687481,-38.633133455422858],[-73.075694171409694,-38.63289485801559],[-73.075687965764118,-38.632750604845384],[-73.075666552341048,-38.632502404337771],[-73.075677523534651,-38.632335932922729],[-73.07564089881437,-38.632255753292796],[-73.075638107300108,-38.632249653009652],[-73.075643203240773,-38.632168681159435],[-73.075603078211955,-38.631789575697333],[-73.075576666213365,-38.631622417082433],[-73.075606622450223,-38.631334571749619],[-73.075600317649148,-38.631032645110579],[-73.075594680029525,-38.630681112387983],[-73.075581570840058,-38.630446641217965],[-73.075553106607956,-38.630356067604623],[-73.0755490018459,-38.630238893949461],[-73.07553998191139,-38.630013502645433],[-73.075580013080582,-38.629725823018582],[-73.07551180479777,-38.629350721972905],[-73.07550885409907,-38.629165995314402],[-73.075502241104189,-38.628900086875134],[-73.075479254342966,-38.628552773968011],[-73.075455192332882,-38.628164918178044],[-73.075412100141932,-38.627763264559796],[-73.075313983237592,-38.627351651389176],[-73.075413245536012,-38.627046926577982],[-73.075408873838526,-38.626943264671979],[-73.075435563581749,-38.626776982400109],[-73.075530551033751,-38.626526269941301],[-73.075558332794571,-38.626319515555728],[-73.075546616501214,-38.626247247176131],[-73.075612552625756,-38.626036579997063],[-73.075709648272849,-38.62576336241316],[-73.075806759778402,-38.625566733216004],[-73.076018577961946,-38.625349426000973],[-73.076303974438886,-38.625092805163],[-73.076633337661946,-38.624805431862562],[-73.076968221735157,-38.624522586188611],[-73.077283291562097,-38.624230397588214],[-73.07753142621047,-38.623968655684486],[-73.077734585523515,-38.623701695709592],[-73.077917691771532,-38.623402895927931],[-73.078111950050783,-38.623063642126198],[-73.078258410678615,-38.622687615285507],[-73.078358808847241,-38.622315335972679],[-73.078379797141039,-38.622013859168106],[-73.078375958008166,-38.621977690675493],[-73.078352249023268,-38.621752075026421],[-73.078352429935549,-38.621450217605265],[-73.078367873650734,-38.621274809151586],[-73.07841632758506,-38.621072867313259],[-73.078503688608166,-38.620867057398087],[-73.078614984232857,-38.620625586509384],[-73.078705110473393,-38.620365744344127],[-73.078761741876193,-38.620181961874756],[-73.078872766793808,-38.619922497060323],[-73.078760842111635,-38.619569289192327],[-73.07859683498333,-38.619314261746297],[-73.078469847489387,-38.618960768310352],[-73.078281957259975,-38.618606301187349],[-73.07808151124766,-38.618368704088539],[-73.077960672720963,-38.618218049978438],[-73.077789566398991,-38.618066566978634],[-73.077684560006446,-38.617992759291589],[-73.077452335820766,-38.61784481100549],[-73.07724539211965,-38.617719739089154],[-73.077091598657745,-38.617618119881328],[-73.076844191902779,-38.617474390173051],[-73.076512883517978,-38.61730222890565],[-73.076132721155588,-38.617129263193156],[-73.075996062363743,-38.617059436104284],[-73.075992480924839,-38.617057642612387],[-73.075676004622125,-38.616896545855759],[-73.075401074240986,-38.616680283713222],[-73.075189858200531,-38.616419963062015],[-73.075046246375095,-38.616205832999682],[-73.074968074663943,-38.616069402317969],[-73.07485176641903,-38.615855796148139],[-73.07480004343897,-38.615751277232974],[-73.074743214031983,-38.615619709380944],[-73.074665782330101,-38.615375159082909],[-73.074570825534224,-38.615116758077349],[-73.074529138408522,-38.61503498263761],[-73.074504650763103,-38.614957994814688],[-73.074436592186942,-38.614767643722189],[-73.074314491744502,-38.614499858738327],[-73.074112809988947,-38.614284802161258],[-73.07389509801655,-38.614105498419818],[-73.073641083797995,-38.61388960994411],[-73.073369303577863,-38.6136372994361],[-73.073025371036962,-38.613455976359049],[-73.072547390200882,-38.613398487750942],[-73.072078880894352,-38.613363760537339],[-73.071605410001709,-38.613355989308197],[-73.07113738167638,-38.613303164430256],[-73.070699628980179,-38.613273484819167],[-73.070349673101674,-38.613155079828147],[-73.070043315331674,-38.612987785901701],[-73.069576552610087,-38.612835965767474],[-73.069109523007825,-38.612666076302489],[-73.068727010717254,-38.61245251194002],[-73.068328915470516,-38.612279259293011],[-73.067922200526041,-38.612083284538208],[-73.067601228633762,-38.611875246501725],[-73.067254737622022,-38.611653266128137],[-73.066863820489488,-38.611430543350089],[-73.066469209216734,-38.611212301469109],[-73.06610129020207,-38.61098545541315],[-73.065696999463157,-38.610780533805929],[-73.065299355133121,-38.610566746875712],[-73.065041505718384,-38.610413762092634],[-73.065001967780177,-38.61038473842904],[-73.064966159599479,-38.610358463474562],[-73.064891392110795,-38.610285140142771],[-73.064646007209959,-38.610172966114334],[-73.064428553653386,-38.610065797002889],[-73.064239682738716,-38.609963535611158]]},"properties":{"FID":3,"nombre":"SECTOR COSTA ETAPA II","empresa_01":"CONSTRUCTORA SIERRA NEVADA S.A.","f_inicio":"05-FEBRERO 2024","f_termino":"09-DICIEMBRE-2027","monto":"8.398.869.303","Activo":"69D162","NOMBREFEMN":"RANQUILCO\u00A0-\u00A0VISTA\u00A0HERMOSA\u00A0-\u00A0LA\u00A0CABAÑA","ROL":"S-162-P","CARPETA":"Ripio","N_MOP":"12","Shape_Le_1":13.283433500099999,"long_km":13.283433500099999}},{"type":"Feature","id":4,"geometry":{"type":"LineString","coordinates":[[-73.085043481031917,-38.679356139729862],[-73.084842124539165,-38.679259337051619],[-73.084412797854696,-38.679085617437508],[-73.084082379249665,-38.678949533971043],[-73.083755783909538,-38.678804535743645],[-73.08333437468454,-38.678630904125548],[-73.082904397446597,-38.67845720169354],[-73.082524187350316,-38.678248259245315],[-73.082185313028717,-38.677994855235411],[-73.081952210595958,-38.6776847013343],[-73.081853065915837,-38.677363223275492],[-73.081837867759148,-38.677286354711356],[-73.081837506115676,-38.67728164517208],[-73.081823514775792,-38.67709693694988],[-73.081818665173458,-38.676794961553675],[-73.08187050439264,-38.67646695065033],[-73.081902876474132,-38.676116083568992],[-73.081891166392893,-38.675746467277698],[-73.081890980677954,-38.67532295395177],[-73.081799932596894,-38.675019639090287],[-73.08173728812568,-38.674595137029122],[-73.081635499353297,-38.674210518471725],[-73.081489096004248,-38.673883755601871],[-73.081298973571293,-38.673605817072435],[-73.081031136378257,-38.673358115121673],[-73.080932423897863,-38.673288962113418],[-73.080710981840255,-38.673132163521089],[-73.080408370269851,-38.672951490621223],[-73.080065773790906,-38.672761146916351],[-73.079775830415386,-38.672589695668798],[-73.079662555606035,-38.672529240192929],[-73.079659825688921,-38.672527564411148],[-73.079399600204781,-38.672367248330723],[-73.079091489214704,-38.672177468275336],[-73.078784793022336,-38.671987710664538],[-73.078502923848077,-38.671757832653299],[-73.078219910491498,-38.671514417247195],[-73.078030410492758,-38.671213946933378],[-73.077830235056496,-38.670854747196849],[-73.077595701754603,-38.67049047684413],[-73.077399080474791,-38.670135800529451],[-73.077205412667425,-38.669776742770814],[-73.077056962452986,-38.669418392316281],[-73.077015242762684,-38.669287037761066],[-73.07698119133012,-38.669133279743242],[-73.076944564998783,-38.668920953672057],[-73.076890409897999,-38.668501095733838],[-73.076843610867442,-38.668288608607092],[-73.076671760861799,-38.66792081784822],[-73.076352041031356,-38.667627252184801],[-73.076027926132809,-38.667392127322124],[-73.075891380549251,-38.667286291067782],[-73.075888907796354,-38.667284164388406],[-73.07562740982307,-38.667061167372466],[-73.075422884250415,-38.666837066620502],[-73.07522435499321,-38.66655446643842],[-73.075031358642448,-38.666276468691734],[-73.074851000597917,-38.666012196637617],[-73.074382388136428,-38.665378289093333],[-73.07426613224483,-38.665187112724574],[-73.074165336362114,-38.665059367927846],[-73.074049596228704,-38.664877248431836],[-73.07392993995623,-38.664704046226426],[-73.073846866198934,-38.664590070457628],[-73.073573714288059,-38.664247649416261],[-73.073520989859546,-38.664179246093497],[-73.07347466971369,-38.664110914926205],[-73.073393582515791,-38.663947360193077],[-73.073262810035217,-38.663679363094836],[-73.073151029455431,-38.663402735648596],[-73.073056869019183,-38.663186216322813],[-73.073056324860744,-38.663184908005285],[-73.072956594415515,-38.663021117813742],[-73.072791889629201,-38.662788612960597],[-73.072722765546828,-38.6624991341805],[-73.072695760312754,-38.662192322685804],[-73.072677152305161,-38.661867656917366],[-73.072731975306084,-38.66156669770541],[-73.072753645525381,-38.661265272223552],[-73.072589308734379,-38.661019251598788],[-73.072457635365424,-38.660841375955023],[-73.072397411412922,-38.660624115234548],[-73.072359797464458,-38.660470333112208],[-73.07236441508914,-38.66037587563838],[-73.072364625301574,-38.660371293532272]]},"properties":{"FID":4,"nombre":"SECTOR COSTA ETAPA II","empresa_01":"CONSTRUCTORA SIERRA NEVADA S.A.","f_inicio":"05-FEBRERO 2024","f_termino":"09-DICIEMBRE-2027","monto":"8.398.869.303","Activo":"69E355","NOMBREFEMN":"LOS\u00A0NOTROS\u00A0-\u00A0VISTA\u00A0HERMOSA","ROL":"S/R-S-182","CARPETA":"Ripio","N_MOP":"13","Shape_Le_1":2.5206409279200002,"long_km":2.5206409279200002}},{"type":"Feature","id":5,"geometry":{"type":"LineString","coordinates":[[-72.812284845253217,-38.742011366389889],[-72.812973641876951,-38.74179366430311],[-72.81510602931327,-38.741375633996114],[-72.818727129276184,-38.740069526500349],[-72.820949749369845,-38.739080635537029],[-72.823097656730482,-38.738147572976956],[-72.825257554822755,-38.736813923233953],[-72.826993035906014,-38.735014525756483],[-72.828199766926872,-38.733777667523803],[-72.828735995191181,-38.732849089075415],[-72.828828446380072,-38.732765185106715],[-72.828924390034558,-38.732681387397207],[-72.829030830292382,-38.732584258275416],[-72.829132618662072,-38.732500564468232],[-72.829213021675315,-38.732434468774301],[-72.829293946761467,-38.732372857262526],[-72.829386324543606,-38.732266449011725],[-72.829451274704525,-38.732209125112028],[-72.829549340908883,-38.732129831824174],[-72.829657058317366,-38.732037235510234],[-72.829754780135303,-38.731944450749793],[-72.829856838373104,-38.731851744634739],[-72.829966585720612,-38.731763656659751],[-72.830133593672471,-38.731613625146458],[-72.830286611869084,-38.731476818527192],[-72.830446294258877,-38.731353665378641],[-72.830618777039248,-38.731212677567356],[-72.830842076063917,-38.731104186162995],[-72.831008454631274,-38.731021691415059],[-72.831213019416808,-38.730939861000699],[-72.831299404539052,-38.730909945106973],[-72.831387298044035,-38.730880054438018],[-72.831401935540896,-38.730877212101142],[-72.831576077751308,-38.730843014665361],[-72.831975343477595,-38.730787333307404],[-72.832181419938124,-38.730746109176529],[-72.832513790680594,-38.730693728884852],[-72.832872038137609,-38.730637324158053],[-72.8329877992999,-38.730612420024663],[-72.833280426456497,-38.730563777759762],[-72.833681124507066,-38.730485611911419],[-72.834129564091796,-38.730394807702829],[-72.834575987496692,-38.730276914385726],[-72.834981393989807,-38.730158300870379],[-72.835373702810472,-38.730048454578281],[-72.835788438538998,-38.72992997499955],[-72.8361615934339,-38.729810793364287],[-72.836595496999095,-38.729679136749887],[-72.837060160474735,-38.729525585005774],[-72.837553054387882,-38.729368004461811],[-72.838027761866527,-38.729219137161785],[-72.838525587246878,-38.729088618040777],[-72.838979822650884,-38.728970894541249],[-72.839465604122267,-38.72885825588682],[-72.839855050286332,-38.728770845744037],[-72.839894588034682,-38.72875102484474],[-72.839993755203622,-38.72870135010546],[-72.840226095136714,-38.728529971022503],[-72.84050394163387,-38.728300793805133],[-72.840702115175077,-38.728142270881989],[-72.840813760437086,-38.728040754141574],[-72.840884445833467,-38.72798345669456],[-72.840947441399535,-38.727921541674718],[-72.84111666416355,-38.727794075303777],[-72.841283229338643,-38.727657472622063],[-72.841535313100678,-38.727450392433767],[-72.841755791264163,-38.727265233185378],[-72.841953436145332,-38.727102224639324],[-72.842162002317878,-38.726930369188977],[-72.842368630416928,-38.726754003915097],[-72.842564625010979,-38.726595401434253],[-72.84275986572662,-38.726436823439649],[-72.843007469019724,-38.72623416693142],[-72.843283365255715,-38.726000547069795],[-72.843314754493747,-38.725975027803088],[-72.843543491312559,-38.725789065060624],[-72.843764191379719,-38.725599468348655],[-72.843993666709949,-38.725450533865434],[-72.844260893899573,-38.725432880100733],[-72.844413035077579,-38.725440192648264],[-72.84441379048279,-38.725440240821705],[-72.844689409015089,-38.725454333963562],[-72.844934234247958,-38.725463315556802],[-72.845237992650738,-38.725473454483648],[-72.845584044041061,-38.725488840579224],[-72.845785509663074,-38.725506037706921],[-72.846042054562631,-38.725533299740896],[-72.84636686643799,-38.725561853565736],[-72.846620095636439,-38.725579999593172],[-72.846936502458917,-38.725599383869522],[-72.847364881051163,-38.725625259422955],[-72.847575912090463,-38.7256381533075],[-72.847816403503927,-38.725647123827805],[-72.848121533071463,-38.725661711822433],[-72.848476653148424,-38.725686309083557],[-72.848840752581012,-38.725697474783473],[-72.849182468815144,-38.725712772229592],[-72.849619701341069,-38.725729861468949],[-72.849955355683079,-38.725758564297173],[-72.850291049848522,-38.725782763502615],[-72.850579587321008,-38.725797080408569],[-72.850584414605507,-38.725797511591388],[-72.850874886483595,-38.72582504554881],[-72.851266061974357,-38.725845714725175],[-72.851632821317949,-38.725866007615082],[-72.85194347406339,-38.725885198675826],[-72.852339743276346,-38.725905991227641],[-72.852667655674537,-38.725925570543772],[-72.852986231117185,-38.725944940456117],[-72.853432000941879,-38.725966604499945],[-72.853851396564991,-38.726005813184592],[-72.854166123372579,-38.726034161044979],[-72.85439342619469,-38.726051818678016],[-72.854718644606265,-38.726066832177828],[-72.854934941129187,-38.726070757601008],[-72.855239319507405,-38.72608535197606],[-72.85566425456399,-38.726106662067878],[-72.856093297218436,-38.726132557477904],[-72.856473056812106,-38.726175574448995],[-72.856554468309739,-38.726176058550109],[-72.856836016557978,-38.726177750619399],[-72.8573635906981,-38.726205404188065],[-72.857960849698685,-38.726234440831817],[-72.858279560876753,-38.726249290909095],[-72.85841595751252,-38.72625629397929],[-72.858705776641258,-38.726275122221807],[-72.859147560871079,-38.726310178211264],[-72.85967359129927,-38.726342373063417],[-72.860120509639557,-38.726373048449645],[-72.860537526644379,-38.726394233683749],[-72.860906722835423,-38.726405488446829],[-72.861271570637598,-38.726439169546644],[-72.861783175532196,-38.726471093603429],[-72.862052376680623,-38.726507567922098],[-72.86234496069693,-38.726630042059298],[-72.862782537380724,-38.726854266401055],[-72.863185606993426,-38.727077860863226],[-72.863493493726693,-38.727241220959449],[-72.863825118884293,-38.727449985119001],[-72.864183957376795,-38.727663750024341],[-72.864458892267066,-38.727799420975437],[-72.864726702256931,-38.727930455897521],[-72.865149610109285,-38.728140916672444],[-72.865680102225781,-38.728407360086663],[-72.866317804806087,-38.728698362183906],[-72.8668461384663,-38.728964797895003],[-72.867223268868699,-38.729136699852887],[-72.867227035529524,-38.729138420205281],[-72.867610629781382,-38.729316600212883],[-72.868057312771057,-38.729527442968056],[-72.868542224350776,-38.729757086830325],[-72.868954669406563,-38.729958287686564],[-72.869205505790049,-38.730079987106635],[-72.86936649768343,-38.730155005793833],[-72.869691310691252,-38.73030509588839],[-72.870162689933807,-38.7305299424551],[-72.87067101419116,-38.730768984065946],[-72.87118991615273,-38.731017190553054],[-72.871610031438792,-38.731227571923185],[-72.872028593718284,-38.731464935827368],[-72.872382651607779,-38.731669609924467],[-72.872669379717195,-38.731818962369644],[-72.872878165527794,-38.731908402493019],[-72.87292199573713,-38.731926280452768],[-72.873143085659308,-38.732016787446213],[-72.873510429544453,-38.732212679655632],[-72.873764844018993,-38.73255524453706],[-72.873945632152925,-38.732882838400755],[-72.874126478731782,-38.733160992026065],[-72.874293514337268,-38.733443293022724],[-72.874511786928295,-38.733767132962392],[-72.874788901648458,-38.734168636551871],[-72.87520424696595,-38.734563630934694],[-72.875554253477347,-38.734835723383334],[-72.87572848679612,-38.734974046120229],[-72.876082087072945,-38.735246313168588],[-72.876446784472492,-38.735554735067517],[-72.876810429452192,-38.73587669378562],[-72.877227207410144,-38.736294286300435],[-72.87737049600527,-38.736424705493462],[-72.877373570680078,-38.736427554571982],[-72.877601873499373,-38.736607390944378],[-72.877874738185724,-38.736815039459266],[-72.878283615377811,-38.737088266852865],[-72.878738209391997,-38.737398417562844],[-72.879236650233764,-38.737731827075841],[-72.879782222741511,-38.737980435814038],[-72.880304312719161,-38.738075532769386],[-72.880725465959046,-38.73812823553687],[-72.880860470925398,-38.738135183773267],[-72.880978478405169,-38.738155314907829],[-72.881249551755261,-38.738133241433005],[-72.881687830381168,-38.738069082541521],[-72.882236729577642,-38.737984418866851],[-72.882764349041011,-38.737917358127014],[-72.883189178354868,-38.73787105450802],[-72.88349414085728,-38.737845043954721],[-72.883695289422135,-38.737826102521147],[-72.883933918436469,-38.737803405451324],[-72.884252330651421,-38.737759605724634],[-72.884679324517876,-38.737713298910329],[-72.885140340204941,-38.737658552611698],[-72.885589854780875,-38.737581091952819],[-72.885980205809503,-38.737484569913782],[-72.886289575889521,-38.737282939384713],[-72.886418909360884,-38.737213183709429],[-72.886424425332351,-38.737208942259223],[-72.886741105717732,-38.736966705709548],[-72.887122506016397,-38.736712351752075],[-72.887528230929362,-38.736458366873372],[-72.887920332903548,-38.736231177302614],[-72.888292217201013,-38.736030705457722],[-72.888672900089205,-38.735870892335598],[-72.888962181758671,-38.735813071895279],[-72.889459112549915,-38.735736451845732],[-72.890037627145531,-38.735647739408641],[-72.890562960288975,-38.735558140665127],[-72.890971129780468,-38.735493401313384],[-72.891165275597658,-38.735465383980667],[-72.891694281014253,-38.735375804939217],[-72.892230887170442,-38.73529091445598],[-72.89263777097338,-38.735221637232186],[-72.893253130357976,-38.735124597030286],[-72.893891367431777,-38.735009966657969],[-72.894410541283889,-38.73493376414271],[-72.894735736590391,-38.734876502529382],[-72.894742655905674,-38.734875533320995],[-72.895124966759894,-38.734820496180326],[-72.895431888611682,-38.734771958947746],[-72.895582273780661,-38.734743106442217],[-72.895798104660628,-38.734715464671901],[-72.896107459896044,-38.734657988768717],[-72.896507825591158,-38.734588546379612],[-72.897040663816824,-38.73451254022649],[-72.897619522655717,-38.734459935260183],[-72.898065118626874,-38.734440923532148],[-72.898615341886014,-38.734383219423293],[-72.899268839608709,-38.734313871693978],[-72.899907683432502,-38.734248773873063],[-72.900492021151422,-38.734182689661097],[-72.900945012059609,-38.734204371997237],[-72.901515213560955,-38.734250616019679],[-72.902134224672366,-38.734302235149826],[-72.902370899355432,-38.734320075184307],[-72.902517889989809,-38.734336189675609],[-72.902951813698735,-38.73437097188588],[-72.903511799564257,-38.734421605566197],[-72.904025860372741,-38.734471338059755],[-72.904124535953514,-38.734491133300693],[-72.904528122641011,-38.734556955278116],[-72.904828827620506,-38.73459839886501],[-72.904965598379533,-38.734618837676258],[-72.905115950514627,-38.734639559449136],[-72.905467804156928,-38.734677445545032],[-72.906001652676792,-38.734741043318635],[-72.906587315623796,-38.734823639158577],[-72.907110291241523,-38.734914084665931],[-72.907438739659568,-38.734964997352961],[-72.907627420234292,-38.735004429462009],[-72.90801424638677,-38.735078916444088],[-72.90850797604655,-38.735182362241154],[-72.908959230413089,-38.735267011487522],[-72.909027433081263,-38.735279041742004],[-72.909101535263716,-38.735292129020898],[-72.909480309926707,-38.735370938993256],[-72.909784302462086,-38.735425911024599],[-72.910194410524269,-38.735514367999379],[-72.910782090490784,-38.735628529067448],[-72.911332724695939,-38.735728432773918],[-72.911655755125494,-38.735797298269645],[-72.911773012324318,-38.735817422758785],[-72.911963372241914,-38.735847862950081],[-72.912283607478514,-38.735912096757843],[-72.91274969830576,-38.736006047498499],[-72.913280251261142,-38.736105582475837],[-72.91376475454625,-38.736208872043086],[-72.914135618753718,-38.736287563613097],[-72.914565327135563,-38.736367305083277],[-72.914862159263649,-38.736422134372404],[-72.915124822017646,-38.736467114856929],[-72.915126816109904,-38.736467417144262],[-72.915527467561773,-38.736560156858673],[-72.916035868626153,-38.736659314865122],[-72.916595196014271,-38.736759419195607],[-72.91709992294912,-38.736858548534805],[-72.917594688779658,-38.736952919076366],[-72.917813554927847,-38.736992870030669],[-72.917907899929475,-38.737012577419925],[-72.918085085984004,-38.737051787013499],[-72.918301650906145,-38.737096167949986],[-72.918762039821132,-38.737185488913561],[-72.919269691370559,-38.737284584423328],[-72.919710654963495,-38.737373521533613],[-72.919898688545487,-38.7374129539403],[-72.92018764111188,-38.737463090927662],[-72.920561183838501,-38.737550894222963],[-72.921023614453929,-38.737644712740185],[-72.921546362388028,-38.737744103028817],[-72.922129733450021,-38.737858054955119],[-72.92269801930226,-38.737971773658167],[-72.923306314097943,-38.738095212913798],[-72.92365431591584,-38.738168960174264],[-72.923661927963821,-38.738170327161512],[-72.923763753974896,-38.738188967084064],[-72.924171945356576,-38.738272789996621],[-72.924722979841974,-38.738386193338087],[-72.925235386974975,-38.738494399422393],[-72.925563073265735,-38.738549786411767],[-72.925722140713148,-38.738565982580766],[-72.925723657842553,-38.738566152777949]]},"properties":{"FID":5,"nombre":"SECTOR CHOL CHOL ORIENTE ETAPA I","empresa_01":"INGENIERÍA Y SERVICOS VIALCOR LTDA.","f_inicio":"29-DICIEMBRE-2023","f_termino":"08-DICIEMBRE-2027","monto":"9.841.848.986","Activo":"69E376","NOMBREFEMN":"LABRANZA\u00A0-\u00A0IMPERIAL\u00A0POR\u00A0EL\u00A0ALTO","ROL":"S-266","CARPETA":"Ripio","N_MOP":"32","Shape_Le_1":11.1756954428,"long_km":11.1756954428}},{"type":"Feature","id":6,"geometry":{"type":"LineString","coordinates":[[-72.887475121195877,-38.703775183643558],[-72.887293565247219,-38.703860201944487],[-72.88729310394514,-38.703860364805088],[-72.88593768682793,-38.704336477625112],[-72.878372959155328,-38.706993411800497],[-72.876571975444307,-38.707625889628765],[-72.875263601297135,-38.7077102031175],[-72.874817675546893,-38.707697554505678],[-72.872689716268013,-38.707816563356396],[-72.872289652184463,-38.707831825196578],[-72.872020379910964,-38.707848576808587],[-72.872010337125957,-38.707849204900697],[-72.871806216150006,-38.707849997135497],[-72.871430167343092,-38.707879217079984],[-72.870377269288753,-38.70774205258693],[-72.869441793640263,-38.707437177812302],[-72.868715958231292,-38.70699636849627],[-72.867556016578064,-38.706344512129682],[-72.867277177623677,-38.706222259003511],[-72.867036239572201,-38.706132248736701],[-72.866842261024075,-38.706032935772924],[-72.866670330610887,-38.705933851022209],[-72.866271138026349,-38.705830632713756],[-72.865850702697969,-38.705850384352551],[-72.865565361365682,-38.706037069998068],[-72.86532867943076,-38.706326332711321],[-72.865256753381857,-38.707171962006427],[-72.865221107863974,-38.707333483432606],[-72.865164864085585,-38.707436066198177],[-72.865085083677315,-38.707556250690033],[-72.865012332642436,-38.707681073248466],[-72.864736372716933,-38.708527479965987],[-72.86470712633745,-38.708587625498474],[-72.864697294140996,-38.708607874317352],[-72.864658442809585,-38.708683759480763],[-72.864652584369907,-38.708760250118985],[-72.864614848031366,-38.709083878497815],[-72.864659604607141,-38.709440637031044],[-72.86459679579886,-38.709763841527923],[-72.864565307823682,-38.710074128723249],[-72.86419303616546,-38.710774596297931],[-72.864095186333017,-38.711115192639234],[-72.863962931533564,-38.711572258677784],[-72.863826059679937,-38.712114923867667],[-72.863068015268468,-38.713105376098824],[-72.863070781052613,-38.713317424796635],[-72.863141639842993,-38.713643066749867],[-72.863215187012926,-38.713995848537444],[-72.863251626923102,-38.714172175642545],[-72.863352918246832,-38.714800227448478],[-72.863399073904333,-38.715062417614966],[-72.863468111514607,-38.715252867014712],[-72.863522479117393,-38.715407055170225],[-72.863588123035555,-38.716196626366369],[-72.863501925216667,-38.716605017479978],[-72.863364881826143,-38.716908835700082],[-72.863306946177474,-38.717020402214253],[-72.863306777459968,-38.717020776666139],[-72.863206340889505,-38.717212258880757],[-72.86302691523791,-38.717542346508097],[-72.862882629445267,-38.717801024621878],[-72.862766401195586,-38.718010590776736],[-72.862731786082605,-38.71808655709534],[-72.862695891290556,-38.718157991187141],[-72.862535663335464,-38.718470397411394],[-72.862466833701546,-38.718608813475335],[-72.861941156363315,-38.718985772264467],[-72.861546506288406,-38.719440004566884],[-72.861201199702236,-38.719783987872525],[-72.86098597633935,-38.719937722025051],[-72.860923895821259,-38.719995190362063],[-72.860529163964017,-38.720528522627852],[-72.860421590963739,-38.720760822081907],[-72.860301613232934,-38.720902773095126],[-72.860299280110922,-38.720906686848522],[-72.860034572890697,-38.721339572859847],[-72.859537597551423,-38.72173763468615],[-72.859142608721811,-38.722093437804816],[-72.859042164115621,-38.722159182957334],[-72.858867404816436,-38.722331646300546],[-72.858718665041906,-38.722473070429515],[-72.858564051812863,-38.722596389352304],[-72.858360399362184,-38.722772832163542],[-72.858186693155133,-38.722954409741],[-72.858140053326096,-38.723286446994237],[-72.858340471835419,-38.723534392092439],[-72.858644891767838,-38.723784284927966],[-72.858703253410397,-38.724072121192918],[-72.858648659964686,-38.724336905202179],[-72.858615543232972,-38.724529995892695],[-72.858334497790722,-38.725903401852506],[-72.858310175868198,-38.726114649143973],[-72.858391793557558,-38.726223887659422],[-72.85841595751252,-38.72625629397929]]},"properties":{"FID":6,"nombre":"SECTOR CHOL CHOL ORIENTE ETAPA I","empresa_01":"INGENIERÍA Y SERVICOS VIALCOR LTDA.","f_inicio":"29-DICIEMBRE-2023","f_termino":"08-DICIEMBRE-2027","monto":"9.841.848.986","Activo":"69E834","NOMBREFEMN":"PATA\u00A0DE\u00A0GALLO\u00A0-\u00A0CUZACO","ROL":"S-274","CARPETA":"Ripio","N_MOP":"33","Shape_Le_1":4.5334791184699998,"long_km":4.5334791184699998}},{"type":"Feature","id":7,"geometry":{"type":"LineString","coordinates":[[-72.887475121195877,-38.703775183643558],[-72.887228996834551,-38.703739179401936],[-72.886896980380754,-38.703616087293497],[-72.88634241097148,-38.703412299859558],[-72.885728718371908,-38.703144438291915],[-72.885435183123448,-38.703008476489153],[-72.8845968717185,-38.702583388908884],[-72.883931264700593,-38.702246925153524],[-72.883567375781851,-38.702060171602724],[-72.883559472740799,-38.70205681897383],[-72.883466584769494,-38.70201777600893],[-72.883328510795749,-38.701947695405671],[-72.882728240876006,-38.701711615963482],[-72.881790886491032,-38.701329720702454],[-72.881275312398003,-38.701122102790393],[-72.881092267760167,-38.701042225472207],[-72.88094398166858,-38.700976465789012],[-72.880829131331268,-38.700924794482781],[-72.880722199657384,-38.700895881999202],[-72.880292421749871,-38.700775430063324],[-72.880062985598826,-38.700708233630081],[-72.87997099569678,-38.700683989467187],[-72.879713032643039,-38.700634268825141],[-72.87961936683584,-38.700619081937027],[-72.878994561008838,-38.700508646986002],[-72.878138241254419,-38.700353434781206],[-72.878135961620657,-38.700353068120535],[-72.877855867994754,-38.700303266927889],[-72.877727083903338,-38.700282898751382],[-72.876790948725258,-38.70008118511101],[-72.876522511876374,-38.700022287381429],[-72.875487857476784,-38.699724146584678],[-72.875297746166453,-38.699666630031672],[-72.875103478949214,-38.699577522648241],[-72.874673063633693,-38.699380478548001],[-72.874585417003615,-38.699356380328496],[-72.874307428486304,-38.699279199152052],[-72.874191300577735,-38.699245568614018],[-72.873731485555666,-38.699048020622222],[-72.872868821813398,-38.698649332703432],[-72.871952850795537,-38.698398432379363],[-72.871030647001731,-38.69813835950044],[-72.870144581095786,-38.697897004744661],[-72.869343372692697,-38.697729200783932],[-72.868825249628415,-38.697733235652755],[-72.868824403704906,-38.6977332634794],[-72.86853982041805,-38.697732583219562],[-72.868035750440512,-38.697768467787952],[-72.867933504289851,-38.697775618677134],[-72.867769385095116,-38.697786072155345],[-72.867650417912756,-38.697797465346582],[-72.867326914038216,-38.697827587044735],[-72.867017870471244,-38.697853465594683],[-72.866813108885609,-38.697876775534361],[-72.866505343350966,-38.697907185776373],[-72.86630491736409,-38.697930572155279],[-72.866090421097539,-38.697967189958504],[-72.866000067198428,-38.69798361085418],[-72.865438264100163,-38.698076957478897],[-72.864696612866254,-38.698414811362689],[-72.864023456314285,-38.698916047855576],[-72.863524888419477,-38.699298903684053],[-72.863343347261747,-38.699435220078144],[-72.863047945724205,-38.699655068188093],[-72.862804706469916,-38.699785751386273],[-72.862274066184668,-38.700159037255922],[-72.861931420270693,-38.700251832595434],[-72.861719072154074,-38.70031102386865],[-72.861678868904065,-38.700321577562164],[-72.86157422247399,-38.700348946101656],[-72.860895742972673,-38.700521246053718],[-72.860505933156887,-38.7005321431553],[-72.860057966435505,-38.700541935473147],[-72.859904855154937,-38.700543603153122],[-72.859719281193449,-38.700549221071626],[-72.859571166662633,-38.700551018554641],[-72.859386348961351,-38.700556684933076],[-72.858970619635386,-38.700567104914143],[-72.858657759261121,-38.700574862278152],[-72.858545649562302,-38.700577312664322],[-72.858287363887712,-38.700586068895632],[-72.858188166649015,-38.700588756438769],[-72.857669257886045,-38.700615346966828],[-72.857439923709975,-38.700665204134616],[-72.857123013396574,-38.700735958866176],[-72.856997439775498,-38.700778697952266],[-72.856813296955536,-38.700856429040314],[-72.856573767972776,-38.70096011779264],[-72.856395373766802,-38.701037953628621],[-72.856262232479608,-38.701094075976705],[-72.856193268025336,-38.7011423972898],[-72.85612341258954,-38.701195175896835],[-72.856014670166644,-38.701274252630185],[-72.855943399837869,-38.701327003370359],[-72.855767105491296,-38.701454427796676],[-72.855762579415625,-38.70145782369184],[-72.855642876031226,-38.701546706869614],[-72.855545863074042,-38.701621558903646],[-72.855419333297689,-38.701718341287481],[-72.854690507121262,-38.702277073559905],[-72.854528534497888,-38.702404761620691],[-72.854332899070883,-38.702554368363423],[-72.854064573749952,-38.702756624372022],[-72.853862568680086,-38.702901645083209],[-72.85376465858549,-38.702980878901258],[-72.853470979199543,-38.703214297223091],[-72.853277370885507,-38.703368410333482],[-72.853141096363103,-38.703478498882262],[-72.852449969257037,-38.704024462850981],[-72.852268125734184,-38.704169774561365],[-72.852062609306898,-38.70433719140506],[-72.851908678306827,-38.704460478622586],[-72.851837536636879,-38.704508722119996],[-72.851728384558115,-38.704601384816364],[-72.85147932862607,-38.704808533695072],[-72.851242831701924,-38.705002354934706],[-72.850998288241101,-38.705200646469436],[-72.850845768262786,-38.705323959977449],[-72.850825511770338,-38.705341303785993],[-72.850768336595578,-38.705390118788472],[-72.850519932380251,-38.705597244184844],[-72.850246578413604,-38.705822015663223],[-72.849978311847991,-38.706046839514045],[-72.849681276201991,-38.706293641451957],[-72.849374303992761,-38.706513247445926],[-72.849121897585761,-38.706661766265157],[-72.849042971710261,-38.706705394684732],[-72.84878008580786,-38.706844666224455],[-72.848692351746081,-38.706892642892797],[-72.848426750500309,-38.706977841713311],[-72.848250512759449,-38.707033163138171],[-72.848134779908207,-38.707080586067534],[-72.847930396980416,-38.707162438966698],[-72.847806219332327,-38.707205196359695],[-72.847684871080119,-38.70724800752464],[-72.847555699503332,-38.707290707824107],[-72.847425637407042,-38.707337865246458],[-72.847313713113962,-38.707380809037495],[-72.847199392738403,-38.707428257941338],[-72.847083000159358,-38.70747570189917],[-72.846931698261045,-38.707535955198821],[-72.846760710417854,-38.707604899283645],[-72.846569372250741,-38.707682482178782],[-72.846469082207648,-38.707721130696235],[-72.846335826575398,-38.70777724656061],[-72.845987889266269,-38.707916435662078],[-72.845948150806038,-38.707932280632484],[-72.84579977336648,-38.707992657521423],[-72.845527738385528,-38.708100272406128],[-72.845138552321757,-38.708255280410491],[-72.844347352424123,-38.70856505046379],[-72.844243655095937,-38.7085946598324],[-72.844041969309046,-38.708658486098209],[-72.843898370159707,-38.708700919757277],[-72.843739416249704,-38.708752048823698],[-72.843652446817146,-38.70877749170878],[-72.843560249127563,-38.708807311728769],[-72.84318086560603,-38.708899417546569],[-72.842947777992606,-38.708953724088865],[-72.84276246748864,-38.708999816919992],[-72.842574103164338,-38.709050436674559],[-72.84244085527564,-38.709083969002208],[-72.842273497582255,-38.709125927808785],[-72.84217578105148,-38.709151206311908],[-72.842068497248931,-38.709180710569235],[-72.841936667261606,-38.709214342380456],[-72.841627350985462,-38.709294250079815],[-72.841186215496663,-38.709457226365437],[-72.840837417009666,-38.709585950844726],[-72.840577139283113,-38.709684756328144],[-72.840570120015116,-38.709687347777681],[-72.840202802333948,-38.709821993092461],[-72.840006320938528,-38.709904013968043],[-72.839761121493822,-38.710003059326013],[-72.839588043284863,-38.710071914463889],[-72.839355085359827,-38.710193799529186],[-72.839054336151705,-38.710345879695673],[-72.838898627393093,-38.71043312619198],[-72.838791284843339,-38.710489708855533],[-72.838266472602655,-38.710759319778241],[-72.83750969892489,-38.710948006793913],[-72.837237833425291,-38.711096180800624],[-72.836731544663593,-38.711226453793088],[-72.836534706819208,-38.711294904194069],[-72.835978072316777,-38.711496336747544],[-72.835680584665042,-38.711589934259855],[-72.83522130040177,-38.711734594766313],[-72.835086612971864,-38.71179067016535],[-72.834848042114245,-38.711885355967929],[-72.834618711497669,-38.711980253923748],[-72.834555384846283,-38.711990081390205],[-72.834309002836534,-38.712028574036466],[-72.834019280062165,-38.712077270027471],[-72.833814792242094,-38.712064430972092],[-72.833644149116608,-38.712052251349292],[-72.833395305434991,-38.712034153555557],[-72.833304591726574,-38.712014405126688],[-72.832952744721723,-38.711908780088507],[-72.832654938977001,-38.711822189565019],[-72.83238919575534,-38.711745169995496],[-72.832295038630576,-38.711720885069568],[-72.832000682140063,-38.711638901703999],[-72.831885960733999,-38.711605182246267],[-72.831439303045755,-38.711475289470648],[-72.831140608551209,-38.711393150478585],[-72.830837579336233,-38.711310932077986],[-72.830375567722939,-38.711189729142077],[-72.829889531449467,-38.711077133736353],[-72.829527679071049,-38.710993816107909],[-72.82942147834838,-38.710987337694796],[-72.828971476591335,-38.710893405960071],[-72.828643584425606,-38.710828747120402],[-72.827825478721195,-38.710786505641366],[-72.82715944052336,-38.710756097870622],[-72.826925534282097,-38.710814826143334],[-72.826831354483261,-38.710839460071185],[-72.826829219603354,-38.710840045694951],[-72.826611191847917,-38.710894564291053],[-72.826461288072849,-38.711004404487873],[-72.826191480382121,-38.711202146069645],[-72.826036073968851,-38.711325374591603],[-72.825920944068088,-38.711426843312566],[-72.825858219555798,-38.711479738746441],[-72.825751939835939,-38.711572357949471]]},"properties":{"FID":7,"nombre":"SECTOR CHOL CHOL ORIENTE ETAPA I","empresa_01":"INGENIERÍA Y SERVICOS VIALCOR LTDA.","f_inicio":"29-DICIEMBRE-2023","f_termino":"08-DICIEMBRE-2027","monto":"9.841.848.986","Activo":"69E023","NOMBREFEMN":"PATA DE GALLO - MALALCAHUELLO","ROL":"S/R-S-264","CARPETA":"Pavimento Básico","N_MOP":"3","Shape_Le_1":6.0754283572899999,"long_km":6.0754283572899999}},{"type":"Feature","id":8,"geometry":{"type":"LineString","coordinates":[[-72.888933278715697,-38.70368192147982],[-72.888744947291144,-38.703796058653566],[-72.888638826702817,-38.703818704281559],[-72.888536481050195,-38.70382587584988],[-72.888397974157613,-38.703874687377791],[-72.888220140391539,-38.703894629594025],[-72.888019165482788,-38.703897632705662],[-72.887475121195877,-38.703775183643558]]},"properties":{"FID":8,"nombre":"SECTOR CHOL CHOL ORIENTE ETAPA I","empresa_01":"INGENIERÍA Y SERVICOS VIALCOR LTDA.","f_inicio":"29-DICIEMBRE-2023","f_termino":"08-DICIEMBRE-2027","monto":"9.841.848.986","Activo":"69E355","NOMBREFEMN":"LOS\u00A0NOTROS\u00A0-\u00A0VISTA\u00A0HERMOSA","ROL":"S/R-S-182","CARPETA":"Ripio","N_MOP":"13","Shape_Le_1":0.13477828958599999,"long_km":0.13477828958599999}},{"type":"Feature","id":9,"geometry":{"type":"LineString","coordinates":[[-72.947219193025418,-38.782005239568797],[-72.947314728049975,-38.781988611844021],[-72.947414133766358,-38.781958759856963],[-72.94756970391407,-38.781902953388752],[-72.947800391501829,-38.781834939013272],[-72.948053823089353,-38.781753758477521],[-72.948283735739764,-38.781663191714813],[-72.948412808907847,-38.78162945743145],[-72.948530127470562,-38.781577452448808],[-72.948553504317587,-38.781570611378335],[-72.948646931624452,-38.781543469101742],[-72.94878563527206,-38.781496348212976],[-72.948963564827281,-38.78144089012681],[-72.949190788912105,-38.781368268194271],[-72.949444478022016,-38.781278148062391],[-72.949643423261577,-38.781214082527555],[-72.949764823318503,-38.781171161066624],[-72.949880373570792,-38.781128143121762],[-72.950081485629411,-38.781064077014285],[-72.950351905452266,-38.780969700004853],[-72.950677502849587,-38.780853752536096],[-72.951043522345032,-38.780734074607665],[-72.951429616059983,-38.780592170083281],[-72.951817657247673,-38.780454846881057],[-72.952241206855533,-38.780313589142281],[-72.952652372465522,-38.780149581285613],[-72.952997551912389,-38.779925900961018],[-72.953309443728401,-38.779710579250349],[-72.953505145022163,-38.779511293496469],[-72.953537012830651,-38.779376735606647],[-72.953542125984626,-38.779273188813612],[-72.953566807630551,-38.779165510233412],[-72.953579698199675,-38.779146332050573],[-72.95365994122632,-38.779027474362323],[-72.953787978471127,-38.778903529422848],[-72.953880977877233,-38.778846588655078],[-72.954057395603073,-38.778714583968892],[-72.954158574599433,-38.778648732529511],[-72.954336903613992,-38.778525738891382],[-72.954480463568586,-38.778433659227026],[-72.954590080566234,-38.778349960382911],[-72.954742958569355,-38.778235502093167],[-72.954975120866408,-38.778068403094416],[-72.955238261814046,-38.77789730278981],[-72.955505357558067,-38.777739792173705],[-72.955641232081049,-38.777665605550162],[-72.955763133852898,-38.777604658398808],[-72.955983288914211,-38.777477883446977],[-72.956059771353779,-38.777420614952561],[-72.956210960132111,-38.777342146216547],[-72.956494438749488,-38.777189463873775],[-72.956791465913824,-38.777041486078232],[-72.956932080585389,-38.776976360643161],[-72.957244574288694,-38.776842172352396],[-72.95743851018095,-38.776750962621534],[-72.957765967937362,-38.776621504637134],[-72.957991510303145,-38.776530844700893],[-72.958079618959644,-38.776496350168017],[-72.958236711753571,-38.776436050622308],[-72.958319723304427,-38.776401432580037],[-72.958327655294582,-38.776398285993999],[-72.95863261888843,-38.776276303044938],[-72.958893698302177,-38.776177205003819],[-72.958998480528905,-38.776134027570599],[-72.959218506008256,-38.776061260924529],[-72.959398711643431,-38.7760013572452],[-72.959490053676234,-38.775975900638208],[-72.959699472394448,-38.775920980439835],[-72.959961828366446,-38.775853491143273],[-72.960125799685315,-38.775806828432536],[-72.960274706733259,-38.775755362995959],[-72.96043908951421,-38.775690607711383],[-72.960626994937769,-38.775635310234975],[-72.960925809609122,-38.775550495553802],[-72.96123638601523,-38.775456796510724],[-72.961446936937051,-38.775388332157149],[-72.961665660758698,-38.7753381111403],[-72.961985194911335,-38.775258124422933],[-72.962304226523202,-38.775169078848165],[-72.962461810074331,-38.775117759225445],[-72.962622721758876,-38.775075475456532],[-72.96286167977344,-38.774994090958174],[-72.963078597383827,-38.774880694036113],[-72.963208170980977,-38.774801917585378],[-72.963386725510631,-38.77466982667967],[-72.963490222120555,-38.774595034752089],[-72.963671703838543,-38.774463065606781],[-72.963711903703071,-38.774434989590084],[-72.963847834134654,-38.774339984532119],[-72.964105940773308,-38.774168814797434],[-72.964407422925305,-38.773962302541932],[-72.964642252227264,-38.773799743665137],[-72.96480723928596,-38.773689952023432],[-72.964892300176629,-38.773632903633839],[-72.965054456401418,-38.773523060516432],[-72.965265625391112,-38.773382627899167],[-72.965444580345576,-38.773259596242625],[-72.96551799823871,-38.77320677956795],[-72.965668519047469,-38.773101315667567],[-72.965848738338721,-38.772960310577048],[-72.96602177631074,-38.772846186353831],[-72.966226165114463,-38.772741620824242],[-72.966363805028919,-38.7726809390686],[-72.966530186168029,-38.772625257254241],[-72.966802369344734,-38.772539857420597],[-72.966958179838542,-38.772497520244464],[-72.967243417653208,-38.77240791339932],[-72.967594636774919,-38.772301378729743],[-72.967774858619265,-38.772236959670188],[-72.968005713664155,-38.772164399736035],[-72.968164828434439,-38.772108593680954],[-72.968297588960596,-38.772043278963643],[-72.968470394453234,-38.771960739522015],[-72.968724408871992,-38.771829984844899],[-72.968770273968047,-38.771803854493307],[-72.968801250047463,-38.771786272996394],[-72.969003995753198,-38.771686186395463],[-72.969134427449262,-38.771629878541859],[-72.969233939409847,-38.771595577286227],[-72.969318355242478,-38.771560977501586],[-72.969589152048854,-38.771471118335391],[-72.969973984767364,-38.771347127030864],[-72.970348626727315,-38.771222963703686],[-72.970456817588655,-38.77118880946901],[-72.970692668829827,-38.77111636878832],[-72.971060384093931,-38.771010074055475],[-72.971415966174391,-38.770899173960998],[-72.971529153358318,-38.770865069435082],[-72.971701817106137,-38.770814035926428],[-72.972057266011305,-38.770707565601654],[-72.972422277449951,-38.770596783736316],[-72.972700988637783,-38.770507016775959],[-72.972941043684571,-38.770439077606412],[-72.973301081177851,-38.770323666276227],[-72.97369590468378,-38.770199912461933],[-72.973836829029338,-38.770152761115519],[-72.974847322740985,-38.769751335765221],[-72.974878059440499,-38.769741360536429],[-72.974939532814716,-38.769721410053876],[-72.975152730465069,-38.769634976162216],[-72.975355174988323,-38.769548390663608],[-72.975464271391758,-38.769505199092066],[-72.975564031142909,-38.769461882572031],[-72.975677725081013,-38.769409826654901],[-72.975882241114704,-38.769323244583788],[-72.97618865491502,-38.769197919806118],[-72.976479092451513,-38.769076828147874],[-72.976726537084929,-38.768950412970234],[-72.976965932059741,-38.768828403660223],[-72.977236917064928,-38.768630424611764],[-72.977448951586197,-38.768507944172747],[-72.977543453492189,-38.768473512057845],[-72.977760609672671,-38.768373656744458],[-72.977932858059162,-38.768286547618629],[-72.978081707550857,-38.768212557129424],[-72.978169071204903,-38.768173498417703],[-72.978430600851226,-38.768056412187008],[-72.978670394429059,-38.767970467100994],[-72.978942796063023,-38.767876030065331],[-72.979223879163342,-38.767781813729762],[-72.979549365228166,-38.76766579152676],[-72.979784280308053,-38.767575213958111],[-72.979915889754707,-38.767523428489703],[-72.980175993736651,-38.767433319893939],[-72.980557989383016,-38.767304815518784],[-72.98098362791994,-38.767181536013396],[-72.981179365685406,-38.767118633680802],[-72.981183255097562,-38.76711739346613],[-72.981275958683369,-38.767096448365059],[-72.98160234777005,-38.766998466874114],[-72.982054681873791,-38.766875674352391],[-72.982412640263249,-38.766755658234736],[-72.982678902580261,-38.766674704093504],[-72.982995413730336,-38.76657203834538],[-72.98323582256306,-38.766490563589493],[-72.983507332595707,-38.766400647975757],[-72.98360874656133,-38.766375345191591],[-72.983824345977368,-38.766307038768915],[-72.984199939916365,-38.766200876840564],[-72.984567764452322,-38.766112614185545],[-72.98494769292374,-38.766033528179598],[-72.985351962079505,-38.765954939052271],[-72.985495070452075,-38.765930349981105],[-72.985664908562299,-38.765901749678484],[-72.985891412446222,-38.765851587145214],[-72.986135528613033,-38.765792778523682],[-72.986299733972686,-38.765759500157692],[-72.986547086062032,-38.765709729916615],[-72.98663493147842,-38.765686217105952],[-72.986752962277421,-38.765654736488422],[-72.986963616334492,-38.765604301436291],[-72.987056441953555,-38.765578845849774],[-72.987321935056244,-38.765524839808265],[-72.987485516206718,-38.765487153682507],[-72.987653652578004,-38.765444957635196],[-72.98792159975865,-38.765377510966523],[-72.988255738777696,-38.765288690699258],[-72.98842824546351,-38.765242065326014],[-72.988608299365154,-38.765155042159662],[-72.988941305981783,-38.76510676662933],[-72.989170223163782,-38.765047586361241],[-72.989556431291859,-38.76494613642032],[-72.98975579097123,-38.764890991269887],[-72.989974585463543,-38.764836213477295],[-72.990097094524842,-38.764802288954257],[-72.990237525499211,-38.764768637454175],[-72.990344030017653,-38.764743450573498],[-72.990451317550409,-38.764713734863591],[-72.990659009157227,-38.764667748285376],[-72.990868367061609,-38.764612774971255],[-72.991041501250891,-38.764570699590251],[-72.991286769017648,-38.764493837426741],[-72.991593542852868,-38.764404542426782],[-72.991977947941976,-38.764289495280678],[-72.992396345164806,-38.764170553635459],[-72.992596165601114,-38.764125423086242],[-72.992600447255256,-38.764124464948203],[-72.992803295262945,-38.764096421341407],[-72.993129781268522,-38.764047988415385],[-72.993484281771629,-38.763999996952556],[-72.993633015212893,-38.763980076284106],[-72.993907581518528,-38.763935189035244],[-72.994192371535533,-38.763886039878926],[-72.994582936341644,-38.763834155345783],[-72.994797921674945,-38.763810857889155],[-72.994992934370032,-38.763782636336167],[-72.995290520864131,-38.763738212050015],[-72.995399596093904,-38.763722007570401],[-72.995648192706511,-38.763681251572002],[-72.99595319707359,-38.763627937819066],[-72.99616713758347,-38.763591023933216],[-72.996511789808636,-38.763533842899385],[-72.99682830194493,-38.763480723280573],[-72.996986087327443,-38.763447428723545],[-72.997302219451029,-38.763407749501141],[-72.997640457185966,-38.763350490303893],[-72.997819619737271,-38.763321995059364],[-72.997954293189082,-38.763288310325493],[-72.998215555304213,-38.76325670700129],[-72.998551623481845,-38.763199444919429],[-72.998608408727591,-38.763200376220212],[-72.998737831990226,-38.763202582365743],[-72.998967114022875,-38.763156947114737],[-72.999155742163097,-38.763124141803971],[-72.999346416233379,-38.763095914327231],[-72.999536676930802,-38.763058624782758],[-72.999730677706566,-38.763012353291231],[-72.999943077742074,-38.76297998612084],[-73.000254579255042,-38.762899728090332],[-73.000504129443343,-38.762773339261663],[-73.000759631512267,-38.762714627085018],[-73.000843860722426,-38.762662007888736],[-73.001035782360049,-38.762588726517329],[-73.00122807122321,-38.762474849668614],[-73.001424328458071,-38.762374634562057],[-73.001658027052116,-38.762247974766503],[-73.001871923129812,-38.76216154213629],[-73.00198608316289,-38.762118373315992],[-73.002103114124637,-38.762097905946916],[-73.002493245645709,-38.762009929031542],[-73.002923400814623,-38.761904639999365],[-73.003319412338911,-38.761812325822923],[-73.003482438110709,-38.761770061788702],[-73.003602104078468,-38.761736073478495],[-73.003779466754523,-38.761694054901952],[-73.004102466251069,-38.761613983841841],[-73.004520609602636,-38.761526513752777],[-73.004964314237597,-38.761425991659394],[-73.005077846242017,-38.761405345304446],[-73.005078312517881,-38.76140525595207],[-73.005248038720708,-38.761363202050887],[-73.005500575984001,-38.761308934948573],[-73.005674229290378,-38.761271394160197],[-73.005816028280663,-38.761242251479153],[-73.006111169260507,-38.761179732104246],[-73.00642916254462,-38.761099531273977],[-73.006624539291295,-38.761057849047219],[-73.006968884743898,-38.760987145611139],[-73.007398145423281,-38.760886297522177],[-73.007957542311416,-38.760765189004722],[-73.008510087644638,-38.760653020198127],[-73.009001978565792,-38.76055326160855],[-73.009223195545587,-38.760511941446048],[-73.009363207311409,-38.760496359075425],[-73.009527924951087,-38.760467605031948],[-73.009825693410647,-38.760391557390015],[-73.010141012927974,-38.760329367857494],[-73.010519369748422,-38.760250253205292],[-73.010938661600534,-38.760171797262011],[-73.01114818264594,-38.760121947671074],[-73.011150786490489,-38.760121342334195],[-73.011244886827029,-38.760100398814053],[-73.011355618698687,-38.760075269065744],[-73.011538725687615,-38.760033336375862],[-73.011851994356718,-38.759966564168899],[-73.012109901957061,-38.759925896166905],[-73.012234561416548,-38.759892021731702],[-73.012371229965794,-38.759867253876678],[-73.012640300997759,-38.759835792358508],[-73.013310590528377,-38.759761608615733],[-73.013695236045379,-38.759714069776756],[-73.014131036715725,-38.759662925405586],[-73.01459365745788,-38.759607756906519],[-73.014819205253843,-38.759566498764372],[-73.015203599268261,-38.759527964813408],[-73.015403715279788,-38.759495328212623],[-73.015581448777965,-38.759466856041016],[-73.015863657372876,-38.759431098610278],[-73.016190387896401,-38.759396095538428],[-73.018560713256008,-38.758990283077623],[-73.018566985565144,-38.7589878538774],[-73.018719126108806,-38.758929931599468],[-73.018953199443217,-38.758839232120195],[-73.01926382295153,-38.758713872392029],[-73.019599657968627,-38.758584396933045],[-73.021055060316641,-38.758023445007154],[-73.021307679995459,-38.757937561038027],[-73.025169122399689,-38.756867663169537],[-73.025446794821676,-38.756786735799693],[-73.025579363399913,-38.756752943699745],[-73.025785173504829,-38.756697810318059],[-73.026142384032241,-38.756600265302119],[-73.026539946345238,-38.756476314065559],[-73.026906572100529,-38.756351879592046],[-73.027135381486602,-38.756270125715048],[-73.027286237378391,-38.756223084034929],[-73.027504078806899,-38.756145691881109],[-73.027619629679592,-38.756102597781961],[-73.027622700644841,-38.756101901744664],[-73.02771447511509,-38.756081690396705],[-73.02791556072367,-38.75601299185783],[-73.028217982696475,-38.755896451292024],[-73.028570541668657,-38.755758256484341],[-73.028793716782658,-38.755671898063227],[-73.029054200855342,-38.755563664653835],[-73.029316757730484,-38.755455433175896],[-73.029713002086098,-38.755299936998775],[-73.030132382017229,-38.755140320611353],[-73.030488612370306,-38.755002214258411],[-73.03089726377786,-38.754837874716358],[-73.031334928960703,-38.754665078672097],[-73.031742378936698,-38.754496203388058],[-73.031900257195005,-38.754426777257137],[-73.032131060605778,-38.754327088961141],[-73.032380808645726,-38.754214128571064],[-73.032403039058181,-38.754206979990627],[-73.032540459283425,-38.754162791304488],[-73.032696799923357,-38.75409784527826],[-73.032864616459065,-38.754037592124114],[-73.033054430179661,-38.753959683364208],[-73.03316038961556,-38.753925400379842],[-73.033288978544888,-38.753878013865894],[-73.033293233258334,-38.753876612250849],[-73.033505267188303,-38.753805091311627],[-73.033766782569614,-38.753710388558687],[-73.034175683133256,-38.75356410596914],[-73.034543522179632,-38.753421603190439],[-73.034902560354311,-38.753283461019414],[-73.035290732673133,-38.753132283628439],[-73.035716840708446,-38.752963781874357],[-73.035898481641254,-38.75289478306],[-73.0362149193774,-38.752764898844831],[-73.036600239742739,-38.752586663483463],[-73.036923548704195,-38.752384894603864],[-73.037051282650097,-38.752292377128768],[-73.037279356786826,-38.752129540523399],[-73.037608460294635,-38.751905286501021],[-73.037951990696143,-38.751726352837487],[-73.038168976091498,-38.7516308941305],[-73.03844276744698,-38.751531918497271],[-73.038722401813743,-38.751432962797047],[-73.038763519183817,-38.75142858809177],[-73.038941661930664,-38.751409584067375],[-73.039308488419564,-38.751379695812481],[-73.039755634435352,-38.7513872385829],[-73.040150490035742,-38.75138485867199],[-73.040260457380342,-38.751386658919685],[-73.040850657322721,-38.751369544183092],[-73.041493152664302,-38.751330767517707],[-73.042177306188208,-38.751297184302388],[-73.042772745243397,-38.751271098280711],[-73.043024110612464,-38.75125729896974],[-73.04339285473668,-38.751236406325127],[-73.043820916846215,-38.751203054571953],[-73.044308919793409,-38.751161647045151],[-73.044922598053532,-38.751099869693469],[-73.045536904583784,-38.751042568869472],[-73.046061989330269,-38.75098378367975],[-73.046215889052306,-38.750959337017832],[-73.046216542959925,-38.750959240725535],[-73.046371738123753,-38.75093939830753],[-73.04670033026504,-38.750913321270495],[-73.047115754482888,-38.750924812644506],[-73.047342635803517,-38.750964608841471],[-73.047610352625043,-38.751036707811629],[-73.047717956176811,-38.751070014848821],[-73.047869266694804,-38.751113095026284],[-73.048161553640142,-38.751208098181351],[-73.04839718518123,-38.751297613920315],[-73.048498134476418,-38.751339858448674],[-73.048657028424358,-38.751392045129542],[-73.048799928178397,-38.751452976016026],[-73.048964162263289,-38.751496270590721],[-73.049189825718798,-38.751581113904955],[-73.049380048308663,-38.751647411532765],[-73.049487259829931,-38.751698734310509],[-73.04958757484539,-38.751736425074029],[-73.04976667848949,-38.751816019941984],[-73.049878500121451,-38.75185390160631],[-73.05014251525516,-38.751930401391242],[-73.050271694969538,-38.75196863901693],[-73.050477372882213,-38.752021634509077],[-73.050727149928932,-38.752066310568217],[-73.051102843856839,-38.752081601489103],[-73.051479244273636,-38.752042783507697],[-73.051734191908025,-38.751952474717136],[-73.051825830130568,-38.751913434183699],[-73.052024026639373,-38.751817642599931],[-73.052156056777491,-38.751774764465196],[-73.052167640730573,-38.751771337108224],[-73.052242332168319,-38.751749190653527],[-73.052420291680079,-38.751738657274984],[-73.052698081648927,-38.751783832070181],[-73.05285081160828,-38.751826930383871],[-73.052940744377906,-38.751850959102306],[-73.053086180618266,-38.751898368790151],[-73.053286619693338,-38.751960320509163],[-73.053443860438179,-38.752021486478647],[-73.053549638522,-38.752045775993345]]},"properties":{"FID":9,"nombre":"HUAMAQUI ETAPA III","empresa_01":"INGENIERÍA Y SERVICOS VIALCOR LTDA.","f_inicio":"08-DICIEMBRE-2024","f_termino":"29-DICIEMBRE-2028","monto":"9.399.772.640","Activo":"69E464","NOMBREFEMN":"ALMAGRO\u00A0-\u00A0CARAHUE","ROL":"S-476","CARPETA":"Pavimento","N_MOP":"5","Shape_Le_1":10.104906919099999,"long_km":10.104906919099999}},{"type":"Feature","id":10,"geometry":{"type":"LineString","coordinates":[[-72.97679137633007,-38.740987807283062],[-72.976653015741206,-38.740805054195349],[-72.976621630301381,-38.740763598444545],[-72.97658741724986,-38.740719239188003],[-72.976692375025522,-38.740590448957711],[-72.976940452152661,-38.740310907947787],[-72.977181138271405,-38.74003575001003],[-72.977417706495046,-38.73975601050185],[-72.97764877769626,-38.739467234200809],[-72.977857994809256,-38.739187023991036],[-72.978039957451188,-38.738906339993953],[-72.978194092282706,-38.738665710806664],[-72.978250191430604,-38.738563081001836],[-72.978317258740361,-38.738456093307512],[-72.978332584247909,-38.738370791721593],[-72.978366805414936,-38.738254224299993],[-72.978473109905579,-38.737949704290358],[-72.978612358016449,-38.737627753679575],[-72.978753050958744,-38.73732840556378],[-72.978854216875732,-38.737082350319682],[-72.979068305196904,-38.736423820895844],[-72.979133770846104,-38.736118551526843],[-72.979184054743172,-38.735840142186362],[-72.979238447536815,-38.735593320020364],[-72.979263445717621,-38.735368454599346],[-72.979289232569769,-38.735296815296948],[-72.979262962910227,-38.735107196497637],[-72.979192569573215,-38.734849133819559],[-72.979144033903765,-38.734555498831625],[-72.979169071527238,-38.734456805058855],[-72.979190431356088,-38.734373289908881],[-72.979212729809745,-38.734286348057296],[-72.979122684076884,-38.734113660941212],[-72.979152524757936,-38.733870848242212],[-72.979176387728643,-38.733686604289701],[-72.979217332674949,-38.733407996376712],[-72.979236089484345,-38.733277641746227],[-72.979277659997805,-38.733003512935376],[-72.979318510783457,-38.732724907827809],[-72.979362384954044,-38.732419342262951],[-72.979397963113698,-38.732100113803135],[-72.979414865230964,-38.731807567900034],[-72.979413777228174,-38.731591339293857],[-72.979399680954273,-38.731505490893163],[-72.979387657545644,-38.731419645892991],[-72.979373308541227,-38.731342808166936],[-72.97935039164939,-38.731211808586465],[-72.979344473247991,-38.731090042280371],[-72.979299015846351,-38.730814453591869],[-72.979246766658719,-38.730552229915162],[-72.979205038707121,-38.730348824264091],[-72.979174297533802,-38.73019056939917],[-72.979120670072589,-38.729923891331651],[-72.979057298432195,-38.729647953986046],[-72.979032338614559,-38.729512375874748],[-72.979030049707291,-38.729498287048543],[-72.978990053330946,-38.72925482963182],[-72.978982576600075,-38.728930354896278],[-72.978984555890193,-38.728786257318937],[-72.979018289077487,-38.728250678875433],[-72.979042508748904,-38.728003335575231],[-72.979049483215988,-38.727859290116783],[-72.979075369520274,-38.727602961460967],[-72.97908388494163,-38.727454436462523],[-72.979093331006851,-38.727373540910904],[-72.979101554646149,-38.727107853895774],[-72.979119366768671,-38.726833354563659],[-72.979138129101813,-38.726675994381417],[-72.979151250614592,-38.726595120921424],[-72.97920579003376,-38.72639337617538],[-72.979243457027721,-38.726308419145312],[-72.979277444629986,-38.726223366043634],[-72.979419264727554,-38.725987066466693],[-72.979606444059897,-38.72569749567338],[-72.979791324156395,-38.725412356744727],[-72.979946841969536,-38.72517175192872],[-72.98000471587541,-38.725082637717826],[-72.980193052948962,-38.724802102770902],[-72.980366950308365,-38.724575333529231],[-72.980444262566976,-38.724466519130544],[-72.98046496771218,-38.724437406104222],[-72.980665933813341,-38.724143526779891],[-72.980743233119767,-38.724027703533366],[-72.980915339121736,-38.723787417264276],[-72.98110036156092,-38.72354735475254],[-72.981154898402281,-38.723476210597966],[-72.981204343088777,-38.723404944214685],[-72.981287144426673,-38.723271224240861],[-72.981367899674751,-38.723160005166932],[-72.981508039996825,-38.722932687966775],[-72.981642959460459,-38.722709754159837],[-72.981733530619053,-38.722531129647869],[-72.98179432424979,-38.722414982757684],[-72.981838152784817,-38.722312180355487],[-72.981917467775318,-38.722151352689146],[-72.981997160393249,-38.721977008433903],[-72.982088771003163,-38.721784919056056],[-72.982201303127212,-38.721593074574415],[-72.982298404502018,-38.721437099526909],[-72.982350142792015,-38.721361401168856],[-72.982474307104923,-38.72116532311658],[-72.982579733442037,-38.721018508394145],[-72.982668500821944,-38.720880378737171],[-72.98279382645535,-38.720666255984149],[-72.982837269754739,-38.72057689567248],[-72.982948014696092,-38.720371608230387],[-72.98304206172196,-38.720198029014718],[-72.98304957693415,-38.720184122054263],[-72.983119934286805,-38.720009653672392],[-72.983180603802111,-38.719871006255559],[-72.983242639170328,-38.719660371742279],[-72.983266284541813,-38.719584229611151],[-72.983403338226822,-38.719311784877895],[-72.983608895490718,-38.719031468941793],[-72.983866238297139,-38.718774619225556],[-72.984119331764362,-38.718544698487946],[-72.98432584585764,-38.71838159366019],[-72.984476886414072,-38.718276090594671],[-72.984707905614329,-38.718113328368773],[-72.984843737277487,-38.718012106592361],[-72.984923719663882,-38.717954922333021],[-72.985084719882764,-38.717827015995525],[-72.985264894965283,-38.71768148461117],[-72.985345912421607,-38.717610762394628],[-72.98545056784107,-38.717517982410939],[-72.985600919514496,-38.717362916843015],[-72.985752844333376,-38.717171789945944],[-72.985805332320922,-38.717096138905781],[-72.985820365241409,-38.716970190511056],[-72.985808219840422,-38.716582567174875],[-72.985869746707905,-38.716335867392679],[-72.985899857778563,-38.716264299913398],[-72.985939841262606,-38.716170407656655],[-72.985940155556932,-38.71616929035536],[-72.98659410704488,-38.714167884544437],[-72.986672095556287,-38.713898928723189],[-72.986701516116483,-38.713539031365848],[-72.986671359089556,-38.712898791533135],[-72.986648333448599,-38.712542456341566],[-72.986635603143256,-38.712303456722495],[-72.986623609526731,-38.711960911200535],[-72.986643433666941,-38.711690917291207],[-72.986643940188003,-38.711686472988085],[-72.986652083251727,-38.711614475460173],[-72.986705534692803,-38.711295519702233],[-72.986783750805344,-38.710940965259205],[-72.986858255950125,-38.710617896469316],[-72.986892281321431,-38.71035265594395],[-72.986916949487764,-38.710037708648784],[-72.986929771573728,-38.709758656402357],[-72.98692662241416,-38.709537850100652],[-72.986931818036169,-38.70942979817513],[-72.986927908432534,-38.70926302874814],[-72.986924306164525,-38.709159335989696],[-72.986911094334019,-38.709014946317147],[-72.986874935347629,-38.708717054478136],[-72.986817058132189,-38.708450230079563],[-72.986749751577236,-38.708210291203201],[-72.986692964497351,-38.708056173679715],[-72.986644999218171,-38.707920127435123],[-72.986586266780535,-38.707761502592845],[-72.986550332175881,-38.707684295418929],[-72.986512731889135,-38.707588994218696],[-72.986376660124179,-38.707289348573774],[-72.98630516538941,-38.707148424875861],[-72.986200685409571,-38.706979924508971],[-72.986087411823362,-38.70678877670899],[-72.986009614644047,-38.706695364282311],[-72.986007493044397,-38.706692780433457],[-72.985745641656052,-38.706264836555164],[-72.984991022270208,-38.705139025336386],[-72.984830672283323,-38.704861456982698],[-72.984700409973911,-38.704661000759877],[-72.984640187686296,-38.704605872772234],[-72.984195004526981,-38.703926965048538],[-72.984130428012676,-38.703795174423412],[-72.983992123281098,-38.703626128384023],[-72.983780535313386,-38.70335665301198],[-72.983544693878571,-38.703104826892222],[-72.983323926457786,-38.702880229965082],[-72.983120349225928,-38.702685372235344],[-72.983103443807039,-38.702669199375023],[-72.982925653897098,-38.702499507712957],[-72.982726497729161,-38.702324863359479],[-72.982660283731008,-38.702251639519687],[-72.982486568312041,-38.702117962553665],[-72.98228194861214,-38.701956784986329],[-72.982208976779319,-38.701892424192728],[-72.9820525285852,-38.701835632852841],[-72.981747596601593,-38.701663708357067],[-72.981126232930279,-38.701346664917857],[-72.980900652809567,-38.701216599621837],[-72.980757874893754,-38.701160077840726],[-72.980535121460917,-38.701057141994795],[-72.980312110318224,-38.70096314248039],[-72.980231472921133,-38.70091667639894],[-72.98007440256805,-38.700855402434925],[-72.979763343472186,-38.700723895652466],[-72.979466611499589,-38.700592636607041],[-72.979207069963095,-38.700493534291567],[-72.97907774234487,-38.700441791547824],[-72.978784963752403,-38.700324046535634],[-72.978497687118349,-38.700215484023694],[-72.978366538720408,-38.700154652472357],[-72.97824477924793,-38.700112021457954],[-72.978035442804327,-38.700018289299678],[-72.97791977309582,-38.699993749317841],[-72.977899116990258,-38.69998294241249],[-72.977760417630492,-38.699909897269407],[-72.977477859077894,-38.699787890811734],[-72.977106241158424,-38.699637262053528],[-72.976733966486194,-38.699486654996818],[-72.976443243610404,-38.699373556776656],[-72.9762520982636,-38.699293663055954],[-72.976024729589611,-38.699204083482812],[-72.975748583920009,-38.699082148781045],[-72.975503475761485,-38.698983357642689],[-72.975341693925429,-38.698935445871363],[-72.975185927416291,-38.698851690356335],[-72.974916288455631,-38.698729900657149],[-72.974721126242684,-38.698645419662647],[-72.974546977577006,-38.698574831851502],[-72.974260972520554,-38.698448212130572],[-72.973936143329411,-38.69832099448022],[-72.973655508634835,-38.698207987654158],[-72.97354830241234,-38.698161092473512],[-72.973460000648075,-38.698132518171661],[-72.973205436158437,-38.698037954576755],[-72.972959953594525,-38.697952673839985],[-72.972802138745664,-38.697891342137815],[-72.972558972777378,-38.697824059730173],[-72.972462233155426,-38.697763821119118],[-72.972264614550411,-38.697747080953555],[-72.972261493328659,-38.697746818665102],[-72.972138698020146,-38.697717645004992],[-72.971745098768011,-38.697611723177189],[-72.971276387632926,-38.697490941838161],[-72.970777021832589,-38.69736065013862],[-72.970292608433979,-38.697235086099319],[-72.96981673930766,-38.697114172849354],[-72.969375369738515,-38.696993929979818],[-72.968958814747836,-38.696883097459065],[-72.968580957829559,-38.696777367384392],[-72.968308269661634,-38.69671410446567],[-72.968089134433214,-38.696660679675382],[-72.967709106133469,-38.69658202638611],[-72.96723426900877,-38.696501723184284],[-72.966803295650337,-38.696467151902262],[-72.966374451147914,-38.696464234178407],[-72.965934913655204,-38.696479091391438],[-72.965531878840935,-38.696503627080148],[-72.965354159369241,-38.696509515560685],[-72.96535058812853,-38.696509637215129],[-72.96523264642191,-38.696511945369828],[-72.96479229918927,-38.69650874861771],[-72.964301892390537,-38.696468659562257],[-72.963818757676492,-38.696401685035092],[-72.963379576145542,-38.696331002372098],[-72.962965463185057,-38.696260721585304],[-72.962574345749402,-38.696190839245915],[-72.962193314647422,-38.696121130538245],[-72.961977351254788,-38.69608581131817],[-72.961509935450152,-38.695996526255094],[-72.961018645719079,-38.695911369631666],[-72.960527601612412,-38.695844280526494],[-72.960056466315748,-38.695786475285054],[-72.959646683188637,-38.695743336003673],[-72.959460402409633,-38.695722057815807],[-72.959452051007133,-38.695720865002009],[-72.959346560142095,-38.695706512281674],[-72.958917601215319,-38.695680992848146],[-72.95843982825717,-38.695654690491295],[-72.958007950130892,-38.695678629798017],[-72.957613881722693,-38.695739358695597],[-72.957328411914418,-38.695797438202042],[-72.957211252440331,-38.695822437831815],[-72.957063768614148,-38.695855844047877],[-72.956749170452923,-38.69592693700524],[-72.956431522108161,-38.696002485570709],[-72.956150663556969,-38.696074204590019],[-72.955541536313348,-38.696216737501068],[-72.955159565824744,-38.69630914534725],[-72.954804994111555,-38.69639302435818],[-72.95462200622022,-38.696434860979558],[-72.954456264365547,-38.696476999107659],[-72.954091447946283,-38.696569781103562],[-72.953756127495154,-38.69666303954547],[-72.953461335649408,-38.696743414164786],[-72.953339051785036,-38.696772863283329],[-72.953194391398569,-38.696806316708766],[-72.952858939139844,-38.696904078222538],[-72.952616274735476,-38.696971912627042],[-72.952426181379693,-38.69701811939278],[-72.952425899409761,-38.697018128870454],[-72.952294776302352,-38.697056361423215],[-72.951962664064609,-38.697136150523441],[-72.951522550625185,-38.697250068445484],[-72.951067008900708,-38.69737276986708],[-72.950631501246377,-38.697500253029411],[-72.950208393892794,-38.697646056005063],[-72.949873958972773,-38.697757277645444],[-72.94964049225824,-38.697829812038961],[-72.949397435809885,-38.697911156744595],[-72.949016491234957,-38.698039590992231],[-72.948657002919703,-38.698172980587216],[-72.948461865352357,-38.698237133236312],[-72.948301478229538,-38.698292879554003],[-72.947924770360132,-38.698421389062169],[-72.947523620526013,-38.698554043722098],[-72.947179091662051,-38.698665083008464],[-72.946957998057812,-38.698733283446209],[-72.946679298128473,-38.69882748516897],[-72.94629627107571,-38.698955908086276],[-72.945950199720201,-38.69907149576067],[-72.945773219299994,-38.699126913633926],[-72.945761812580585,-38.699130102938426],[-72.945650798408622,-38.699160861087698],[-72.945306633421197,-38.699285458443057],[-72.945032264329583,-38.699379731410644],[-72.944930007398852,-38.699413955098663],[-72.94472808390276,-38.699514044124221],[-72.944433885774004,-38.699698045415822],[-72.944162280169252,-38.699923046614337],[-72.943903056668987,-38.700143792127847],[-72.943646267863343,-38.70037803081194],[-72.94343244240477,-38.700590527305202],[-72.943215406614812,-38.700766902208471],[-72.943009368972824,-38.700934420052015],[-72.942791556315086,-38.70113782650273],[-72.94258755742041,-38.701309923468969],[-72.942374985291764,-38.701481940329465],[-72.942155407826007,-38.701644749032262],[-72.941904513365742,-38.701797989051649],[-72.941672910216596,-38.701906527257755],[-72.941408744451167,-38.701996537117289],[-72.941167589668822,-38.702059796632859],[-72.940898575294398,-38.702118166825755],[-72.940808861064113,-38.70213912442037],[-72.94068553514218,-38.702177302706446],[-72.940684885194315,-38.702177472367396],[-72.940550812104689,-38.702193139365193],[-72.940256389017833,-38.702232960020233],[-72.940025072778624,-38.702255966565112],[-72.939702125557872,-38.70229077153742],[-72.939334328990626,-38.702311371863551],[-72.938950458308682,-38.702313625081096],[-72.938598384869238,-38.702311925339671],[-72.938307257820043,-38.702315769676105],[-72.938044913175048,-38.702315616665679],[-72.937948022069321,-38.702313941641414],[-72.937590469983959,-38.702325631876171],[-72.937197115928726,-38.702359262372234],[-72.936843985589135,-38.702420607896109],[-72.936506594249309,-38.702482232002666],[-72.936177376587196,-38.702534947470213],[-72.935983263933295,-38.702585616437048],[-72.935818122417956,-38.702632282430564],[-72.935735932617192,-38.702666855042608],[-72.935534372932338,-38.702753413127226],[-72.93518799197723,-38.702927492700667],[-72.934892469695001,-38.703106940819367],[-72.934764367886544,-38.703190283790413],[-72.934762041057155,-38.703192502518114],[-72.934668239749598,-38.703283174181124],[-72.934403493511994,-38.703517292858677],[-72.934157159317806,-38.703711167339058],[-72.933875041945996,-38.703899900796053],[-72.933676926918466,-38.703990988414468],[-72.933348290390953,-38.704124841340665],[-72.933015836416487,-38.70424059666292],[-72.932707957029663,-38.704347776048607],[-72.932518665698737,-38.704407499822871],[-72.932202561549872,-38.704505510140592],[-72.931864647921074,-38.704607648871999],[-72.931695031809596,-38.704658739539198],[-72.931587270983272,-38.704683839857488],[-72.931270929979107,-38.704763852126121],[-72.93113765018407,-38.704797559539855],[-72.931021217179676,-38.704822509436127],[-72.930820154391824,-38.704868533308556],[-72.930512907744031,-38.704930675352252],[-72.930373966796196,-38.704964204162415],[-72.930167681589595,-38.70501460815268],[-72.930008668639189,-38.705047852260911],[-72.929789634575428,-38.705089020179201],[-72.929493719704169,-38.705160370743165],[-72.929252264934391,-38.705215130206696],[-72.929217385574944,-38.705223018194772],[-72.928868875869185,-38.705293481299165],[-72.928445284453019,-38.705380562534543],[-72.928060199097587,-38.705450335314978],[-72.927668700883785,-38.705519953471253],[-72.927342784947456,-38.705581756103776],[-72.927217546378373,-38.705611056694103],[-72.926981979421768,-38.705656463810364],[-72.926698870544982,-38.705705536006519],[-72.926558808974917,-38.705725520987507],[-72.926127555185616,-38.705803480653763],[-72.925593698272607,-38.705897654126517],[-72.9250627570121,-38.705991800313093],[-72.924532610380595,-38.706081564655108],[-72.924007547067475,-38.706171303329796],[-72.92352953621932,-38.706248463406382],[-72.923163717684488,-38.706300527683581],[-72.923002027412991,-38.7063245554275],[-72.923001279377445,-38.706324654766235],[-72.922885230320716,-38.70633608034224],[-72.922498972684167,-38.706374293274415],[-72.922035039079788,-38.706411056423107],[-72.921556025733423,-38.706447585611798],[-72.921050396046184,-38.706488180709258],[-72.92054979585869,-38.706524324499803],[-72.92007600363813,-38.706556466774046],[-72.919627280508067,-38.706589019988705],[-72.91921302086476,-38.706626686663505],[-72.918808361239442,-38.70667804846709],[-72.918406665209289,-38.706747461921303],[-72.918008870571768,-38.7068124625576],[-72.917604740472981,-38.706868378101774],[-72.917207241293426,-38.706919863703249],[-72.916947244081641,-38.7069647421282],[-72.91682314579981,-38.706980564000865],[-72.916464611985091,-38.707028230879864],[-72.916141242945542,-38.707071470518976],[-72.91613778475373,-38.707071955800487],[-72.915998603084617,-38.707087470928379],[-72.915676543450644,-38.707113325240485],[-72.915381284025457,-38.70713503427195],[-72.914968332789286,-38.707150209952914],[-72.914553872210391,-38.707165361746213],[-72.914324199045012,-38.707179261144923],[-72.914107145093297,-38.70720697672985],[-72.913832101164076,-38.707247114054297],[-72.913724720380884,-38.707258682506996],[-72.913459010051838,-38.707299023392778],[-72.913238628975336,-38.707317552131094],[-72.913012799877905,-38.707322538615621],[-72.91269714167295,-38.707325960138803],[-72.91249979143808,-38.707317890718002],[-72.912372009412593,-38.707311105004074],[-72.912067319680162,-38.707310173138104],[-72.911827686084138,-38.707296878028743],[-72.911576289901333,-38.707292388153832],[-72.911445679571102,-38.70728554818794],[-72.911167340596066,-38.70726705574274],[-72.910803995073763,-38.707233552699464],[-72.910704338170774,-38.707222723894439],[-72.910384070828599,-38.707189991384567],[-72.910145361407217,-38.707167733100498],[-72.910078547000737,-38.707172036625302],[-72.910035943895949,-38.707174791633967],[-72.909678876885152,-38.707145871974859],[-72.909277710421122,-38.707102636752367],[-72.909041559716186,-38.707066862101037],[-72.908722445121882,-38.707043161564322],[-72.908549682726544,-38.707026587906874],[-72.908204998347571,-38.706993337731618],[-72.907853192205394,-38.70695552860645],[-72.907534471606311,-38.706918308943209],[-72.907198101612565,-38.706871717755249],[-72.906905601795827,-38.706821442934086],[-72.906791221814345,-38.706801363683198],[-72.90668542054641,-38.706781439766402],[-72.906582708372113,-38.706752557892074],[-72.90635474237159,-38.706707944571328],[-72.906181447528596,-38.706664304799851],[-72.905929199289076,-38.706614747709459],[-72.905677213259565,-38.706556178883268],[-72.905416156840985,-38.70648839413488],[-72.905163551571917,-38.70642534481059],[-72.905025415109165,-38.706382298325508],[-72.904806285311025,-38.706306247816386],[-72.904511555464111,-38.706161372830067],[-72.904309086201096,-38.706031564390628],[-72.904196193033272,-38.705957494119644],[-72.903957845989339,-38.70577752823344],[-72.903814292423903,-38.705671278255565],[-72.903746907946527,-38.705614944501292],[-72.903704190008241,-38.705579258221221],[-72.903523046092019,-38.705458843196979],[-72.903307146535226,-38.705369400600539],[-72.903057237951884,-38.705288325515703],[-72.902846390390607,-38.705225940190203],[-72.902747397419802,-38.705192650702216],[-72.901870517930419,-38.704902091742703],[-72.901765249223843,-38.704864215069861],[-72.901566298176036,-38.704788517179914],[-72.901158621014744,-38.704646079691607],[-72.900822333684687,-38.704522875440851],[-72.900633774969009,-38.704456420858172],[-72.900397673362917,-38.704371115318729],[-72.900016804687212,-38.704224606055213],[-72.899643101163988,-38.704078224317833],[-72.899325125457096,-38.70394186066499],[-72.899162359067773,-38.703880371617274],[-72.898784360415775,-38.703706902844367],[-72.898348243984771,-38.703505342916053],[-72.897973434833006,-38.703322910307172],[-72.897773379424422,-38.703211160455936],[-72.897765991839776,-38.703206906191518],[-72.897662400011626,-38.703146095510178],[-72.897285372009677,-38.702869066631997],[-72.896909887794081,-38.70258748340337],[-72.896579650158941,-38.702329254757579],[-72.89632067123884,-38.702117347508192],[-72.896206112199863,-38.702029674353049],[-72.896084165689388,-38.701923874184835],[-72.895860706495611,-38.701726128206374],[-72.895719342920046,-38.701597437502208],[-72.895632386103671,-38.701523821484926],[-72.895418485664649,-38.701344275835567],[-72.895218650775362,-38.701174000771168],[-72.895145095192689,-38.701109603757146],[-72.89480350470491,-38.70084665777987],[-72.89443578656153,-38.700619262257135],[-72.894080907173958,-38.700468692290066],[-72.893755660856897,-38.700336687008118],[-72.893572739035889,-38.70025232429964],[-72.89326465193075,-38.700098125024013],[-72.8932407699387,-38.700081434266707],[-72.891752201120795,-38.699039153596495],[-72.891534552566185,-38.698814494458723],[-72.891303731721024,-38.698576105899534],[-72.891169942569149,-38.69843402259032],[-72.891069985182554,-38.698337592921938],[-72.890960874020337,-38.698209518997892],[-72.890727225306335,-38.697971002604589],[-72.890483270798541,-38.697736886994264],[-72.890225476338145,-38.697534000987716],[-72.889975915905396,-38.697371793091072],[-72.889742323316028,-38.697227941658404],[-72.889534553058539,-38.697107063272036],[-72.889342750497747,-38.696981963105877],[-72.88920393003302,-38.69688933534821],[-72.889127689344576,-38.696842953923763],[-72.888981081541658,-38.696766449187329],[-72.888975559927417,-38.696763607578227],[-72.888826482701475,-38.696702311889943]]},"properties":{"FID":10,"nombre":"HUAMAQUI ETAPA III","empresa_01":"INGENIERÍA Y SERVICOS VIALCOR LTDA.","f_inicio":"08-DICIEMBRE-2024","f_termino":"29-DICIEMBRE-2028","monto":"9.399.772.640","Activo":"69D222","NOMBREFEMN":"IMPERIAL\u00A0-\u00A0CHOL\u00A0CHOL\u00A0POR\u00A0HUALACURA","ROL":"S-222","CARPETA":"Pavimento","N_MOP":"4","Shape_Le_1":13.665468239000001,"long_km":13.665468239000001}},{"type":"Feature","id":11,"geometry":{"type":"LineString","coordinates":[[-72.979212729809745,-38.734286348057296],[-72.979379515177996,-38.734082031084178],[-72.979599829177644,-38.733842538596235],[-72.979831526253307,-38.733580742226479],[-72.980088931128634,-38.733323898601839],[-72.980238599840717,-38.733191367006022],[-72.980423663573987,-38.733027892887634],[-72.980678229859478,-38.732798002544577],[-72.980924528833739,-38.732577026183328],[-72.981094097550255,-38.732377186998576],[-72.981171659605124,-38.732252426165246],[-72.981235920248693,-38.732140884636763],[-72.981238246117854,-38.732136968285289],[-72.981319608808008,-38.732002633517723],[-72.981436151766928,-38.731819949364997],[-72.981583067098583,-38.731583768745168],[-72.981751350413788,-38.731325312550325],[-72.981927938727196,-38.731053587308317],[-72.982116659768053,-38.730759533188568],[-72.982284154872232,-38.730505603862817],[-72.982461270896778,-38.730238360590448],[-72.98267937183968,-38.729949280125027],[-72.98291334114397,-38.729683047245452],[-72.983076136913098,-38.729519148298159],[-72.983149125346344,-38.72945283333236],[-72.983360633987317,-38.729294280827517],[-72.983659679756769,-38.729092233288689],[-72.983984969888908,-38.728872612991189],[-72.984350076488482,-38.728649124574837],[-72.984732876375048,-38.728430490427797],[-72.985094298441311,-38.728233983971805],[-72.98522795267148,-38.728162717976325],[-72.985241674649899,-38.728155387479127],[-72.985366169140605,-38.728098970488304],[-72.985705240975065,-38.727929123790211],[-72.986071026739936,-38.727755263606085],[-72.986327900046447,-38.727647029171713],[-72.986646439839419,-38.727539933150048],[-72.987067811946119,-38.727384980047219],[-72.98751109041855,-38.727239459154127],[-72.987903604427075,-38.727111017898174],[-72.988125340041236,-38.727024786479213],[-72.988312284089531,-38.72687031167095],[-72.988350168952792,-38.726645669133305],[-72.988371930992145,-38.726461347940635],[-72.988420714432294,-38.726336016346188],[-72.988563162156623,-38.726126763183551],[-72.988680933637582,-38.725953106677672],[-72.988778147809654,-38.725792548135878],[-72.988937312656304,-38.725552028076656],[-72.989062881482155,-38.725328963446614],[-72.989189986134676,-38.725128424470626],[-72.98938466198689,-38.724825375005615],[-72.989569377559974,-38.724517722449633],[-72.989794223704848,-38.724215265126077],[-72.990092039901583,-38.723927578140049],[-72.990487554118175,-38.723691077926816],[-72.990919237108656,-38.723500268076243],[-72.991310974679095,-38.723344836658498],[-72.991639132206629,-38.723179256609157],[-72.991724739808106,-38.723126671491748],[-72.991835644579353,-38.723042969576603],[-72.992058996212833,-38.722844079244688],[-72.992330995109171,-38.722578446681901],[-72.99263099535753,-38.722313331350904],[-72.992961032754138,-38.722026158663951],[-72.993311525411841,-38.721752821449833],[-72.99366892867566,-38.721542701933465],[-72.993949435867052,-38.721407890974461],[-72.994099588576631,-38.721333911623773],[-72.994231574151073,-38.721268595726329],[-72.994402556812233,-38.721167857034615],[-72.994685322378544,-38.720979030381045],[-72.994999509850444,-38.720745667571968],[-72.995331445416227,-38.720494504262646],[-72.995650753181067,-38.720256759123139],[-72.995938222225149,-38.720027407434813],[-72.996189359030993,-38.719761373559336],[-72.996413124499583,-38.719472369566176],[-72.996583126172382,-38.71922755860524],[-72.996596910916281,-38.719209599831146],[-72.996712902130113,-38.719058573951152],[-72.996935942091199,-38.718792098222089],[-72.997200081498718,-38.718499275668506],[-72.997468994500665,-38.718211011633308],[-72.997778412947838,-38.717941502578199],[-72.998080543691657,-38.717703453546655],[-72.998358945894751,-38.717514472651594],[-72.998615010414611,-38.717379233353824],[-72.998884240814419,-38.717262210343826],[-72.999106961390481,-38.717162348573851],[-72.999424739079444,-38.71703266745768],[-72.999794046546938,-38.716881297626486],[-73.000153703306083,-38.716693733539252],[-73.000471934896368,-38.716442362070829],[-73.000675950202577,-38.716238659073817],[-73.000903054659943,-38.716008265693041],[-73.001219491222287,-38.715770382697727],[-73.001567005301354,-38.715551060394318],[-73.001952065224742,-38.715300861635619],[-73.002352989677021,-38.715046429229965],[-73.002745959799213,-38.714796326036478],[-73.003111345203934,-38.714554840988612],[-73.003430687306633,-38.71428999489904],[-73.003707483457006,-38.714055899746832],[-73.003910403959736,-38.713789069156476],[-73.003970534581299,-38.713461244388164],[-73.004045338275375,-38.713124653234004],[-73.004326836446353,-38.712850108932976],[-73.004698613646667,-38.71260869539914],[-73.00515105765642,-38.712440733245067],[-73.005573587449305,-38.712290249434666],[-73.005984072242626,-38.712081002285274],[-73.006377846994198,-38.711930026750665],[-73.006568378815203,-38.711901721333071],[-73.006569302198585,-38.711901393777573],[-73.006722867414425,-38.711850303257279],[-73.006826233145574,-38.711802484250022],[-73.007078515070503,-38.711622126420735],[-73.007304294280345,-38.711387192192177],[-73.007397906447864,-38.711095920940664],[-73.007381357951203,-38.710784820687699],[-73.007354185809731,-38.710468994354983],[-73.007341852724949,-38.71018947692744],[-73.007349505154906,-38.709937311303619],[-73.007405536106091,-38.709627409586169],[-73.00750782167961,-38.709336357188384],[-73.007508900147783,-38.709039039925045],[-73.007491183943017,-38.708718830684532],[-73.007529172822586,-38.708386083037489],[-73.007639366185231,-38.708041117808818],[-73.007761095033658,-38.707745856961836],[-73.007802045549013,-38.70764292300214],[-73.007913691497663,-38.707374495813852],[-73.008037962251137,-38.707065791766404],[-73.008174569263559,-38.70673017583961],[-73.008308546087108,-38.706408152468896],[-73.008513049821914,-38.706082747763247],[-73.008705634721821,-38.705874258676161],[-73.008845320390591,-38.705709938325683],[-73.009042201334736,-38.705452013011758],[-73.009238585080709,-38.705239113029478],[-73.00937589190265,-38.705133311481958],[-73.009798112186132,-38.704784637760653],[-73.010019608806957,-38.7044955395003],[-73.010133863272515,-38.704132576194887],[-73.010262532037686,-38.70374285058768],[-73.010369621090732,-38.703379765014006],[-73.010488456929906,-38.703007864123009],[-73.010712013495535,-38.70269176218531],[-73.010988489034418,-38.702439658050224],[-73.011258847735718,-38.702228050123757],[-73.011484381766365,-38.702051701675572],[-73.011588601392333,-38.701972343849143],[-73.011753475365438,-38.70183098743265],[-73.011794929023182,-38.701797761227027],[-73.011973256775875,-38.701654541057998],[-73.012117431177487,-38.701535366724954],[-73.012188164510604,-38.701473464613422],[-73.012358530223139,-38.701314210988542],[-73.012446759493955,-38.701243591087831],[-73.012527611713892,-38.701177431194978],[-73.012584551613429,-38.701119766279113],[-73.012684811291862,-38.701026892653111],[-73.01275987891286,-38.700965062968855],[-73.012862681223083,-38.700858747107816],[-73.013020013416096,-38.700730781966989],[-73.013200705369627,-38.700562612670836],[-73.013340086930228,-38.700384795239842],[-73.01343517703647,-38.70024672047299],[-73.013549042302401,-38.700050448769737],[-73.01362789072698,-38.699903119631117],[-73.013692157570802,-38.699737549330933],[-73.013725302663261,-38.699629938151851],[-73.013763233475217,-38.699427865158626],[-73.013765117452763,-38.699175603163965],[-73.013753262579598,-38.698878066276258],[-73.013724324911536,-38.69859830901931],[-73.013658150379754,-38.698290833942487],[-73.013549440807907,-38.697987108880227],[-73.013433226131411,-38.697692274906252],[-73.013367011692679,-38.697461390229137],[-73.01334343207084,-38.697379929851934],[-73.013295430243645,-38.69724397078928],[-73.013249468999788,-38.697112516561951],[-73.013182762611592,-38.696926657645086],[-73.013091348101909,-38.696672806188595],[-73.012977650930154,-38.696369030931777],[-73.01282049431218,-38.695996947845074],[-73.012738663516799,-38.695734281725677],[-73.012705602118487,-38.695395858783925],[-73.012784846069579,-38.695077334767724],[-73.013058211013416,-38.694834187352178],[-73.013451285900302,-38.6947012175211],[-73.01386670081682,-38.694595664133438],[-73.014286818407953,-38.694476592989339],[-73.014642828631182,-38.694361052205416],[-73.014865082173529,-38.694274681581412],[-73.015162817707363,-38.694162618840124],[-73.015512149721502,-38.694001853824453],[-73.015900306452124,-38.693841744918785],[-73.016269333964814,-38.693694835956904],[-73.016655492585301,-38.6935798014635],[-73.017094393887859,-38.693483611346579],[-73.017500500314654,-38.693400353229144],[-73.017711385399537,-38.693336355971596],[-73.017731127672022,-38.693329110093927],[-73.017828260249956,-38.693293301713325],[-73.017947919483163,-38.693227721085684],[-73.01809889907949,-38.693144755482663],[-73.018250500604339,-38.693066195615017],[-73.018333758345776,-38.693018025967412],[-73.018571915962383,-38.692877901688853],[-73.018796898128969,-38.692692557163163],[-73.018974054334066,-38.692470269032825],[-73.019099503669295,-38.692143509951599],[-73.019148975120956,-38.691833533247163],[-73.019235729716371,-38.691528618772466],[-73.019352639015992,-38.691224215128564],[-73.01949408245973,-38.690915793760624],[-73.019645806835641,-38.690648043815109],[-73.019695823069981,-38.690581316649343],[-73.019856271643619,-38.690390297493749],[-73.020028731872742,-38.690235534955683],[-73.0202188295806,-38.690036041934952],[-73.020346541006987,-38.68983544978402],[-73.020385932962029,-38.689737066384929],[-73.020417884076906,-38.689566407792377],[-73.020401182026319,-38.689313826753683],[-73.020335526449244,-38.689010839216515],[-73.020297867215305,-38.68873536851109],[-73.020347580063287,-38.68841638089949],[-73.020488897656406,-38.688139468925122],[-73.020566900227607,-38.687888496846384],[-73.020634167985406,-38.687664383012525],[-73.020766517975545,-38.687346755550735],[-73.020931932771376,-38.687002680937439],[-73.021121540950659,-38.686690533057032],[-73.021384465527035,-38.686406628875439],[-73.021677695243028,-38.686114227156324],[-73.021926219882999,-38.685884164475262],[-73.022010822326905,-38.685759431425474],[-73.0220317422406,-38.685575133580919],[-73.02201724457413,-38.685345128230971],[-73.022070280173011,-38.685035174967339],[-73.022288502661652,-38.684755022100333],[-73.02254424715602,-38.684443988699847],[-73.022765378530522,-38.684136876432717],[-73.022907526330599,-38.683774343308414],[-73.022894074838845,-38.683400200408627],[-73.022761313864152,-38.683055549976658],[-73.02261910459211,-38.682715283657089],[-73.022604869813847,-38.682345594017399],[-73.022712653803225,-38.681977973538977],[-73.022830604069199,-38.681583513595477],[-73.022961877179,-38.681198333615043],[-73.023261169212262,-38.680897012971101],[-73.02365967433677,-38.680669526155803],[-73.024076836261216,-38.680469286156068],[-73.02448095875539,-38.680246398552285],[-73.024805324319516,-38.679999548886734],[-73.025101687628336,-38.679698251361259],[-73.025441412381653,-38.679465185232218],[-73.02586211453567,-38.679269538072937],[-73.02633277678828,-38.679056746591208],[-73.026820045482793,-38.678839690274629],[-73.027307068707927,-38.678631716814166],[-73.027814628041369,-38.678437494695551],[-73.028458511325013,-38.678218645406197],[-73.028898946123064,-38.678086353162911],[-73.029306574138531,-38.67797164474279],[-73.029312961651513,-38.677969726811085],[-73.029478211187453,-38.677920417821184],[-73.029828335699676,-38.677809240981368],[-73.03029248394428,-38.677623295183523],[-73.030728211463952,-38.677373840002346],[-73.030977462533997,-38.677008633558181],[-73.031111465216526,-38.676731593462804],[-73.031247991103712,-38.676414032298403],[-73.031375896631801,-38.67607374773204],[-73.031486923323683,-38.675692726249139],[-73.031597451295681,-38.675329651818977],[-73.031898610378789,-38.674586864767988],[-73.032233429807278,-38.674245558455439],[-73.032550450827941,-38.673976142541314],[-73.033115237902265,-38.673390927351697],[-73.033437678879409,-38.673053955968705],[-73.033571427103567,-38.672682256564528],[-73.033525939907889,-38.672271518670144],[-73.033437075701215,-38.671896145266665],[-73.033618870251871,-38.671655893541214],[-73.033840052737588,-38.671371264846243],[-73.034048607449606,-38.671072979420991],[-73.034240614540124,-38.670724795299819],[-73.034390223443395,-38.670375862911541],[-73.034590623763449,-38.670113422640057],[-73.034932498003556,-38.669929985866524],[-73.035372574950216,-38.66988784777579],[-73.035872939026973,-38.669846648705587],[-73.036356694940238,-38.669809710850203],[-73.036860575286127,-38.66982269204599],[-73.037336615448183,-38.669857735888662],[-73.03745270173799,-38.6698684789325],[-73.037455540180019,-38.669868750041928],[-73.037748028975074,-38.669891692296503],[-73.03807195116255,-38.669919597244352],[-73.038246712284447,-38.669936057371345],[-73.03857434272048,-38.669959626828529],[-73.0389858768133,-38.669988999869879],[-73.039400488135001,-38.67000948445142],[-73.039838160324891,-38.670003271619301],[-73.039982732690348,-38.669996720616602],[-73.040088614002272,-38.669985014620437],[-73.040395730498773,-38.669945096222477],[-73.040708838920068,-38.66989626221649],[-73.041024020615438,-38.669847504454218],[-73.041347591138262,-38.66981232582895],[-73.041695593874294,-38.669773128563428],[-73.042050278453104,-38.669779076743794],[-73.042459941633183,-38.669822005172286],[-73.042820266676998,-38.669859555883626],[-73.043274484192494,-38.669903152478057],[-73.043740338384907,-38.669969512024089],[-73.044238385962146,-38.670040953230831],[-73.044724719679849,-38.670116634203431],[-73.045197572263149,-38.670268704901581],[-73.045654722718396,-38.670416004983629],[-73.04614549232231,-38.670491821801122],[-73.046492999279096,-38.670470556702575],[-73.046544408209257,-38.670457559867849],[-73.046726652855313,-38.670411400721953],[-73.046990535321115,-38.670294160684094],[-73.047377708123648,-38.670138484978466],[-73.047804830352092,-38.670042000460626],[-73.048067398863992,-38.670028323135647],[-73.048319106760658,-38.67001900713101],[-73.048768423459066,-38.670004018379004],[-73.049215597377056,-38.66993937286162],[-73.04961330283173,-38.669815347031594],[-73.049971902819706,-38.669677181298745],[-73.050143483877463,-38.669598921180388],[-73.050276078699426,-38.669533597049671],[-73.050506591066281,-38.669402234078767],[-73.050667433985055,-38.669323829274511],[-73.050854915107848,-38.669218822661783],[-73.050982418978407,-38.669153379504188],[-73.05115463165788,-38.669079671603157],[-73.051336801836996,-38.669010633856303],[-73.051456290271261,-38.668976605800644],[-73.051598323343612,-38.668983483508271],[-73.051819003622001,-38.668978113084663],[-73.052059941321716,-38.669018155844171],[-73.052247354739848,-38.66907532791469],[-73.05234600743627,-38.669109017899238],[-73.052358386670647,-38.669113236580586],[-73.052661334874742,-38.669226385956442],[-73.053028383012176,-38.669304623068562],[-73.053441716492813,-38.669347532687439],[-73.053892215845423,-38.669368564206557],[-73.054351746137783,-38.669376220985512],[-73.054754808577627,-38.669373883437331],[-73.055196539895604,-38.669349689734986],[-73.055622546438201,-38.66929372237469],[-73.056049134161213,-38.669219730863141],[-73.056335685017402,-38.669165875480594],[-73.056594113381678,-38.669120669907926],[-73.056886503219573,-38.669066904811018],[-73.056978722543079,-38.669054994260428],[-73.057207048641175,-38.669031714764579],[-73.057543439801975,-38.669023788616208],[-73.05795848210586,-38.669003685151523],[-73.058397046718511,-38.668988442844125],[-73.058887517667841,-38.668942471739804],[-73.059376220987048,-38.668878556811727],[-73.059545144854766,-38.668850032823009],[-73.05954654548627,-38.668849836206334],[-73.059708202904815,-38.668820974227145],[-73.060005290410231,-38.668753831636508],[-73.060401454550799,-38.668661254650701],[-73.060788442693024,-38.668559551241195],[-73.061086500616398,-38.668456364646637],[-73.061366100378891,-38.668289775419325],[-73.06169447338425,-38.668096991609801],[-73.062058514665452,-38.667972397434013],[-73.062428768467356,-38.667879461535513],[-73.062758743930502,-38.667763281626904],[-73.063095800423213,-38.667597639232241],[-73.063511067241507,-38.667460338701915],[-73.063965706742309,-38.667355237896096],[-73.064364687170155,-38.667262771452762],[-73.064484039669381,-38.667233161005704],[-73.064810118177263,-38.667152970777252],[-73.06512735638654,-38.667054639806345],[-73.065425129974329,-38.666933375277495],[-73.065672698566814,-38.666811349711899]]},"properties":{"FID":11,"nombre":"HUAMAQUI ETAPA III","empresa_01":"INGENIERÍA Y SERVICOS VIALCOR LTDA.","f_inicio":"08-DICIEMBRE-2024","f_termino":"29-DICIEMBRE-2028","monto":"9.399.772.640","Activo":"69E211","NOMBREFEMN":"HAULACURA\u00A0-\u00A0VISTA\u00A0HERMOSA","ROL":"S-216","CARPETA":"Ripio","N_MOP":"2","Shape_Le_1":12.1258062728,"long_km":12.1258062728}},{"type":"Feature","id":12,"geometry":{"type":"LineString","coordinates":[[-72.874958840496632,-38.686285377138134],[-72.875499899518971,-38.686590351494175],[-72.876108540093441,-38.686952813581108],[-72.876683039802643,-38.687350643848596],[-72.87728097270525,-38.687830039786469],[-72.877901204556039,-38.688336878857577],[-72.878513169109581,-38.688829968740222],[-72.87909680266894,-38.68930909240617],[-72.879609342733403,-38.689737373229349],[-72.880119817341267,-38.690165646818542],[-72.880651603605088,-38.690625750262072],[-72.881194759569013,-38.691113143798908],[-72.881731113416393,-38.691613894860879],[-72.88229378246352,-38.692146676731767],[-72.882859604003457,-38.692598407037828],[-72.883525024975881,-38.692988898064804],[-72.884220119018551,-38.693393450775751],[-72.884832040992038,-38.693769406226721],[-72.885130839859031,-38.693968505468213],[-72.885354819667711,-38.694121244919579],[-72.885913068967838,-38.69451425556187],[-72.886479863110381,-38.694934500866658],[-72.887052011706288,-38.695368289288737],[-72.887619836167431,-38.695802071592553],[-72.888130704802848,-38.696194212834442],[-72.888551936953732,-38.696530676185574],[-72.888821405571989,-38.696922957970038],[-72.888906956388539,-38.697361505851156],[-72.888847681114228,-38.697838007660621],[-72.888660638460038,-38.698285117018692],[-72.888442813528783,-38.698727201654172],[-72.888238295626905,-38.699133423977017],[-72.888017770869624,-38.699570949192356],[-72.887786893709503,-38.700017303639981],[-72.887572547746643,-38.70043691230714],[-72.887353429262845,-38.700851883980626],[-72.887154956512262,-38.701244769796389],[-72.887008937188313,-38.701665570905853],[-72.887015589313791,-38.70214777285139],[-72.887247569872684,-38.702615978356022],[-72.887743806220911,-38.702994366404077],[-72.888320846138086,-38.703338111807881],[-72.888996787119297,-38.703715231381416],[-72.889482814019658,-38.703998840357769],[-72.89005067594745,-38.704315432454386],[-72.890611813407915,-38.704636452556556],[-72.891177776732405,-38.704966458510278],[-72.891750160900216,-38.705296690203859],[-72.892324942369328,-38.70562241207039],[-72.892912283915095,-38.705957377955464],[-72.893516482093801,-38.706306092852493],[-72.894119142771174,-38.70665935788562],[-72.894688853358929,-38.706984940860366],[-72.895198904483848,-38.707286981835871],[-72.895650569158718,-38.707547360117019],[-72.896099225796291,-38.707807762720485],[-72.896585003482556,-38.708082272598645],[-72.897075780622217,-38.708379413735244],[-72.897572579755845,-38.7086677191677],[-72.898081898886787,-38.708969697604914],[-72.898559209545567,-38.709334132918137],[-72.898991246774585,-38.709747375857461],[-72.899338638666393,-38.710159091401067],[-72.899616805133789,-38.710574077053458],[-72.899997037161754,-38.710869215844781],[-72.90059018396714,-38.710911381421937],[-72.90123617244484,-38.710891419562955],[-72.901949527907178,-38.710877246173112],[-72.902711276353415,-38.71088188928811],[-72.903464090617192,-38.710895385759564],[-72.904194396637124,-38.710917525696395],[-72.904930915456475,-38.711020839716888],[-72.905660994612589,-38.711173580543495],[-72.906377238411224,-38.711335044338583],[-72.907047095334434,-38.711531776305826],[-72.907592719378158,-38.711897429107211],[-72.907869591573601,-38.712384379623686],[-72.908108616302542,-38.712888755938245],[-72.908296643075644,-38.713392182120892],[-72.908321555895043,-38.713942242020728],[-72.908362048781953,-38.714524098457645],[-72.908396099782721,-38.715132882698484],[-72.908435805965411,-38.715719266220951],[-72.908463913407701,-38.716282943857358],[-72.908549885041296,-38.716861064539572],[-72.908868959415656,-38.717402898228684],[-72.909373240112856,-38.717884959187238],[-72.909936254553728,-38.718345498043973],[-72.910588163943231,-38.71871761067608],[-72.910884746103562,-38.719245508494417],[-72.911100394237664,-38.719812493515214],[-72.911280249055366,-38.720351752932856],[-72.91146944949881,-38.720913794460124],[-72.911778965624379,-38.721441920229182],[-72.912274252894733,-38.721887744628511],[-72.912779279715124,-38.722342759488036],[-72.913328385347285,-38.722816584689674],[-72.91392135120185,-38.723336235426736],[-72.914510840248667,-38.723855850887787],[-72.915087055773867,-38.724361667653241],[-72.915649114374858,-38.724858216845867],[-72.916190838068971,-38.725363413961233],[-72.916715680389444,-38.725881866626843],[-72.917236112256532,-38.726328152770513],[-72.917886453039188,-38.726709129432123],[-72.918657003870379,-38.727105767350601],[-72.919475681536866,-38.727534800032117],[-72.920218378046471,-38.727926459972799],[-72.92096191203035,-38.728367671544078],[-72.921671455917974,-38.728862334103937],[-72.922315916047395,-38.729324278812527],[-72.922990440532914,-38.729813838952644],[-72.923697313927974,-38.730303930363085],[-72.924086606185099,-38.73083797101512],[-72.924265518436926,-38.731512343075273],[-72.924438659107381,-38.73221369239856],[-72.924575899407017,-38.732959487742619],[-72.924729347031402,-38.733719053068626],[-72.924875529879813,-38.734455987279432],[-72.924999839518478,-38.73515646934618],[-72.925114775414087,-38.73580273728308],[-72.925236808050528,-38.736458137934086],[-72.925366046731327,-38.737109163820016],[-72.92549706490901,-38.737773706182146],[-72.925646646406165,-38.73839357420318],[-72.926155650761729,-38.738645848215427],[-72.92697799044079,-38.738777636199089],[-72.927877027543474,-38.738942181785937],[-72.92879718480765,-38.739120692540503],[-72.92968151102626,-38.739298557653242],[-72.930493758751808,-38.739479654737785],[-72.931340697667466,-38.739530673342394],[-72.932195105261698,-38.739374610390193],[-72.933015630217923,-38.739244918272234],[-72.933853890004698,-38.739223752472803],[-72.934767696332727,-38.739226375380412],[-72.935680360648533,-38.739242532632638],[-72.936524086422196,-38.73925739242349],[-72.93732537855594,-38.739271537642217],[-72.938159274623743,-38.739277271905728],[-72.939037678434673,-38.739283712226737],[-72.939949809635308,-38.73929527911676],[-72.940888663337446,-38.739302837866006],[-72.941821413802074,-38.739319301965899],[-72.94272115382843,-38.739335101763245],[-72.943590444647924,-38.739336871881704],[-72.94442792002522,-38.739342588318742],[-72.945119640236385,-38.739341271925433],[-72.945441316417913,-38.739333424159852],[-72.945540022803897,-38.739326103160458],[-72.945621972056315,-38.73937712325084],[-72.945759532891827,-38.739519233054402],[-72.946000632008136,-38.739762176287535],[-72.946275095935974,-38.740046344550052],[-72.946568505784924,-38.740344332915903],[-72.946775099257792,-38.740586744795429],[-72.946807925480442,-38.740821602470263],[-72.946802006312751,-38.741127793891536],[-72.946793134027416,-38.741438511638911],[-72.94678209197005,-38.741798739929521],[-72.946756454362159,-38.742217236665489],[-72.94672800919713,-38.742658258010536],[-72.94669446641187,-38.743049573487433],[-72.946700829175768,-38.743229913076419],[-72.946714743866849,-38.743495957964171],[-72.946713516812508,-38.74389237802162],[-72.946687125570193,-38.74436041002199],[-72.946663162150372,-38.744819505694366],[-72.946634678851765,-38.74531454041302],[-72.946611857650481,-38.745809752976541],[-72.946594674632678,-38.74633200141875],[-72.946556985579662,-38.746871987904406],[-72.946530723976963,-38.747385098657411],[-72.946505840480242,-38.747853153241103],[-72.946490586805652,-38.748159217200566],[-72.946485203693342,-38.748271775231878],[-72.946471985773357,-38.748444283759078]]},"properties":{"FID":12,"nombre":"HUAMAQUI ETAPA III","empresa_01":"INGENIERÍA Y SERVICOS VIALCOR LTDA.","f_inicio":"08-DICIEMBRE-2024","f_termino":"29-DICIEMBRE-2028","monto":"9.399.772.640","Activo":"69C076","NOMBREFEMN":"Traiguén- Galvarino- Chol Chol - Nva. Imperial-Barros Arana","ROL":"S-16","CARPETA":"Pavimento","N_MOP":"1c","Shape_Le_1":10.812638209499999,"long_km":10.812638209499999}},{"type":"Feature","id":13,"geometry":{"type":"LineString","coordinates":[[-72.967429216869746,-38.682048160931998],[-72.967628499760536,-38.681911968529427],[-72.967995424271194,-38.681891309602136],[-72.968408831350075,-38.681880507544491],[-72.968783639199557,-38.681864521770756],[-72.968843029194531,-38.681859257035008],[-72.969040036369265,-38.681841935516132],[-72.969334499306299,-38.681819972962401],[-72.969646589581146,-38.68178486568425],[-72.969963047696851,-38.68174533081821],[-72.97026312741778,-38.681651380451157],[-72.970549897615399,-38.681548290377442],[-72.97083452686303,-38.681440549902455],[-72.971140086058554,-38.681306197817115],[-72.971273089595726,-38.681249950553358],[-72.971533411478646,-38.681141855012349],[-72.97190782367808,-38.680986196064772],[-72.972240594317938,-38.680802733163773],[-72.972576443977715,-38.680610311184118],[-72.972807658098489,-38.680461144016988],[-72.973060680645148,-38.680280835396431],[-72.973335052104616,-38.680028817766697],[-72.973548251536812,-38.679829792872518],[-72.973784183733727,-38.679640102794941],[-72.974027896668616,-38.67948217068831],[-72.974170696082368,-38.679412527044072],[-72.974173457968732,-38.679411399919509],[-72.974265874581022,-38.679373648372746],[-72.974550984799549,-38.679302037737251],[-72.974904341386633,-38.679227070838841],[-72.975258290171453,-38.679161084082267],[-72.975586200197213,-38.679099155168714],[-72.975962545331484,-38.679024582214744],[-72.976368382245866,-38.67895055366985],[-72.976774969735601,-38.678876497949346],[-72.977205457583764,-38.678793805879003],[-72.977619588967926,-38.678706430285857],[-72.97802184364221,-38.678605217448194],[-72.978271453299399,-38.678541963637976],[-72.978449764064294,-38.678486452818348],[-72.978717485129735,-38.678342449925047],[-72.97895466904869,-38.678107771805323],[-72.979181082049024,-38.677850365145275],[-72.97929502651472,-38.677730712044394],[-72.979499098084773,-38.677527044449967],[-72.979733718470783,-38.677332812277108],[-72.980000411066811,-38.67712118100976],[-72.980321749347183,-38.67691048954007],[-72.980653347710231,-38.676740546494379],[-72.980909179454287,-38.67660978322666],[-72.981286470228,-38.676427064670541],[-72.981681923811081,-38.67620867811565],[-72.98203557393461,-38.675971497847151],[-72.982128610480999,-38.675906050220021],[-72.982129426950522,-38.675905505653446],[-72.982338903442823,-38.675760456501649],[-72.982655648733044,-38.675531690366597],[-72.982889626440851,-38.675360052719881],[-72.982997646592665,-38.675276310917397],[-72.983128687996427,-38.675188462644044],[-72.983297164566608,-38.675096755554918],[-72.983512629778801,-38.67496979815138],[-72.98375872063248,-38.674829916538627],[-72.983991810851634,-38.674662735088297],[-72.984217210790987,-38.674463865350035],[-72.984508761069947,-38.67421212134272],[-72.984850249508625,-38.673920673282886],[-72.985169125308488,-38.673615312243939],[-72.985469091668463,-38.673318637804719],[-72.985782336469271,-38.673035676629802],[-72.986132354853723,-38.672748876933937],[-72.986457056437786,-38.672472311433552],[-72.986479702468984,-38.672453018620097],[-72.98654955705544,-38.672368583681404],[-72.986628290841296,-38.672149187164578],[-72.986636780715102,-38.671897066273644],[-72.986670149832392,-38.671604842168712],[-72.986729200644064,-38.67131749620782],[-72.986758898618106,-38.670998170618461],[-72.986706292617853,-38.670645868925568],[-72.986644484797978,-38.670288863773187],[-72.986602118718864,-38.669927726802797],[-72.986572605986709,-38.669521805721516],[-72.986547481753604,-38.669160964712795],[-72.986523625959933,-38.668885672692809],[-72.986498918392002,-38.668664494691633],[-72.986481620131116,-38.668461510607294],[-72.986499712097199,-38.668250086600828],[-72.986526616064126,-38.668110894036062],[-72.986574317183909,-38.66792251370471],[-72.986660837947724,-38.667680715458573],[-72.986767424788454,-38.667439264452611],[-72.986835568842835,-38.667237716422605],[-72.986874072595313,-38.667017626811223],[-72.986894832953467,-38.666788182292542],[-72.986905643812619,-38.666554133220025],[-72.986932653583281,-38.666333846563646],[-72.986987260009968,-38.666154600929644],[-72.987068674973656,-38.665993772309697],[-72.987188087580307,-38.665856216276715],[-72.987339771519672,-38.665750688902008],[-72.987558400815516,-38.665637266911119],[-72.987829506622433,-38.665524857538934],[-72.988072657975437,-38.665434430041906],[-72.98831913469833,-38.665353038352464],[-72.988590108544756,-38.665245058154689],[-72.988843216216324,-38.665132301628802],[-72.989072177582898,-38.664983033514289],[-72.989255771395563,-38.664815023830954],[-72.989385225279861,-38.664655061072807],[-72.989508307489601,-38.66449051932009],[-72.989540771259669,-38.664451484747566],[-72.989659963332599,-38.664308400567627],[-72.989822234157643,-38.664103930273946],[-72.989999802694697,-38.663868242217234],[-72.990188610811217,-38.663614682520425],[-72.990381251276389,-38.663352211053763],[-72.990529074448304,-38.663151996714774],[-72.990653560516208,-38.662987406610036],[-72.990836491451702,-38.662765331624499],[-72.991026576660204,-38.6625703868824],[-72.991169203904562,-38.662451144927374],[-72.991318962583108,-38.662336601814218],[-72.991593328463665,-38.662080042003268],[-72.99177101627248,-38.66178576225375],[-72.991887381265471,-38.661476901355506],[-72.992077940363046,-38.661160265944645],[-72.992347592430932,-38.660890141555882],[-72.992646114198749,-38.660719525733725],[-72.992820669749207,-38.660641469657122],[-72.99310631340262,-38.66052021270179],[-72.993438679036416,-38.660372713147432],[-72.993811390563266,-38.660221398646463],[-72.994184132529966,-38.660092659664613],[-72.994531563851993,-38.659972459082816],[-72.994633864147715,-38.659933689993878],[-72.994636350514952,-38.659932719838253],[-72.994804581614972,-38.659864542398523],[-72.995098258981884,-38.659738948076637],[-72.995345838099894,-38.659616995931849],[-72.995474292022536,-38.659569658413211],[-72.995574044112317,-38.659598415749699],[-72.995795521051747,-38.659692293574281],[-72.99601587066384,-38.659799711806315],[-72.996127518846478,-38.659864660236941],[-72.996217218988235,-38.660023919172005],[-72.996297652629565,-38.660255067588658],[-72.996470773782676,-38.660487766327769],[-72.996702804926812,-38.6607170462893],[-72.996929965816491,-38.660914617648118],[-72.997177633577905,-38.66107651160727],[-72.997307185285891,-38.661168884078776],[-72.997505968715984,-38.661302936911021],[-72.997623366317782,-38.66136798149693],[-72.997881121064125,-38.661449029166825],[-72.998176269398456,-38.661530639881668],[-72.998450003764304,-38.661602875333571],[-72.998712219832527,-38.661679488617771],[-72.998963600698715,-38.661755881647359],[-72.999190710524815,-38.661827349886835],[-72.999453048810452,-38.661899382591415],[-72.999722551113749,-38.661971612056362],[-72.999982596272417,-38.66204807544208],[-73.000233855694191,-38.662128970815502],[-73.000481376114834,-38.662191768672621],[-73.000685631081055,-38.662258336056503],[-73.000870322234675,-38.662306536456221],[-73.000895034213642,-38.662309231455005],[-73.000968416444081,-38.662317268392684],[-73.00117609230908,-38.66236586127053],[-73.00135375115066,-38.662382426797613],[-73.001518123842644,-38.66241221158446],[-73.001684169408165,-38.662460164100061],[-73.001852660393766,-38.662521608390399],[-73.002020115397144,-38.662596518296041],[-73.002111617390938,-38.662661190708327],[-73.002209207563737,-38.662716875312292],[-73.002309341298201,-38.66275911703103],[-73.002416133124797,-38.662792496890482],[-73.002515891520076,-38.662821248462414],[-73.00263442675714,-38.662845814471773],[-73.002750007383369,-38.662847755473031],[-73.002861758301151,-38.662831677196031],[-73.002951653686637,-38.662801663574818],[-73.003092604671863,-38.662772556989253],[-73.003165704077617,-38.66282782523686],[-73.003188473700547,-38.662940822182833],[-73.003232850794319,-38.663049757578904],[-73.003330852920769,-38.663141508073458],[-73.003488199509917,-38.663166735077937],[-73.003641994853339,-38.663160354896888],[-73.003797891029677,-38.66313597372929],[-73.003935167392243,-38.663106770957953],[-73.004094927880246,-38.66309598037089],[-73.004267091949828,-38.663076426651777],[-73.00444995763533,-38.663034443954231],[-73.004624128951562,-38.662996891816434],[-73.004787465238991,-38.662959120287809],[-73.004963049132471,-38.66292159174494],[-73.005150500806266,-38.6628707440032],[-73.005347776136915,-38.662829003926994],[-73.005506783584181,-38.662791232326043],[-73.005680948978338,-38.662753604611389],[-73.005859703145916,-38.6627071127077],[-73.006032490809034,-38.662665030421515],[-73.006206029460614,-38.662622921937341],[-73.006369458472832,-38.6625851452538],[-73.00759612981129,-38.662560985408142]]},"properties":{"FID":13,"nombre":"HUAMAQUI ETAPA III","empresa_01":"INGENIERÍA Y SERVICOS VIALCOR LTDA.","f_inicio":"08-DICIEMBRE-2024","f_termino":"29-DICIEMBRE-2028","monto":"9.399.772.640","Activo":"69E026","NOMBREFEMN":"COILLACO\u00A0-\u00A0PELECO","ROL":"S-210","CARPETA":"Ripio","N_MOP":"19","Shape_Le_1":5.0497590928399996,"long_km":5.0497590928399996}},{"type":"Feature","id":14,"geometry":{"type":"LineString","coordinates":[[-73.02425662955045,-38.644998725145534],[-73.02408098493818,-38.645252547556105],[-73.023779130627418,-38.645549307600703],[-73.023342271055029,-38.645794198061779],[-73.022894538617308,-38.646016367234637],[-73.022486431770062,-38.646257312672184],[-73.022144442644006,-38.646553312150182],[-73.021875670894772,-38.64687320295463],[-73.021590107718239,-38.64712512598188],[-73.021260255537328,-38.647394362644974],[-73.02099093899929,-38.647709696184613],[-73.020706167916089,-38.648011173032245],[-73.020352168471987,-38.648271056985209],[-73.020033383491068,-38.648531424341314],[-73.019791968372616,-38.648743602475257],[-73.019669344050371,-38.648840644578492],[-73.019641504453389,-38.648862705285723],[-73.019392044249969,-38.649052212347726],[-73.019091864311449,-38.64929039152566],[-73.018832459781365,-38.649529232796908],[-73.018632299335465,-38.649782636605408],[-73.018429724300262,-38.650045052183003],[-73.018118703925253,-38.650283011716269],[-73.017794936804123,-38.650511816609537],[-73.017471505688221,-38.65070460239869],[-73.01721816805501,-38.650880513852321],[-73.017073237547038,-38.651085235706717],[-73.016964983831684,-38.651313192595019],[-73.016862351271101,-38.651545752750785],[-73.016772361836317,-38.651760463484699],[-73.016704527394339,-38.651930510833132],[-73.016618453058442,-38.652109227922566],[-73.016473939251583,-38.652350089815435],[-73.016403135172027,-38.652443501981658],[-73.01628357914619,-38.652558586778902],[-73.016226672964223,-38.652616177398876],[-73.01598718987816,-38.652733762371845],[-73.015724883958299,-38.652868954822132],[-73.015436779973442,-38.653030785074854],[-73.015189669026313,-38.653161764874511],[-73.01502411170344,-38.653253564213465],[-73.0149316624574,-38.653301529322263],[-73.01468812616919,-38.65343253267806],[-73.014180670088621,-38.653811376616822],[-73.013908170621889,-38.654031989741192],[-73.013667853503605,-38.654257694781016],[-73.013476938732452,-38.654434626631712],[-73.013247350401841,-38.654633472855842],[-73.013009313456394,-38.654827665197494],[-73.012832432269221,-38.655018354051869],[-73.01278040695118,-38.655153250170244],[-73.012772024730339,-38.655175009996483],[-73.012756711412749,-38.655390989133394],[-73.01277246740554,-38.655706618341839],[-73.012729927519729,-38.656048304181382],[-73.01262477720762,-38.656370890981677],[-73.012470708897041,-38.6566701456102],[-73.0122578558627,-38.656941314607828],[-73.011997616586441,-38.657157665718614],[-73.011682838940999,-38.657373086152326],[-73.011184375468773,-38.65773847492396],[-73.010990907259796,-38.657928919215031],[-73.010846445629582,-38.658088682899461],[-73.010720885135711,-38.658266759581302],[-73.010629705089741,-38.658445426457675],[-73.01054677774485,-38.658615176130709],[-73.010451765813883,-38.658802754994468],[-73.010325077801596,-38.658994373098281],[-73.010185192713848,-38.659172129712644],[-73.010037682043389,-38.659336350283617],[-73.009844832794059,-38.659531272389941],[-73.0096491921162,-38.65972171519509],[-73.009457217809782,-38.659912105636529],[-73.009300217693379,-38.660058130613841],[-73.009167483680329,-38.660181998589124],[-73.009154713784042,-38.660194316819414],[-73.009103282347894,-38.660243968490953],[-73.008988702055476,-38.660386249600634],[-73.008900897407798,-38.660524364966633],[-73.00883839930006,-38.660653937477498],[-73.008784353540676,-38.660788237620466],[-73.008728228175855,-38.660922387882486],[-73.008621597972038,-38.661141354176799],[-73.008432991134541,-38.661417440332308],[-73.008221522287428,-38.661688628678206],[-73.00800575631169,-38.661982321450267],[-73.007787664227308,-38.662284947889255],[-73.00759612981129,-38.662560985408142],[-73.007476212446988,-38.66276623966337],[-73.007339053690558,-38.662998131946289],[-73.007169127398299,-38.66332411816002],[-73.007002118496573,-38.663650151119832],[-73.00685055288173,-38.663962888711907],[-73.006727590005667,-38.66422661178337],[-73.00665962956748,-38.664423662667829],[-73.006630351007274,-38.664571869269757],[-73.006632631984459,-38.664747621578719],[-73.006679918965204,-38.665036714124575],[-73.006708395460038,-38.665280483091223],[-73.006725127406696,-38.665506061129541],[-73.006740066402187,-38.665718051144907],[-73.006763671791006,-38.665930186189819],[-73.006778860845472,-38.666133165280534],[-73.00679700082334,-38.666331689336403],[-73.006816740947585,-38.666503227589281],[-73.006829186497129,-38.666598057139566],[-73.006871107143951,-38.666846603785984],[-73.006910574809012,-38.667108515564074],[-73.0069507403324,-38.667393055984036],[-73.006994170647417,-38.66766862965423],[-73.007017434105535,-38.667889778444639],[-73.007017771134883,-38.667894120120792],[-73.007028758330719,-38.668052160710793],[-73.007023673805207,-38.668340392735864],[-73.00699808720357,-38.668664303507356],[-73.006964525808129,-38.668970114659984],[-73.006991125887154,-38.669254383210117],[-73.007043125487286,-38.669503025831645],[-73.007209632185138,-38.669609466698532],[-73.007319699453944,-38.669606869758368],[-73.007455356532503,-38.669609150175297],[-73.007553710585938,-38.669610865936107],[-73.007784271210951,-38.669637337616123],[-73.007907904312674,-38.669661943788896],[-73.008194045978712,-38.669702813667975],[-73.008496901041383,-38.66976657168069],[-73.008761476776584,-38.669834152583661],[-73.008907473268422,-38.669881676041427],[-73.009038805915026,-38.669937966585877],[-73.009348433742034,-38.670141460667672],[-73.00974185993438,-38.670409517251507],[-73.010113262064607,-38.670618561700373],[-73.010492106930542,-38.670814216535312],[-73.010806918836124,-38.670990745000125],[-73.011070797642276,-38.671161938711563],[-73.011319861764221,-38.671377911543999],[-73.011405101390835,-38.671618106121066],[-73.01139228838251,-38.671824997392392],[-73.011390917383849,-38.671847623277223],[-73.011318514723783,-38.672076188022892],[-73.011176065038129,-38.672393636280866],[-73.01100242941618,-38.672724034654756],[-73.01086751870983,-38.673055168174358],[-73.01078595382468,-38.673355619575787],[-73.010789587111162,-38.673666499619827],[-73.010797083714408,-38.673963966334043],[-73.010828115616548,-38.674167211625196],[-73.010847615532953,-38.674320753437115],[-73.010839080687717,-38.674523366083179],[-73.010853535986527,-38.674753374814898],[-73.01085442387641,-38.674983111258101],[-73.010809947222626,-38.675108524480784],[-73.010754188019305,-38.67520215524938],[-73.010643307145017,-38.675421047746532],[-73.010624448101296,-38.675686510607896],[-73.01062528562143,-38.675992838542633],[-73.010626717351883,-38.676254210695085],[-73.010628174126595,-38.67637457820657],[-73.010628629956841,-38.67641639811152],[-73.010622103295958,-38.676628017651488],[-73.010622655147657,-38.676893846795423],[-73.010633695286529,-38.677168834415319],[-73.010643576659021,-38.677434860132301],[-73.010658785148465,-38.677664842857048],[-73.010672956079588,-38.678034536133815],[-73.010694034136549,-38.678413289991759],[-73.010679935803935,-38.678768976317457],[-73.010663159517875,-38.679088526686137],[-73.010664878751257,-38.679390396580686],[-73.010670294935778,-38.679633776349938],[-73.010667683878111,-38.679782395061792],[-73.010645946486633,-38.680097393477475],[-73.010604479422938,-38.68037602885822],[-73.010566182363931,-38.680645701195111],[-73.010562981351853,-38.680839349575628],[-73.010591509628526,-38.681051609642317],[-73.010679397348198,-38.681278357901547],[-73.010755618758765,-38.681586007035982],[-73.010757044868058,-38.68182030007361],[-73.010739060742125,-38.681901048457632],[-73.010695877649709,-38.6820850022307],[-73.010622342589159,-38.682354114543031],[-73.010562120035786,-38.682632361261248],[-73.010499289463354,-38.682879117291456],[-73.010446237578108,-38.683031387349033],[-73.010327334661923,-38.683250112905988],[-73.0101896088308,-38.683423442196556],[-73.010111918216296,-38.68351723531952],[-73.010108562299862,-38.683521187034366],[-73.009970051204448,-38.683699044949158],[-73.009802710839608,-38.683903421315939],[-73.009708255410814,-38.684018966085006],[-73.009524055868098,-38.684263618222452],[-73.009254840423836,-38.684592352306723],[-73.008977053037114,-38.68492101182671],[-73.00874181494676,-38.685214342018341],[-73.008600378364662,-38.685392151072257],[-73.008414628998665,-38.6856142762689],[-73.008234873499873,-38.68582741514021],[-73.008062607847762,-38.686130830088423],[-73.008025871256208,-38.686418525677375],[-73.008009135883682,-38.686634553529885],[-73.008026299251412,-38.686715939935745],[-73.007986932231063,-38.686863902332078],[-73.007988225974074,-38.687102700898215],[-73.007970238011723,-38.68736370650381],[-73.007947159098919,-38.687624592004973],[-73.00792042863344,-38.68781336620799],[-73.007915326767446,-38.687925916743509],[-73.007914889248767,-38.687934933441305],[-73.007925089638121,-38.688083777370018],[-73.007955498626259,-38.688309548861504],[-73.008010438957029,-38.688531232131389],[-73.008114692047286,-38.688735728037742],[-73.008256514170554,-38.688958855485588],[-73.008399845697312,-38.68915507388315],[-73.008435947823429,-38.689223266002053],[-73.008475980300688,-38.689309549042527],[-73.008547536679174,-38.689526971955161],[-73.008621014455869,-38.689753478735135],[-73.00863851662362,-38.689979029253443],[-73.008635225784914,-38.690199760792787],[-73.008628314497273,-38.69039781575966],[-73.00862960927131,-38.690609608457152],[-73.008643737569329,-38.690749537391511],[-73.008641566270569,-38.69092964731292],[-73.008599797867575,-38.691167710385209],[-73.008567225985772,-38.691356391437324],[-73.008526080639228,-38.69157192858259],[-73.008477679019805,-38.691787345688994],[-73.008432988137983,-38.69202536247694],[-73.008392093010897,-38.692231888671181],[-73.008385306412322,-38.692398507584386],[-73.00839046841412,-38.69247064003671],[-73.008394680717103,-38.692655474804475],[-73.008355486031746,-38.692722341719154],[-73.008345383286184,-38.692811083801232],[-73.008324121239283,-38.692996645108131],[-73.008390561738011,-38.693191518262374],[-73.008524564525814,-38.693360460938401],[-73.008785451914861,-38.693567619997943],[-73.008971483936264,-38.693778013371812],[-73.009158938511717,-38.694015510328434],[-73.009300942634965,-38.69428371253673],[-73.009415874801789,-38.694569520793266],[-73.009542558946265,-38.694873517862177],[-73.00969177117473,-38.695191425118665],[-73.00985769301316,-38.695505068997726],[-73.009990671651011,-38.695687547260583],[-73.01006089820504,-38.695769840227229],[-73.010299808341415,-38.695967642736967],[-73.010634844793088,-38.696167011331134],[-73.010967148039327,-38.696339394290675],[-73.011202622939763,-38.696474005351092],[-73.011416330998188,-38.696594827023667],[-73.011666981520406,-38.696729726858031],[-73.011863813610489,-38.696836666329915],[-73.011982040416243,-38.696901739755781],[-73.012198444366547,-38.69700003783823],[-73.0124892103116,-38.697113118541367],[-73.012753487954939,-38.697198701010713],[-73.013080158802126,-38.697285385784149],[-73.013104439861564,-38.697291929333055],[-73.013186470649359,-38.697314196735164],[-73.01334343207084,-38.697379929851934]]},"properties":{"FID":14,"nombre":"HUAMAQUI ETAPA III","empresa_01":"INGENIERÍA Y SERVICOS VIALCOR LTDA.","f_inicio":"08-DICIEMBRE-2024","f_termino":"29-DICIEMBRE-2028","monto":"9.399.772.640","Activo":"69S1478","NOMBREFEMN":"RANQUILCO\u00A0-\u00A0ALTO\u00A0RAULIES","ROL":"S-196","CARPETA":"Ripio","N_MOP":"20","Shape_Le_1":6.8996355890899999,"long_km":6.8996355890899999}},{"type":"Feature","id":15,"geometry":{"type":"LineString","coordinates":[[-72.908153684446418,-38.66005405273868],[-72.908163008857883,-38.660057651678486],[-72.908312116168773,-38.660115454785],[-72.908641857420776,-38.660161900692202],[-72.909045251398581,-38.660268230529823],[-72.909452322884675,-38.660397161931606],[-72.909849967631331,-38.660480807572824],[-72.910285079236743,-38.660511103237205],[-72.91039248746236,-38.660522043318743],[-72.910750734964864,-38.660550999577588],[-72.911183153998707,-38.660599238769663],[-72.911506001131684,-38.660636535701265],[-72.912327179318453,-38.660750333180921],[-72.912437377289848,-38.660765826477423],[-72.912735995683775,-38.66079367507561],[-72.913061894181496,-38.660826512410239],[-72.913157059222826,-38.660837270175229],[-72.913349114430375,-38.660854151495364],[-72.913733925615418,-38.660883537553197],[-72.91417708875062,-38.660931995250152],[-72.914653840653557,-38.660963018411451],[-72.915128356067825,-38.660921951320915],[-72.915579725120054,-38.66093448976838],[-72.915789283545053,-38.660965168827637],[-72.915789949898553,-38.660965294238807],[-72.91596145006622,-38.660972825842329],[-72.916336676619068,-38.66101108361098],[-72.916712081613738,-38.661166433793682],[-72.917069399658956,-38.661402523182034],[-72.917153271035232,-38.661458075251652],[-72.917337139715826,-38.6615560226981],[-72.917499686172874,-38.661621922473074],[-72.917675007761318,-38.661670127537299],[-72.917974353172426,-38.661725018241178],[-72.918076638791646,-38.661740328403084],[-72.91847472556411,-38.661783494382838],[-72.918911389954729,-38.661809277677335],[-72.919282964186678,-38.661775336875294],[-72.919640119011405,-38.661718636247151],[-72.920099946660073,-38.661641221060371],[-72.920467185792859,-38.66160720116126],[-72.920710608745452,-38.661634078370021],[-72.920950809463363,-38.661674345145038],[-72.921288744350804,-38.661734425140686],[-72.921701504921415,-38.66176882234317],[-72.921811926457323,-38.661759064095428],[-72.921871399895025,-38.661753820078665],[-72.922290374908457,-38.661671127913614],[-72.922749733234966,-38.661557636331878],[-72.923260544577644,-38.661454073705613],[-72.923711735435859,-38.661371990956042],[-72.923927302378715,-38.661371316169351],[-72.924153882999875,-38.661406867989115],[-72.924274434429833,-38.661436095774491],[-72.924582687242378,-38.661531622119242],[-72.924930832043046,-38.661587363940846],[-72.925333680207075,-38.661517894061113],[-72.92555557800452,-38.661467786682856],[-72.92565073473196,-38.661455955455438],[-72.925980036739077,-38.661394268375311],[-72.926225280197983,-38.661358059049988],[-72.92637897471954,-38.661306700756612],[-72.92673548835964,-38.661222919936073],[-72.927141550795028,-38.661140054293796],[-72.927548141593434,-38.661061670344715],[-72.927723767311377,-38.661024183315099],[-72.927725070122335,-38.661023918066931],[-72.928142591383605,-38.660923471438743],[-72.928595452003677,-38.660760296017116],[-72.929055367807194,-38.660574745265976],[-72.929504090717188,-38.660434063579402],[-72.929932035576172,-38.660310975776618],[-72.930406963120902,-38.66017973806342],[-72.930601098507495,-38.660124579262074],[-72.930870629499836,-38.660066292345633],[-72.931303900742307,-38.659983824214585],[-72.931656549854381,-38.659886434074267],[-72.931833224915408,-38.659835549822731],[-72.932148477288123,-38.659737499402091],[-72.932532935211896,-38.659703746817179],[-72.932728170576937,-38.659508941660327],[-72.932802535143153,-38.659194909432948],[-72.93283310629873,-38.659105335969294],[-72.93305425738383,-38.658933565316779],[-72.933477403101222,-38.658855415313134],[-72.933936826763869,-38.658836546592696],[-72.93431100889957,-38.658838625437532],[-72.934408855368986,-38.658833041931828],[-72.934431088129742,-38.658831776743114],[-72.935017177837352,-38.658806054165879],[-72.935175806971657,-38.658808899706727],[-72.935402982244227,-38.658803827671527],[-72.93569369612365,-38.65878193058974],[-72.935803790542792,-38.658774900596399],[-72.936136466599379,-38.658771731037575],[-72.93635192886974,-38.658771036796558],[-72.936620011984047,-38.658739717485957],[-72.936983024563091,-38.658629049292706],[-72.937306351458815,-38.658472568347833],[-72.937461278631659,-38.658430230345665],[-72.937655546615687,-38.658393132781008],[-72.937923283350131,-38.658249149429317],[-72.938162337793429,-38.658050644785426],[-72.938321922214527,-38.65784618717457],[-72.938396394540902,-38.6577799244251],[-72.938507698185575,-38.657678328990976],[-72.938712096247286,-38.657537734153649],[-72.939047905651265,-38.657349911424305],[-72.939412210197347,-38.65721668678254],[-72.93981555606662,-38.657102141234759],[-72.940197439845917,-38.657009789548326],[-72.940619953464193,-38.656949639730101],[-72.941041680633987,-38.656894014967243],[-72.94143694792804,-38.656860385358677],[-72.941823376809623,-38.656885196556104],[-72.942180303052822,-38.656936531672038],[-72.942564323105103,-38.656992854950722],[-72.94295842145695,-38.657049352472598],[-72.943366052835444,-38.657110631649708],[-72.943772266344681,-38.657171808787503],[-72.944106247132609,-38.657218231936604],[-72.944143940634575,-38.657224337986058],[-72.944415795835084,-38.657268725416067],[-72.944659955378114,-38.657345113109741],[-72.944856460194544,-38.657407097255089],[-72.945143884290104,-38.657200451861442],[-72.945217700023576,-38.657156637479694],[-72.945431787110721,-38.657101887315257],[-72.945717481542843,-38.657057334253423],[-72.946039831941548,-38.657035966222203],[-72.946341732845326,-38.657027757646276],[-72.946505991906321,-38.6570081141816],[-72.946658209155345,-38.657010791839561],[-72.946845150829049,-38.657054575395442],[-72.946963275936739,-38.657092715361273],[-72.947217657726199,-38.657187272292994],[-72.947483531760639,-38.657282030408581],[-72.947512364674338,-38.657354621368334],[-72.94739609139431,-38.657577844513341],[-72.947302272425986,-38.65779698976128],[-72.947209896319052,-38.658011583766701],[-72.947129519714196,-38.658136343603068],[-72.946854853269144,-38.658374733373009],[-72.946718040797066,-38.658561610376161],[-72.946546197188397,-38.658770330019344],[-72.946365814939256,-38.658974395025261],[-72.946246468681409,-38.659179496683436],[-72.946123158893386,-38.659398086834607],[-72.945996907189382,-38.659643635334589],[-72.945914457353027,-38.659889991024151],[-72.945809762160977,-38.66011341220905],[-72.945686741277612,-38.660318489215697],[-72.945654532890217,-38.660389970266287],[-72.945547812749524,-38.660631390317747],[-72.945439444169523,-38.660854788028097],[-72.945376652346098,-38.661092435738162],[-72.945274650371047,-38.661320414399803],[-72.945169466557871,-38.661557280957759],[-72.945062378117228,-38.661785210562186],[-72.944954886124066,-38.662004077312893],[-72.944865432093948,-38.662241223623312],[-72.94479228817049,-38.662465201923411],[-72.944757606052903,-38.662649290552316],[-72.944785911782745,-38.662838998861524],[-72.944855111955675,-38.663002239206769],[-72.944855218370833,-38.663002456430419],[-72.944898478134874,-38.663097803705782],[-72.944985019739903,-38.663261490242803],[-72.945080267807313,-38.663420899224626],[-72.945168868198351,-38.663562085414021],[-72.945270102732763,-38.6636900056073],[-72.94534301472477,-38.663776897456898],[-72.945414256426943,-38.663872775009224],[-72.945451385330571,-38.663981536543176],[-72.945423375153808,-38.664107181833025],[-72.94540213706783,-38.664246471015339],[-72.94536132835043,-38.664394389928347],[-72.945315705811808,-38.664555752730699],[-72.945269425018836,-38.664717138181565],[-72.945237429161665,-38.664883279948462],[-72.945190520755844,-38.66504011208751],[-72.945164936129132,-38.665156820860382],[-72.945146511252275,-38.665273657258616],[-72.945124158635181,-38.665380665250183],[-72.945124100523884,-38.665381331012597],[-72.945122568655862,-38.665457899518053],[-72.945263199432446,-38.665496713445783],[-72.945371796681556,-38.66552723049606],[-72.945491734566019,-38.665586555350075],[-72.945632265689525,-38.665670082144494],[-72.945769690650266,-38.665755939301576],[-72.94588037452101,-38.665819869576843],[-72.945973367538016,-38.665864416241199],[-72.946036443457459,-38.665891748757112],[-72.946145722631456,-38.665898436851961],[-72.94629215573417,-38.665881936339566],[-72.946396241085296,-38.665857540138411],[-72.94649431659748,-38.665830654088126],[-72.946613735510951,-38.665801758594284],[-72.946748759171044,-38.665758832700931],[-72.946902425824291,-38.665701929703843],[-72.947099052474286,-38.665631476492528],[-72.947244351069727,-38.665548201680309],[-72.947322103383684,-38.665487581071588],[-72.947391213490661,-38.665410120169561],[-72.947487269361872,-38.665347436572972],[-72.947561437360818,-38.665305825601202],[-72.947738601773594,-38.665277942602032],[-72.947870108057103,-38.665251642175058],[-72.948022957521488,-38.665223331974907],[-72.948154735725723,-38.66518750008489],[-72.948314070917476,-38.665144998999558],[-72.948449364468971,-38.665092539936332],[-72.948523078008762,-38.664960326039704],[-72.948634689719754,-38.664778711443283],[-72.948753943960739,-38.664542397725704],[-72.948842601200056,-38.664312699720668],[-72.948903543363528,-38.664201718438719],[-72.948954687022436,-38.664114405473939],[-72.949001908275207,-38.664058016530035],[-72.949055071193158,-38.664006499297173],[-72.94912045858473,-38.66395281316165],[-72.949175322316293,-38.663841724203856],[-72.949259984829993,-38.663645332826327],[-72.949346123763704,-38.663503799467627],[-72.949461906294829,-38.663389011269871],[-72.949740554309855,-38.663107811234632],[-72.950004460005687,-38.66291694550263],[-72.950380902002138,-38.662618385712285],[-72.950532676019904,-38.662520914954079],[-72.950962934573084,-38.662254289397097],[-72.951315242287677,-38.662055433872418],[-72.951693745531458,-38.661897564959304],[-72.951973364428369,-38.661795180127399],[-72.952208805896205,-38.661749239146033],[-72.952553792313452,-38.661700446661115],[-72.953011022276613,-38.661660771777122],[-72.953300624622159,-38.661634848615073],[-72.953492837962443,-38.66161198769511],[-72.953709227909258,-38.661594318889996],[-72.954035163930811,-38.661573798185962],[-72.954236020203936,-38.66156777582048],[-72.954624489233524,-38.661593644789569],[-72.954831016268045,-38.661602025841923],[-72.95499796642568,-38.661612097641864],[-72.955156138698698,-38.661610095556583],[-72.955449987780142,-38.661648611311584],[-72.955842706843583,-38.661738920543328],[-72.956096234529809,-38.661805337525891],[-72.956244409522768,-38.661834153004911],[-72.956431415393197,-38.661887486350942],[-72.956589645849675,-38.661990382162536],[-72.956781976068783,-38.662177316406023],[-72.956985719766394,-38.66239067424528],[-72.957140296084162,-38.662622244557483],[-72.957231870234111,-38.662716823166328],[-72.957401922670542,-38.662831844571414],[-72.957509438154176,-38.662900476975459],[-72.95762019639605,-38.662962013303662],[-72.957969157606598,-38.66309446323401],[-72.958344864553212,-38.663248836123856],[-72.958525593866355,-38.663309209180859],[-72.958896442388038,-38.663420582452773],[-72.959271414048629,-38.663493881901303],[-72.959588302475595,-38.663578086694955],[-72.959920456542974,-38.663660171884501],[-72.960234171829171,-38.663749087988634],[-72.960497032190261,-38.663808506598293],[-72.960750571819986,-38.663874914680889],[-72.960904290109966,-38.663922892842848],[-72.96104605475476,-38.663963509726116],[-72.961266366539391,-38.664022184622539],[-72.961386990547382,-38.664057664955394],[-72.9615469913456,-38.664098600094164],[-72.961785404465857,-38.664162358017677],[-72.961944458625624,-38.664236652326615],[-72.962094328285886,-38.664313170547516],[-72.962277697759149,-38.664387888212197],[-72.962464309750487,-38.664455510373607],[-72.962667446143044,-38.66453814171534]]},"properties":{"FID":15,"nombre":"HUAMAQUI ETAPA III","empresa_01":"INGENIERÍA Y SERVICOS VIALCOR LTDA.","f_inicio":"08-DICIEMBRE-2024","f_termino":"29-DICIEMBRE-2028","monto":"9.399.772.640","Activo":"69E032","NOMBREFEMN":"BOLILCHE\u00A0-\u00A0ESCUELA\u00A0CURACO","ROL":"S/R-S-218","CARPETA":"Ripio","N_MOP":"18","Shape_Le_1":6.4816042937300002,"long_km":6.4816042937300002}},{"type":"Feature","id":16,"geometry":{"type":"LineString","coordinates":[[-72.885130839859031,-38.693968505468213],[-72.885220169707537,-38.693839503969151],[-72.885406561532704,-38.693658203553419],[-72.885620096242548,-38.69343224409571],[-72.885657150733934,-38.693386295031644],[-72.885702218707465,-38.693330118938682],[-72.885846511330186,-38.693188589036907],[-72.885953610328428,-38.693064382019479],[-72.886116605504299,-38.692896181999018],[-72.886329344750934,-38.692674748069493],[-72.886576359012537,-38.692413434923715],[-72.886845385096109,-38.692134417995689],[-72.887148554686206,-38.691820099080338],[-72.88745135847806,-38.691514721035851],[-72.887719629545529,-38.691213221602297],[-72.887950446180355,-38.69091555093673],[-72.888207608465621,-38.690622832149536],[-72.888372497863557,-38.690441136488246],[-72.888457922897629,-38.690370555173189],[-72.888591100897386,-38.690237803484351],[-72.888720924845231,-38.690100514647689],[-72.888893367087306,-38.689927938080778],[-72.889030302994044,-38.689718690720881],[-72.889100198108792,-38.689467625016704],[-72.889151744242085,-38.689157697591106],[-72.889214696799584,-38.688825475096976],[-72.889299488606099,-38.688507135584153],[-72.889467100173889,-38.688181314149681],[-72.889628564313568,-38.687868906208891],[-72.889809040382161,-38.68754774782677],[-72.88997495896075,-38.687272378993271],[-72.889978245386033,-38.687267031117713],[-72.890064765699222,-38.68713339666656],[-72.890234321691594,-38.686888676495244],[-72.890357413082228,-38.686710732267386],[-72.890463651858781,-38.686518886944526],[-72.890547949380803,-38.686191560257107],[-72.890550492788449,-38.685813167195455],[-72.890497892974622,-38.685424804586795],[-72.890459711155557,-38.685036699419044],[-72.890435414107444,-38.684666800900956],[-72.890426371390475,-38.684265697668252],[-72.890414184647781,-38.683823968813421],[-72.890387187247143,-38.683372992793828],[-72.890375004152332,-38.682908758424958],[-72.890364810793486,-38.682543701548163],[-72.890372624579697,-38.682399629524255],[-72.890374866257986,-38.682390626140112],[-72.890405336671151,-38.682265057855837],[-72.890528718022765,-38.68192941941227],[-72.890695862606393,-38.681522446799256],[-72.890847891600444,-38.681164823822513],[-72.890973303560642,-38.680856271877168],[-72.891109594216971,-38.680619890109149],[-72.891272865257591,-38.680514762466032],[-72.89162519018879,-38.680408499453257],[-72.892109709800692,-38.680349628305549],[-72.892452395359697,-38.680324260077711],[-72.892758824775115,-38.680284752194304],[-72.893163628218261,-38.68022447575391],[-72.893628869403059,-38.680138276087504],[-72.894090961235733,-38.680033953558656],[-72.894493406176892,-38.679906014245411],[-72.894790546523652,-38.679794277565996],[-72.894911818153432,-38.67975142052746],[-72.895203111349275,-38.679639509013512],[-72.895578585123516,-38.679502061689249],[-72.89586130576933,-38.679390065375429],[-72.895866557090798,-38.679387972140518],[-72.895990001082225,-38.679338326703196],[-72.89633403887126,-38.67921837991338],[-72.896792539231186,-38.67909144035491],[-72.897325628929494,-38.678992927074503],[-72.897871662541235,-38.678890141541359],[-72.898192402690938,-38.678805795222218],[-72.898379231053369,-38.678732560124985],[-72.898689829271873,-38.6785759441834],[-72.89909039520181,-38.678389464198922],[-72.899511777098454,-38.678180743130071],[-72.899966796029474,-38.677950162430456],[-72.900364298610072,-38.677745555071112],[-72.900747875568356,-38.677549750943264],[-72.901121496087853,-38.677326680254843],[-72.901249247213187,-38.677036117443166],[-72.901245188389566,-38.676878347863159],[-72.901242520382453,-38.676576498895791],[-72.901260241896537,-38.676315511033764],[-72.9012698760408,-38.676298809082553],[-72.901309383753258,-38.676230785162019],[-72.901494841025325,-38.67600440724955],[-72.901771533511166,-38.675730044665386],[-72.901907317473444,-38.675606341475472],[-72.902022375264963,-38.675504802401591],[-72.902194544255096,-38.675390729888747],[-72.902273439725604,-38.675320061369554],[-72.902466466811902,-38.675156812931753],[-72.902745946886782,-38.674932087369442],[-72.90304690222267,-38.674662666648594],[-72.903318330200747,-38.674397256878486],[-72.903625028636739,-38.674127938500192],[-72.904002993890359,-38.673900434455369],[-72.904284033141124,-38.673747817250515],[-72.904547626407364,-38.673675916543303],[-72.904649606680636,-38.673650739792805],[-72.904903217574329,-38.673601233442135],[-72.905113109167701,-38.67357340730323],[-72.905589658935128,-38.673536957707178],[-72.906050469564875,-38.673500146773343],[-72.906443556363911,-38.673448628915814],[-72.906490035416979,-38.673439621720114],[-72.907039482560734,-38.673333138753677],[-72.907494309838341,-38.673233139452712],[-72.908240748921074,-38.673079844502276],[-72.909312671369904,-38.671742948763345],[-72.909397547935242,-38.671172314511018],[-72.909492172662667,-38.67026399796471],[-72.909317834332512,-38.666701849051208],[-72.909371520053739,-38.666360408350208],[-72.909374907938854,-38.666337937162062],[-72.90941003367476,-38.666099830863935],[-72.90944697383442,-38.665767141755843],[-72.909445289795329,-38.665456257731968],[-72.90942213410608,-38.665338678665577],[-72.909352412015252,-38.665143705228196],[-72.909257671167666,-38.664943813331035],[-72.909114985173815,-38.664661925784493],[-72.909072260648244,-38.664575548918982],[-72.909014006129794,-38.664452871936511],[-72.908872075381979,-38.664148527097268],[-72.90869113377282,-38.663775832225625],[-72.908525434298667,-38.66337193227907],[-72.908393917751567,-38.663004665968273],[-72.908284106171891,-38.662633279830374],[-72.908210091358285,-38.66224003467223],[-72.908192948498481,-38.662113546954792],[-72.908194068576279,-38.66202348853767],[-72.908217648243223,-38.661780676928849],[-72.908239808918538,-38.661515260382593],[-72.908244244515743,-38.661114372070209],[-72.908239945053893,-38.660767420500591],[-72.90823512748787,-38.66072212838111],[-72.908219027370677,-38.660573321240534],[-72.908170200725095,-38.660302163616613],[-72.908153684446418,-38.66005405273868],[-72.908032291561682,-38.659808639222263],[-72.907986679582294,-38.659650121359043],[-72.90796816163018,-38.659519103690847],[-72.907952174149074,-38.659230539439918],[-72.90801558103378,-38.65885320908972],[-72.90813083514216,-38.658472373083228],[-72.908199270860194,-38.658068163054274],[-72.908215819227564,-38.657671961371612],[-72.908241067338338,-38.657226399592723],[-72.908347095911353,-38.656764262648906],[-72.908495476790733,-38.656329928327857],[-72.90859034599508,-38.656079491838604],[-72.908590431968634,-38.656079341097943],[-72.908639981103107,-38.655954089455641],[-72.908786719235792,-38.655650413530445],[-72.908968391061833,-38.655279749594833],[-72.909168472969654,-38.654846266732456],[-72.909338518781297,-38.654479902230293],[-72.909379066168739,-38.65439501787035],[-72.909454156272659,-38.654234230698364],[-72.909615593007771,-38.653894717363684],[-72.909814129847163,-38.653488291355856],[-72.910046155392507,-38.653064437000033],[-72.910318497814188,-38.652663877715497],[-72.910539781393794,-38.652388473080414],[-72.91077905646334,-38.652113425499195],[-72.911050447521973,-38.651816493215016],[-72.911243312227512,-38.651611989999104],[-72.911246872512635,-38.65160825474215],[-72.911448557603009,-38.651436143131946],[-72.911794695954995,-38.651190055367522],[-72.912145917681784,-38.650966521558615],[-72.912283286710121,-38.650883410790591],[-72.912571014565202,-38.650694838358241],[-72.912940818535901,-38.650422128841065],[-72.913270490137919,-38.650126116936434],[-72.91335844322802,-38.650037577162664],[-72.913576982792179,-38.649784689883113],[-72.913859377644542,-38.649429312601036],[-72.914176630673325,-38.649038529407399],[-72.914365986127692,-38.648766980786121],[-72.914440368135388,-38.648660311202185],[-72.914718381305576,-38.648286853120055],[-72.915022688220162,-38.647922843996426],[-72.91504865851104,-38.647891794363055],[-72.915125341757985,-38.647798538838764],[-72.915319546079047,-38.64751370330751],[-72.915368238853645,-38.64740808797832],[-72.915451397881768,-38.647227710858928],[-72.915529901059656,-38.646922773141711],[-72.91554868537645,-38.646571726956033],[-72.915547832851232,-38.646202228456559],[-72.915581548905394,-38.64583341641795],[-72.915853717221168,-38.645586032588326],[-72.916215250533,-38.645398740891167],[-72.916630776982359,-38.645185361148144],[-72.917121446499351,-38.644928287073711],[-72.917637521421,-38.644662685155843],[-72.91813799874862,-38.644414795559371],[-72.918571540209854,-38.644197263841299],[-72.918934565238601,-38.644009987394327],[-72.919373617450788,-38.643774558366481],[-72.919838956342346,-38.643526070360977],[-72.920285380082007,-38.643286184369039],[-72.92062886717018,-38.643103100004275],[-72.920653763669293,-38.643067953575454],[-72.920658816938328,-38.643060829551388],[-72.920717188877418,-38.642978533929508],[-72.920987820455579,-38.64289787573027],[-72.921045289459187,-38.642880747399687],[-72.921434496196071,-38.642680408978812],[-72.921739405815075,-38.642514628815476],[-72.921928711258317,-38.642423417835396],[-72.922286234041934,-38.642227018767926],[-72.922723690126176,-38.642023063958725],[-72.923136596668328,-38.641872690899071],[-72.923175515407621,-38.641859058849164],[-72.923418072339771,-38.641774101072002],[-72.923594707281495,-38.641723158662025],[-72.923943841426919,-38.641643767549049],[-72.924381744689896,-38.641570468923582],[-72.924865304457569,-38.641511425353372],[-72.925332003773136,-38.641488216752236],[-72.925808811369649,-38.641460607290135],[-72.926281930576636,-38.641387889188223],[-72.926687389866444,-38.641295971825429],[-72.926770392333381,-38.641273996910812],[-72.926782909118288,-38.641270624489927],[-72.92691660746236,-38.641241484647487],[-72.926942486653218,-38.641235375593766],[-72.927271609652294,-38.641157681345831],[-72.927583422019254,-38.641080808415389],[-72.927680901859475,-38.641056776391487],[-72.928117903876029,-38.640965416590767],[-72.928541370918282,-38.640846766460648],[-72.928909056565672,-38.640695605983822],[-72.929054659423599,-38.640626144809481],[-72.929332565723215,-38.640500360856343],[-72.929707923994613,-38.64033130435984],[-72.930131168472855,-38.640145067609318],[-72.930487125065738,-38.639975702096187],[-72.930833113511312,-38.639756570125932],[-72.93113142145836,-38.639469018527343],[-72.931405308890248,-38.639208038955921],[-72.931483220445955,-38.639146386988678],[-72.931630505252116,-38.639018352684644],[-72.93192763413164,-38.638771273587949],[-72.932208024415203,-38.63853294799366],[-72.932317441990705,-38.638435037879013],[-72.932321568773872,-38.638431357023975],[-72.932607829505443,-38.638188627118204],[-72.932883977117115,-38.637950221226959],[-72.932960273283356,-38.637865969900325],[-72.933218018221481,-38.637667806391995],[-72.93347477396614,-38.637451597279799],[-72.933676061463714,-38.637270459883716],[-72.933881586000822,-38.637089401488581],[-72.934156478428662,-38.636841958772614],[-72.93441566912216,-38.636567226922345],[-72.934680262182809,-38.636252024977964],[-72.934960766385672,-38.635937097950041],[-72.93525689085034,-38.635599950082501],[-72.935504714063271,-38.63532050786781],[-72.935613939752756,-38.635191758598744],[-72.935809627114196,-38.634979004749212],[-72.9359760112808,-38.634772166963153],[-72.936059765261973,-38.634668049657073],[-72.936316928723954,-38.634361726878417],[-72.936561400929179,-38.634100251606434],[-72.936626175338077,-38.634042801999918],[-72.936626534527917,-38.634042494767627],[-72.936691573792359,-38.633989906521819],[-72.93695911147806,-38.633800924103724],[-72.937301010096476,-38.633568113009787],[-72.937658563640198,-38.633344661465536],[-72.938061221439639,-38.633122049096499],[-72.938459765547293,-38.632894777284719],[-72.938613662936248,-38.632784885135742],[-72.938734471031239,-38.632678838297352],[-72.938978422618675,-38.632457884689273],[-72.939278446841215,-38.632183905284656],[-72.939592509757645,-38.631896612311913],[-72.939900561953252,-38.631618154726631],[-72.940233243184565,-38.631358272072688],[-72.940585536114909,-38.631166200887002],[-72.940885478603562,-38.631045328008042],[-72.941035640406014,-38.630966917517995],[-72.941052899584065,-38.630960875182389],[-72.941268411650896,-38.630885425110144],[-72.941414237050083,-38.630806865703732],[-72.941626742052307,-38.630680013134523],[-72.941780075062923,-38.630592566653384],[-72.942096735524231,-38.630440431388358],[-72.942448283183381,-38.630270958944052],[-72.942669055264403,-38.630157697350029],[-72.942739318390508,-38.630059845191042],[-72.942701359367632,-38.629806857139698],[-72.942635547917021,-38.629648001597197],[-72.94265755197253,-38.629531265729817],[-72.942830718471356,-38.629448756729985],[-72.943028857268345,-38.629375660378798],[-72.943240552567033,-38.629302770558297],[-72.943450835275499,-38.629229854608411],[-72.943690754531289,-38.6291484847644],[-72.943979434984826,-38.629045472084293],[-72.944256494160129,-38.62894668764271],[-72.9445844937418,-38.62884883925669],[-72.944965444474022,-38.628783438695464],[-72.945368249090521,-38.628704903051705],[-72.945687834471912,-38.628525800738892],[-72.945973612267835,-38.628274052888237],[-72.946245380852019,-38.628031041913609],[-72.946352524734365,-38.627938583722589],[-72.946352887511182,-38.62793834950859],[-72.946447010169891,-38.627858873985858],[-72.946679534193123,-38.627709790934091],[-72.947012767583246,-38.62753096234929],[-72.947375003235734,-38.627339051948738],[-72.947739902214067,-38.627156273469751],[-72.948120099275272,-38.626991718636624],[-72.948509393386075,-38.626831872491508],[-72.948913456563488,-38.626685767572333],[-72.949197638093111,-38.626614179430319],[-72.949365921024039,-38.626576614654944],[-72.949503156436023,-38.626547478109416],[-72.9496445940309,-38.626522921295738],[-72.949800986453155,-38.626476090831403],[-72.950138285501069,-38.626378355403524],[-72.950358110870766,-38.626323625296422]]},"properties":{"FID":16,"nombre":"HUAMAQUI ETAPA III","empresa_01":"INGENIERÍA Y SERVICOS VIALCOR LTDA.","f_inicio":"08-DICIEMBRE-2024","f_termino":"29-DICIEMBRE-2028","monto":"9.399.772.640","Activo":"69D200","NOMBREFEMN":"LOS\u00A0BOLDOS\u00A0-\u00A0CHIVILCOYAN","ROL":"S/R-S-200","CARPETA":"Ripio","N_MOP":"17","Shape_Le_1":10.5658965701,"long_km":10.5658965701}},{"type":"Feature","id":17,"geometry":{"type":"LineString","coordinates":[[-72.88727046431265,-38.648520433757398],[-72.887284195279506,-38.648528752587815],[-72.887372360561002,-38.648606984659878],[-72.88750781240266,-38.648740090942738],[-72.887559867744017,-38.648799602574577],[-72.887622000434206,-38.648859295330148],[-72.887705300811859,-38.648932819566447],[-72.887793692538537,-38.649006542937599],[-72.887919109116822,-38.649112386299855],[-72.887984956654805,-38.649167674934681],[-72.888050009348319,-38.649227417503887],[-72.888123143804663,-38.649278258517036],[-72.888203136205291,-38.649342815740262],[-72.888279415620403,-38.649411776885259],[-72.888361082974498,-38.649467277120849],[-72.888443898367555,-38.64953181487919],[-72.888521988762676,-38.649587286453169],[-72.888647409875048,-38.64969320211285],[-72.888725236051641,-38.649757683827815],[-72.888824365117443,-38.649831566060456],[-72.888920571474813,-38.649905323359313],[-72.888997023536987,-38.649965276619589],[-72.889082763019474,-38.650029937904833],[-72.889165579735462,-38.650094474282163],[-72.889245083837238,-38.650149971801213],[-72.889339224212264,-38.650223797791242],[-72.889421021077311,-38.65029729728824],[-72.889490011173422,-38.650370632255495],[-72.88958034467646,-38.650448864878648],[-72.889676556210119,-38.650522695544282],[-72.889771090967628,-38.650605510016184],[-72.889864246563135,-38.650683722169731],[-72.889948708525566,-38.650743849999358],[-72.890061140643652,-38.650804448236272],[-72.890166453820754,-38.65086041354671],[-72.890262308436576,-38.65092067913637],[-72.890355696224546,-38.650994455599857],[-72.890451644940839,-38.651077295941015],[-72.890539021959128,-38.651159979766447],[-72.890617243828387,-38.651233449085787],[-72.89067770426179,-38.651302124219782],[-72.89076530015268,-38.651425309702425],[-72.890806226935993,-38.651498176428298],[-72.890849143811565,-38.651579979648744],[-72.89092007959681,-38.651657898302631],[-72.89097784372106,-38.651744518699353],[-72.89103357416532,-38.651826633159864],[-72.891073047439463,-38.651903902257871],[-72.891142036790299,-38.651999740977288],[-72.891216773175813,-38.652095684203559],[-72.891307332908767,-38.652214491352701],[-72.891358600248694,-38.652278454533906],[-72.891409871281311,-38.652342490744914],[-72.891496232017786,-38.652434135443542],[-72.891547499677301,-38.652498098548833],[-72.891609732937638,-38.652580364235909],[-72.89168601520835,-38.652671828869458],[-72.891766498781976,-38.65276787537492],[-72.89182209899225,-38.652831914675403],[-72.891939447510254,-38.652969234420326],[-72.892033720174084,-38.653083563036816],[-72.892112790912336,-38.65317958293582],[-72.892158049651954,-38.653252452498535],[-72.892228152340209,-38.653361830970489],[-72.892282383305897,-38.653421414890289],[-72.892366936428218,-38.653526549389888],[-72.892420634601308,-38.653604081649036],[-72.892504701205993,-38.653700229179037],[-72.89256220707054,-38.653773354468093],[-72.892621784694967,-38.653846485531467],[-72.892698560162501,-38.653947007687421],[-72.892808791248456,-38.654057114418769],[-72.892876508906241,-38.6541259156118],[-72.89293657301954,-38.654208031583686],[-72.893067884336332,-38.654332045466823],[-72.89323663559604,-38.65440721817275],[-72.893312040640481,-38.654458126634609],[-72.893418113958802,-38.654514064013426],[-72.893529539807858,-38.65458369462926],[-72.893625757335215,-38.654657447414891],[-72.893726444340359,-38.654749425158364],[-72.893816916331133,-38.654823074291265],[-72.893894752673631,-38.654887551898675],[-72.89396388478086,-38.654956378849676],[-72.894067093207454,-38.655084427660306],[-72.894104755576237,-38.655220195600108],[-72.894120366836873,-38.655301579732708],[-72.894149858784743,-38.65542374776809],[-72.894171345584681,-38.655545813973042],[-72.894171705106999,-38.655588894431411],[-72.89417255400808,-38.655703458005242],[-72.894189352940117,-38.655789376893601],[-72.894213097944714,-38.655911442307271],[-72.894217880044096,-38.655992670137614],[-72.894212180316359,-38.656064582419091],[-72.894205828544969,-38.656136589280685],[-72.894201502418241,-38.656258113995747],[-72.894202702185581,-38.656339240362598],[-72.894176507422827,-38.656473965422116],[-72.894166343355494,-38.656550305265064],[-72.894145101550805,-38.656712165545784],[-72.894128494198227,-38.656838011269713],[-72.894110697342242,-38.65698182600412],[-72.894092053783865,-38.657125669633899],[-72.894073637588107,-38.657265004874873],[-72.894040014658259,-38.657408535444461],[-72.893963792423421,-38.657632440396846],[-72.893911295809019,-38.657757636923179],[-72.893874434715968,-38.657860545470285],[-72.893810499119809,-38.658035119072501],[-72.893695251763404,-38.658316845163981],[-72.893570676185831,-38.658620945625039],[-72.89343182375255,-38.658897776928967],[-72.893324438216851,-38.659107593302174],[-72.893241303257298,-38.659223185461386],[-72.893101778104423,-38.65940086851559],[-72.893019399438103,-38.659516510174889],[-72.892789056522474,-38.659805244656873],[-72.892654213984699,-38.660041579985531],[-72.892600919467782,-38.660171230679403],[-72.892520224852817,-38.660399562781684],[-72.892432193303804,-38.660681782496653],[-72.892343504161346,-38.660964024512438],[-72.892260597519083,-38.661219289536696],[-72.892166160460405,-38.661501427763554],[-72.89211896609774,-38.661667251902585],[-72.892115027027216,-38.661698742968035],[-72.892107652432628,-38.661757133400208],[-72.892104569530446,-38.661887766526867],[-72.892108109977926,-38.662058983540021],[-72.89213093865601,-38.662311683583191],[-72.892163306093281,-38.662505994357872],[-72.892233557138411,-38.662755048532645],[-72.892379219190985,-38.663077515644979],[-72.892563075920137,-38.663396201806833],[-72.89274211343313,-38.663683245056845],[-72.892943832433389,-38.664006720878341],[-72.893150152468337,-38.664343841908909],[-72.893378480041335,-38.664640752271694],[-72.89356312840593,-38.664833306469333],[-72.893755823929183,-38.664998954845956],[-72.893957582542527,-38.665196324631552],[-72.894108111401749,-38.665379242942251],[-72.89416845571624,-38.665452420353425],[-72.894212576108004,-38.665516250849656],[-72.89441337256919,-38.665772165545576],[-72.894555737121095,-38.666085590685157],[-72.894608813317703,-38.666406420139673],[-72.894624714213492,-38.666699490886764],[-72.894565827894638,-38.667090389210877],[-72.894483862449491,-38.667435792197871],[-72.894444152144132,-38.667619814420675],[-72.894431505731532,-38.667678159577875],[-72.894387150910617,-38.667943134269116],[-72.894326534411448,-38.668270927557344],[-72.894274529537043,-38.66854929099069],[-72.894224166111343,-38.668845751848373],[-72.89418082755688,-38.669124269497225],[-72.894135629494727,-38.669366767402394],[-72.89406112593683,-38.669631197032743],[-72.893933883043445,-38.669903732143503],[-72.893770571071528,-38.670207131596008],[-72.893631832723386,-38.67047945833621],[-72.893599129487868,-38.670591451059558],[-72.89356236924543,-38.670816031891036],[-72.893555881566897,-38.67091504962498],[-72.893566153451872,-38.671104415030108],[-72.89361356402415,-38.671348547804769],[-72.893622729761987,-38.671524446870279],[-72.8936435730391,-38.67174555754805],[-72.893713007831963,-38.672048649120349],[-72.893816081495416,-38.672307305791016],[-72.893898186244982,-38.67249346444968],[-72.894014924942709,-38.672752403152394],[-72.894112425245098,-38.673001948643019],[-72.894123848665132,-38.673200351524173],[-72.894104981773822,-38.673281113529796],[-72.894040595302286,-38.673541221733409],[-72.893983554291623,-38.673846538210199],[-72.893947160736914,-38.674228790736151],[-72.893901522790912,-38.674511812396965],[-72.89385371773578,-38.674593539755506],[-72.893820635433968,-38.674649983020132],[-72.893612038276146,-38.674880514409303],[-72.893369217183334,-38.675123919251952],[-72.893212251484044,-38.67531030065166],[-72.893101923855966,-38.675520067538947],[-72.892925869250192,-38.675913321030507],[-72.892765379422727,-38.676315869782236],[-72.892617084239703,-38.676691668738215],[-72.892498056698415,-38.677004880076318],[-72.892463489939274,-38.677080853462556],[-72.892414070002147,-38.677197092838355],[-72.892243625015823,-38.677594954210157],[-72.892108101078421,-38.677952913882315],[-72.89198151142034,-38.678279511209041],[-72.891861273591743,-38.67855660656214],[-72.891778659588113,-38.678753346991314],[-72.891722655650739,-38.678946101636498],[-72.89168137373035,-38.679080516525701],[-72.891655999398736,-38.679161126423196],[-72.89154482749332,-38.679424933105523],[-72.891450320028099,-38.679634982615923],[-72.891359878005602,-38.679876625009754],[-72.891326242719202,-38.68002015573262],[-72.891260510423507,-38.680226221541126],[-72.891188104585851,-38.680441142281097],[-72.891123924183105,-38.6805873143445],[-72.891109594216971,-38.680619890109149]]},"properties":{"FID":17,"nombre":"HUAMAQUI ETAPA III","empresa_01":"INGENIERÍA Y SERVICOS VIALCOR LTDA.","f_inicio":"08-DICIEMBRE-2024","f_termino":"29-DICIEMBRE-2028","monto":"9.399.772.640","Activo":"69S1786/e1224","NOMBREFEMN":"CUELCHE - CHOL CHOL","ROL":"S/R-S-224","CARPETA":"Ripio","N_MOP":"16","Shape_Le_1":3.9385618738999999,"long_km":3.9385618738999999}},{"type":"Feature","id":18,"geometry":{"type":"LineString","coordinates":[[-72.808525184846715,-38.842892433062183],[-72.808839681225365,-38.84256944966279],[-72.809117603119773,-38.842358490136903],[-72.809286999385748,-38.842235487387903],[-72.80937823659238,-38.842147135274452],[-72.809526761951162,-38.842023780218113],[-72.80961077335138,-38.841939722656718],[-72.809718970770419,-38.841815618877924],[-72.809917992562546,-38.841616678977651],[-72.810021250490408,-38.841514946439467],[-72.810111479502311,-38.841413049625942],[-72.810237024941571,-38.841262258184393],[-72.81036007946804,-38.841124903626692],[-72.810570229540062,-38.840917113312756],[-72.810890289909977,-38.840693335986082],[-72.811269425245797,-38.840515736844473],[-72.811373735444775,-38.840472630446222],[-72.811497273153776,-38.84043442999495],[-72.811689000558914,-38.840356958919202],[-72.811938884220851,-38.840262535396839],[-72.81231961417366,-38.840125464363034],[-72.812802621252416,-38.839940849312399],[-72.813321029583975,-38.839707260802754],[-72.813613537108992,-38.839559567148441],[-72.813671262447016,-38.83953281289984],[-72.813828327360227,-38.839460014202146],[-72.814140054596606,-38.839317150824918],[-72.814574360977801,-38.839127111468379],[-72.814999197304971,-38.838959369173985],[-72.815389767565662,-38.838808979340833],[-72.815475897144651,-38.838770006208804],[-72.815611496226239,-38.838713993094871],[-72.815988372641911,-38.83856338557846],[-72.816083580035681,-38.838533633434992],[-72.816242493209813,-38.838469034641719],[-72.816615776994723,-38.838318321831373],[-72.817003897035079,-38.83817693503584],[-72.81744641193346,-38.837995988101703],[-72.817791234748015,-38.837858303406001],[-72.817871736886147,-38.837814716396942],[-72.818035790759481,-38.837745741234492],[-72.818136506481537,-38.837702599356696],[-72.818306661479653,-38.837647148598123],[-72.818706841222365,-38.837487948371191],[-72.81879172427486,-38.837453957329949],[-72.818792834544027,-38.837453551888451],[-72.819151385161376,-38.837311577512601],[-72.819632410081908,-38.837122351050887],[-72.820087190455268,-38.836941656312511],[-72.820531723084841,-38.836765206914286],[-72.820725600464357,-38.836687724828558],[-72.821105908455309,-38.836541711105816],[-72.821565157312591,-38.836356511308104],[-72.82168856594663,-38.836300299613548],[-72.821885545632185,-38.836213859634547],[-72.822003188825448,-38.836157467968398],[-72.822117768758062,-38.836105530454816],[-72.822446243083121,-38.835935974887285],[-72.822527361758716,-38.835896939946643],[-72.822911854908028,-38.835705920212028],[-72.823328618572191,-38.835497460530334],[-72.823781423219557,-38.83526265665266],[-72.82413772450532,-38.835075581818046],[-72.824148769133046,-38.835070423854475],[-72.82429698858752,-38.835001959180396],[-72.824698538246352,-38.834793182174352],[-72.825223448145564,-38.834532691549647],[-72.825855400303723,-38.834206558324766],[-72.82612312711187,-38.834067393184839],[-72.826202067967358,-38.834028279048191],[-72.826414166344051,-38.833919642159486],[-72.826875015064118,-38.833680430097303],[-72.827342903305521,-38.833445855872625],[-72.827710935815134,-38.8332544749492],[-72.827968415653771,-38.833119627162553],[-72.828064017462239,-38.833076349889765],[-72.828431680010894,-38.832893980792164],[-72.828905686625689,-38.832650566804737],[-72.82918917235132,-38.832511689290982],[-72.829434191065474,-38.832385585214958],[-72.82970917483388,-38.832246543861416],[-72.829743370852796,-38.832224539464491],[-72.829804559713736,-38.832185193804484],[-72.830092946478047,-38.832077956233839],[-72.83058742652004,-38.831938493656423],[-72.831175755959947,-38.831791740317207],[-72.831719493403227,-38.831666667089578],[-72.832040323890467,-38.8316050665156],[-72.832587995804715,-38.831493584803006],[-72.83317860796042,-38.831364898513634],[-72.833772280259538,-38.831231754558843],[-72.834314730000926,-38.831102210407032],[-72.834495216941008,-38.831060490410763],[-72.834613310181709,-38.831035653369668],[-72.835033937920528,-38.830935345509168],[-72.835609023689202,-38.830819849052887],[-72.836133118615933,-38.830703444461534],[-72.836401961416939,-38.830645312224917],[-72.836413452506605,-38.830643237446345],[-72.836957939168357,-38.830542981171433],[-72.837555186925812,-38.830409922779012],[-72.838169572304992,-38.830281609822535],[-72.838720598476598,-38.830152205589854],[-72.838826506151733,-38.830127100860231],[-72.839180912232507,-38.830048068829086],[-72.839710266405831,-38.829922694571884],[-72.839895228808501,-38.829876613207666],[-72.840211211531184,-38.829805852224688],[-72.840782568259741,-38.829672227993157],[-72.841462664520989,-38.829513620929852],[-72.842155075530414,-38.829350767458173],[-72.842775606687624,-38.82920902013857],[-72.843295600777481,-38.829083495287641],[-72.843476210472616,-38.829037256618093],[-72.843482357221063,-38.829035799652317],[-72.84361326267009,-38.829003742175011],[-72.844075249558827,-38.828890675963301],[-72.844359550812314,-38.828823826526957],[-72.844772609944357,-38.828732367277006],[-72.845328703155289,-38.828602912444651],[-72.845938228794708,-38.828465496150365],[-72.846457685307655,-38.828335473570682],[-72.846632046730591,-38.828280138724509],[-72.846735021445241,-38.828254975365759],[-72.847216528195673,-38.828164718198963],[-72.847770445318076,-38.828035324133012],[-72.848193244291323,-38.827930470855669],[-72.848558890235893,-38.827838127060083],[-72.849032510557706,-38.827720673662697],[-72.849525852143074,-38.827594598294425],[-72.849815538796037,-38.827536854784768],[-72.849844787070026,-38.827533454968943],[-72.849915278546021,-38.827525224597338],[-72.85027851896794,-38.827437309165255],[-72.850712922668336,-38.827332654003335],[-72.850830385102839,-38.827303319710204],[-72.851292075025867,-38.827199163670869],[-72.851791313095276,-38.827046172582065],[-72.852098653986587,-38.826903132668591],[-72.852394210546393,-38.826768967450001],[-72.85278020866906,-38.826573299943512],[-72.853170113927433,-38.826341715987922],[-72.853367072105215,-38.826282304685982],[-72.853787311741414,-38.826069269747869],[-72.854290376398495,-38.825812692192443],[-72.854815142349452,-38.825547574710136],[-72.855160407330075,-38.825364682472781],[-72.8551710476859,-38.825359092420086],[-72.85533450294075,-38.825273262383597],[-72.855728418208059,-38.825077766361417],[-72.856136196231859,-38.824873546563815],[-72.856234828866477,-38.8248257927672],[-72.856317332008132,-38.824786762063539],[-72.856622979788142,-38.824630189639379],[-72.857054851975533,-38.824412848357497],[-72.857458508628469,-38.824204038568865],[-72.857728043892607,-38.82405131384003],[-72.857904612689964,-38.823946451335722],[-72.85813950143789,-38.823770522052889],[-72.858458190236064,-38.823515081749782],[-72.85885982616044,-38.823180083436952],[-72.85930377482596,-38.822800814307733],[-72.859714355941648,-38.822456958534474],[-72.860119833274865,-38.822112975296704],[-72.860529516323638,-38.821773573684446],[-72.860962285306243,-38.82140765452889],[-72.861362610595222,-38.821068043324786],[-72.861588398428438,-38.820905542082393],[-72.861594495722585,-38.820901429717168],[-72.861941741949153,-38.82066872091422],[-72.861996036415661,-38.820539049714704],[-72.862322802151098,-38.820274772082996],[-72.862592404975345,-38.820067948297201],[-72.862944566797395,-38.819727492238847],[-72.863252231539036,-38.819476388582395],[-72.863355642023649,-38.819388182371952],[-72.863433928887787,-38.819321985350726],[-72.863655234324838,-38.819141329633815],[-72.864022749377995,-38.81883725435042],[-72.864437629103051,-38.818493461717949],[-72.864664464674235,-38.818294838620659],[-72.864792065489553,-38.818193581407179],[-72.864871770260251,-38.818127483192072],[-72.865147123022453,-38.817898253416516],[-72.865570982572422,-38.817541099017397],[-72.8660345734109,-38.817153111411116],[-72.867008207075827,-38.816387027933459],[-72.86751081531294,-38.815995306605608],[-72.867946162504168,-38.815660858018937],[-72.868226989309093,-38.815440737232542],[-72.868253904813145,-38.815417044023611],[-72.868297205617083,-38.815378936091648],[-72.868540862055553,-38.815198711174887],[-72.868906908945206,-38.814917027849148],[-72.869194246106218,-38.814697056791672],[-72.869548598701158,-38.814424171907461],[-72.869847619784167,-38.81419540023203],[-72.869981623985893,-38.814094219692258],[-72.870250254481164,-38.81389641337298],[-72.870358783553982,-38.813803751967775],[-72.870559864126079,-38.813577711902582],[-72.870730424027442,-38.813287972631727],[-72.870853005829844,-38.813087483909712],[-72.870901866096588,-38.813016281480969],[-72.871062635970418,-38.812766932969431],[-72.87113546571598,-38.812642103780504],[-72.871283299007487,-38.812415098928568],[-72.871358561564591,-38.812303839294046],[-72.871530757373023,-38.812032196010307],[-72.871634770892385,-38.811849367849781],[-72.871764258829444,-38.811635441630401],[-72.871932726537736,-38.811390780488694],[-72.872167457134864,-38.811147239905146],[-72.872370290911775,-38.81095722010194],[-72.872388647612155,-38.810940968356626],[-72.872589118482196,-38.810763053702189],[-72.872671635414434,-38.81069693177654],[-72.872896440914687,-38.810520865445547],[-72.873279814591228,-38.810262057791704],[-72.873708715874869,-38.810143704172432],[-72.873894703330734,-38.810133543214079],[-72.874074046792245,-38.810127809418837],[-72.874253085199925,-38.810135587959905],[-72.874361911400612,-38.810128580066035],[-72.874470567685421,-38.810130579286081],[-72.874722639608962,-38.810099111974296],[-72.874902916815941,-38.810039333844642],[-72.875174923718291,-38.810017238599897],[-72.875572500614538,-38.810006466115439],[-72.876019512295201,-38.809933471414311],[-72.876139500650524,-38.809890599289176],[-72.876291827267778,-38.80987535503656],[-72.876626904864878,-38.80976431368034],[-72.878378954764884,-38.809174445516938],[-72.879423591415119,-38.808824051917234],[-72.879935960422799,-38.808680173275597],[-72.882007450106983,-38.808065902466922],[-72.882011810061513,-38.808064576826219],[-72.882689340286149,-38.808004841531222],[-72.883699289827348,-38.808000592173833],[-72.884850929056597,-38.80804400414322],[-72.884976585106514,-38.808077745655289],[-72.885401882197741,-38.808080995774901],[-72.886002793533436,-38.808105401552375],[-72.886241747149469,-38.808105188980967],[-72.886805501905528,-38.80814691355468],[-72.887467318136189,-38.808203960753552],[-72.888109743325543,-38.808287625078997],[-72.888723118530606,-38.808402358149195],[-72.889252517343792,-38.808511032726962],[-72.889680968450421,-38.80857732359739],[-72.889900940373934,-38.808607767803089],[-72.889905315154635,-38.808608433417028],[-72.890223961444349,-38.808663700089198],[-72.89067890305185,-38.808757511261021],[-72.891023585321932,-38.808759223651826],[-72.891294562539485,-38.808723622400144],[-72.891520886214678,-38.808687148588547],[-72.891919502343427,-38.808640277897929],[-72.892359839724193,-38.808549144047468],[-72.8924824779765,-38.808537821848468],[-72.892884582150828,-38.808445969031396],[-72.893329293379239,-38.808350332256481],[-72.893502242842047,-38.808294901759538],[-72.893746104664331,-38.808249795372078],[-72.89398837878413,-38.808236101406017],[-72.894082751074791,-38.808206240829733],[-72.894434864776485,-38.808154052043463],[-72.894526673872775,-38.808137705449532],[-72.895000664804044,-38.80805163648148],[-72.895576001298451,-38.807845745882084],[-72.896099904625672,-38.807602906155253],[-72.896497028334252,-38.807483906521639],[-72.896523180338676,-38.807475802399033],[-72.896785431778625,-38.807394510015051],[-72.897245693227703,-38.807209057331065],[-72.897414492866318,-38.807221127412369],[-72.897735541000586,-38.807168343176627],[-72.898286053666837,-38.80707461246638],[-72.898959693302317,-38.806852508221503],[-72.899144149159255,-38.806797275362825],[-72.899411720190841,-38.806702960848654],[-72.899784347635304,-38.806588016291471],[-72.900259319240845,-38.806587559707509],[-72.900908942989574,-38.806621769334953],[-72.901603612291851,-38.806665758997944],[-72.902218226609236,-38.806663280124809],[-72.902895414890949,-38.806616868058704],[-72.903571722313131,-38.806597487111752],[-72.90419103417959,-38.806586060095782],[-72.904926204577549,-38.806572227328957],[-72.905612081493757,-38.806548529862283],[-72.906218496188771,-38.806532358320929],[-72.906491975494987,-38.806515232269462],[-72.906498269844349,-38.806514799969655],[-72.90675001462192,-38.806496851220921],[-72.907082408912203,-38.806498263383638],[-72.907593831618513,-38.806507402639433],[-72.908127611423822,-38.806589059879009],[-72.908501779069937,-38.806690377864612],[-72.908946280373797,-38.806698358719224],[-72.909444139697655,-38.806680199750431],[-72.909913203421709,-38.806639023575279],[-72.910028161983035,-38.80659606414514],[-72.910264405846959,-38.806415560183062],[-72.910325860109069,-38.80635816000234],[-72.910520641671653,-38.80616790328294],[-72.910873283189488,-38.805800284480533],[-72.911174211251037,-38.805476825723552],[-72.911495341460608,-38.805176226276558],[-72.911906097383977,-38.804859191367001],[-72.912420653554463,-38.804688166229468],[-72.912614432304906,-38.804682921158985],[-72.912620836550289,-38.804682780624546],[-72.912872415832027,-38.804718762470245],[-72.913352790434971,-38.804830964136315],[-72.913918566707082,-38.804877137643309],[-72.914398422759291,-38.804759581278034],[-72.914551637204724,-38.804712751120533],[-72.914716895552814,-38.804670607640652],[-72.914757263117124,-38.804663147408448]]},"properties":{"FID":18,"nombre":"SECTOR CAUTÍN, ETAPA IV","empresa_01":"CONSTRUCTORA SIERRA NEVADA S.A.","f_inicio":"11-AGOSTO-2026","f_termino":"26-JULIO-2029","monto":"5.589.584.113","Activo":"69D464","NOMBREFEMN":"Quepe - Boroa","ROL":"S/ROL D464","CARPETA":"Pavimento Básico","N_MOP":"4","Shape_Le_1":10.687692116199999,"long_km":10.687692116199999}},{"type":"Feature","id":19,"geometry":{"type":"LineString","coordinates":[[-72.917736356463948,-38.876380650721238],[-72.915741376365688,-38.87885426105359],[-72.915683843913115,-38.878947909152167],[-72.9156280659668,-38.879009917460145],[-72.915475185042538,-38.879209920246581],[-72.915240481828548,-38.879503056690041],[-72.914959792413967,-38.879862964425094],[-72.914737178578463,-38.880156285095048],[-72.914657836210239,-38.880258485712488],[-72.914461988118248,-38.880525303649868],[-72.914168437196906,-38.880957066160981],[-72.913985774504127,-38.881264612767431],[-72.91395938779155,-38.881299808332805],[-72.91389207608816,-38.881389062100105],[-72.913712854757804,-38.881656205558052],[-72.913489943859346,-38.881985541376267],[-72.913256272929743,-38.882337300124568],[-72.913063708570817,-38.88261765537829],[-72.912961820195477,-38.882773516809486],[-72.912815666626614,-38.882969084147405],[-72.912598282422891,-38.883280597339748],[-72.912329341192674,-38.883609114794659],[-72.912021843517138,-38.88397301445486],[-72.911741014028408,-38.884310340677992],[-72.911676784228433,-38.884412843727162],[-72.911559821623257,-38.884644987967526],[-72.911426334134376,-38.884993971495511],[-72.911277850708245,-38.885315715201635],[-72.911179752739073,-38.885516678712833],[-72.91116557028451,-38.88555065305836],[-72.911086010955657,-38.88574022139359],[-72.911048614770024,-38.886329695710856],[-72.911426889772642,-38.889354767219189],[-72.911462578175588,-38.889490590173622],[-72.91151364088303,-38.889689722103448],[-72.911593761225191,-38.889907358380405],[-72.911612964677019,-38.889988837454112],[-72.911624071145965,-38.890101651652785],[-72.911656511644054,-38.890372537696592],[-72.911692249101463,-38.89075155701515],[-72.911730607290025,-38.891063122034275],[-72.911779135308507,-38.891473881669157],[-72.911896218470531,-38.891953545504165],[-72.912135913923976,-38.892430865024735],[-72.912516075536487,-38.892883622393178],[-72.912796110201541,-38.893185968564076],[-72.912823748169956,-38.893233592687885],[-72.912861939513093,-38.893299750380244],[-72.912892245941805,-38.893399377077209],[-72.912903324607782,-38.893683449236399],[-72.912691430511273,-38.893882330106599],[-72.912326319018831,-38.893997440088164],[-72.912197770503454,-38.8940807785469],[-72.912302088936741,-38.89433486375664],[-72.912514764304447,-38.894478322856067],[-72.912592388963176,-38.894583371304392],[-72.912619995414587,-38.894773033268294],[-72.91262049847299,-38.894876685278987],[-72.912559430322673,-38.895091828088987],[-72.912372851438604,-38.895317561054739]]},"properties":{"FID":19,"nombre":"SECTOR CAUTÍN, ETAPA IV","empresa_01":"CONSTRUCTORA SIERRA NEVADA S.A.","f_inicio":"11-AGOSTO-2026","f_termino":"26-JULIO-2029","monto":"5.589.584.113","Activo":"69E496","NOMBREFEMN":"Loma Larga - Huidima","ROL":"S-496","CARPETA":"Ripio","N_MOP":"12","Shape_Le_1":2.3341588242600002,"long_km":2.3341588242600002}},{"type":"Feature","id":20,"geometry":{"type":"LineString","coordinates":[[-72.904625364022479,-38.87142032685972],[-72.904573799725753,-38.871311300638496],[-72.904362866535521,-38.871185917932358],[-72.904079418308271,-38.871099707908847],[-72.903865791651086,-38.871014775286341],[-72.903675476665654,-38.870898735798228],[-72.903513619796428,-38.87079222096137],[-72.903408220458957,-38.870727275998775],[-72.903396716613571,-38.870718879958993],[-72.903300283251738,-38.870648764558382],[-72.903127656476755,-38.870542019712225],[-72.902842981653862,-38.870374756288008],[-72.902559424455561,-38.870220958273627],[-72.902265766812448,-38.870089559595101],[-72.901868237240919,-38.869938245757702],[-72.901459411248339,-38.869782290852605],[-72.901111678550436,-38.86965439529115],[-72.901000420565666,-38.869589273462864],[-72.900671794167124,-38.869448268725584],[-72.900265934197961,-38.869287783100916],[-72.899843413038923,-38.86913154291296],[-72.899664117651298,-38.869078730990232],[-72.89936095747403,-38.868978706231736],[-72.898949307753483,-38.868845120138445],[-72.898516555652478,-38.868715706509867],[-72.897985687696192,-38.868521466318036],[-72.897471929627912,-38.868453636776856],[-72.89695492238863,-38.868471358316839],[-72.896504005742244,-38.868472259669126],[-72.89607028636469,-38.868473470122353],[-72.895780769798179,-38.868472738977488],[-72.895710330458101,-38.868470443901394],[-72.895469225650899,-38.868462634887685],[-72.895117270599499,-38.868402228699686],[-72.894871619710599,-38.868330228512647],[-72.894663609212813,-38.868276892928023],[-72.894268114459237,-38.868179643515035],[-72.893415767323233,-38.867921003145845],[-72.893203448632576,-38.867840580796425],[-72.893102278195087,-38.867802712082344],[-72.892970383705801,-38.867755317228657],[-72.8927542100799,-38.867661300098789],[-72.892483106613099,-38.867548307348315],[-72.892247467732673,-38.86743139962401],[-72.892003169686575,-38.867264828227555],[-72.891734208711554,-38.867052740732227],[-72.891465376824058,-38.866791138207013],[-72.891234290807816,-38.866615785495455],[-72.89103798159698,-38.866531136108435],[-72.890832285240506,-38.866473362870856],[-72.890451787063057,-38.866380838868167],[-72.890298590569316,-38.866373628349493],[-72.890140781439285,-38.866375276038916],[-72.889923625834612,-38.8664118873346],[-72.88973887776632,-38.866449113786118],[-72.889507987332564,-38.866512450911983],[-72.88915439748061,-38.866582682880619],[-72.88891254763135,-38.86662336169897],[-72.888488280596377,-38.866624671743843],[-72.888055716738833,-38.866589805364796],[-72.887856684374682,-38.866572829637761],[-72.887855259241775,-38.866572656084813],[-72.887670677580672,-38.86655586220602],[-72.887426683375764,-38.866524372991734],[-72.88708508273524,-38.866482192025593],[-72.886677157427997,-38.866416246840359],[-72.886272028810382,-38.866354855996967],[-72.885856624524536,-38.866324797307122],[-72.88540987256269,-38.866280653946248],[-72.885094383715838,-38.866256928208728],[-72.884816934452559,-38.866260933315438],[-72.884478714797794,-38.866299796395033],[-72.884121792705074,-38.866360900086065],[-72.883774714180234,-38.866431194069506],[-72.883370142342613,-38.866518528151659],[-72.88293361341708,-38.866618730866776],[-72.882686710048759,-38.866686276349682],[-72.882507850641019,-38.866741594259857],[-72.882125530376953,-38.866833791276328],[-72.881908900806522,-38.866874944600738],[-72.881887232408488,-38.86687913405656],[-72.881802426130491,-38.866895533776045],[-72.881519791341418,-38.866953419076175],[-72.881119024851841,-38.867036265070595],[-72.880967600740476,-38.867065064061116],[-72.88066870032462,-38.86713625478621],[-72.880339390862432,-38.867215834352024],[-72.879902175175701,-38.867347631882602]]},"properties":{"FID":20,"nombre":"SECTOR CAUTÍN, ETAPA IV","empresa_01":"CONSTRUCTORA SIERRA NEVADA S.A.","f_inicio":"11-AGOSTO-2026","f_termino":"26-JULIO-2029","monto":"5.589.584.113","Activo":"69S1515","NOMBREFEMN":"Quilaco Alto - Collipal","ROL":"S/ROL 1515","CARPETA":"Ripio","N_MOP":"8","Shape_Le_1":2.3287930317300001,"long_km":2.3287930317300001}},{"type":"Feature","id":21,"geometry":{"type":"LineString","coordinates":[[-72.945198571280557,-38.851089738462385],[-72.945204493818949,-38.851207004153771],[-72.945177093565206,-38.85128311883112],[-72.945101538461998,-38.851507030460141],[-72.945030986851677,-38.851730994953407],[-72.945008818139669,-38.851802726225152],[-72.944942112958643,-38.852017779547246],[-72.944900885927552,-38.852224297981309],[-72.944883613014241,-38.852372600557459],[-72.944920100385644,-38.852557969163698],[-72.945014000261835,-38.852771353175974],[-72.945178943013019,-38.853022029719263],[-72.945388585723791,-38.853296059959071],[-72.945645642063596,-38.853570846626383],[-72.945790598625635,-38.853690491907329],[-72.945864497354123,-38.853750413357204],[-72.945977733725343,-38.853842502646543],[-72.946251785572201,-38.854081590696666],[-72.946500003772002,-38.854288644305974],[-72.946619889306461,-38.854376376296614],[-72.946761144569606,-38.854473419534912],[-72.947052108142117,-38.854649731678961],[-72.947464881912452,-38.854846196301189],[-72.947911877998635,-38.855052273134],[-72.947942423592679,-38.855085843719444],[-72.948024317486443,-38.855175893454465],[-72.948050219385109,-38.855527784327663],[-72.948172695984951,-38.855926357475212],[-72.948385416100265,-38.856119261450758],[-72.948553339786969,-38.856239379920055],[-72.948854215107801,-38.856519462658561],[-72.949116651213302,-38.856861941761629],[-72.949263826937667,-38.857179841986607],[-72.9493626080437,-38.857375347967334],[-72.949507467148578,-38.857598585136117],[-72.949637778032155,-38.857974830657973],[-72.94979497883503,-38.858419079809011],[-72.949895936323585,-38.858740683560043],[-72.949899020420929,-38.85888490309226],[-72.94979032567781,-38.8592344163673],[-72.949626299936583,-38.85965494044008],[-72.949464485459018,-38.860071109636827],[-72.949421831100281,-38.86017843670124],[-72.949421581117846,-38.860179035101801],[-72.949261409706679,-38.860495465009059],[-72.949079171344067,-38.860875210963208],[-72.949049470171929,-38.860955757851087],[-72.948964742399909,-38.86122012190166],[-72.94892683824564,-38.861336583984816],[-72.948863437896705,-38.86156517768849],[-72.94879033985751,-38.861726070332814],[-72.948625376423394,-38.861853845045133],[-72.948504116639583,-38.861910264314169],[-72.948307899517744,-38.861996891516341],[-72.948198144643172,-38.862031007548623],[-72.947903179521234,-38.862120461352781],[-72.947677116513546,-38.862193045561661],[-72.94748103873988,-38.862248160177927],[-72.947131537727969,-38.862453751411429],[-72.946836718045134,-38.86268737297754],[-72.946724241096916,-38.86274393671372],[-72.946379716385081,-38.862877563885149],[-72.946015472074393,-38.863019826376394],[-72.945681951633517,-38.863171599036058],[-72.945534804366034,-38.863227564129751],[-72.945289774018249,-38.863308828286634],[-72.945281492262581,-38.863310953128284],[-72.944906689159822,-38.863405756307301],[-72.944404243902611,-38.863518526413564],[-72.94398374420544,-38.86361472500279],[-72.943569026480361,-38.86373360017452],[-72.943176439223436,-38.863911344346626],[-72.943092435905626,-38.863950413467286],[-72.943001251575808,-38.863989355998449],[-72.942744304906057,-38.864083930172178],[-72.942650157830784,-38.864127327177002],[-72.942467386937039,-38.864196223789335],[-72.94205304873114,-38.864351088306648],[-72.941672515179135,-38.864533584617106],[-72.941534057867401,-38.864639277083569],[-72.941349470933488,-38.86489727186563],[-72.941268257277557,-38.865067066369917],[-72.9412154966206,-38.865147209864652],[-72.941031832470301,-38.865445828968824],[-72.940775265640966,-38.865851244177165],[-72.940618746720389,-38.86608268562933],[-72.940373846934563,-38.866456789407351],[-72.940350133036844,-38.866502452477832],[-72.940264830105789,-38.866666630009355],[-72.940120988982514,-38.867083065300896],[-72.940002779130808,-38.867608058390609],[-72.939966780948907,-38.867882207039145],[-72.939942946561061,-38.867985425754227],[-72.939881100316839,-38.868353712974049],[-72.939797700108869,-38.868798210095242],[-72.939741598688116,-38.869094582764816],[-72.939714449363009,-38.869211269180759],[-72.939647703830644,-38.869502910927082],[-72.939622450766123,-38.869655614348936],[-72.939565461820948,-38.869956443935003],[-72.939497169359441,-38.870302075042673],[-72.939416342968386,-38.870706124825908],[-72.93938445660406,-38.871111029397596],[-72.939379917487287,-38.871160396935814],[-72.939369713215797,-38.8712728961005],[-72.939378035789318,-38.871583914792843],[-72.939408658347332,-38.871670020804387],[-72.939437982725622,-38.871877769150657],[-72.93955663210204,-38.87218174019317],[-72.939767845267625,-38.872478304734805],[-72.939823953436829,-38.872605386067967],[-72.939832816790513,-38.872745204921877],[-72.939811533702226,-38.873060175563396],[-72.939745582581907,-38.873446456498968],[-72.939725840150814,-38.873657854707744],[-72.93971700713098,-38.873738800554428],[-72.939676262854562,-38.874102979800185],[-72.939645528895554,-38.874417753797545],[-72.939635021068227,-38.874557193782614],[-72.939624274157197,-38.874629128864903],[-72.939595303786035,-38.874835821138049],[-72.939540097383116,-38.87510065781435],[-72.939444166228824,-38.875477399847973],[-72.939331822014182,-38.875799727162239],[-72.939211636882618,-38.876072440364602],[-72.939193318732251,-38.876108180701038],[-72.93909481111568,-38.876300104471269],[-72.939026800417395,-38.876483618463261],[-72.938994119855337,-38.876568616779529],[-72.93890125515945,-38.876864312485516],[-72.938856031905388,-38.877183412903975],[-72.938842058812014,-38.87726873787782],[-72.938823983944744,-38.87742156765345],[-72.938876775471428,-38.877737872823495],[-72.939026296359401,-38.878096361884026],[-72.939095193830795,-38.878232750773144],[-72.939127755381165,-38.878300935311032],[-72.93914466528193,-38.878413845440598],[-72.939080463718071,-38.878592878239729],[-72.939018471797709,-38.878717972029087],[-72.938878458433962,-38.878949739637505],[-72.938822962739408,-38.879052332173409],[-72.938755959577918,-38.879127790608116],[-72.938696282805537,-38.879320393274149],[-72.93865463886354,-38.879441332905692],[-72.93867640319769,-38.879761563770828],[-72.938847698328431,-38.88011599721986],[-72.938894472009423,-38.880215871477539],[-72.939060883080117,-38.88046658017219],[-72.939322618115085,-38.880809102344934],[-72.939604628068707,-38.881169976271934],[-72.939757323195494,-38.881348394671903],[-72.939759451646651,-38.881351052432159],[-72.940001913829761,-38.881659029858724],[-72.940090460515833,-38.881759705709982],[-72.940174882630004,-38.881855799059373],[-72.940230079479193,-38.881942328508522],[-72.940322331536422,-38.882065605214557],[-72.940472246737201,-38.882261971697716],[-72.940700678508549,-38.882585842976226],[-72.94097732925988,-38.882982679165806],[-72.941262643399128,-38.883384166342715],[-72.941366958106428,-38.883512125889439],[-72.941489420032099,-38.883689940361045],[-72.941563887013274,-38.883803929997946],[-72.941737610997009,-38.88407725986508],[-72.941984659102744,-38.884428536448382],[-72.942134048816399,-38.884620344958449],[-72.942210688520419,-38.88473433374628],[-72.942421860210047,-38.885030893554642],[-72.94271821798965,-38.885423517433232],[-72.943056500237475,-38.88588445025308],[-72.943442588689322,-38.886386855413598],[-72.94388040923441,-38.886872088745342],[-72.944354002719649,-38.887263287451226],[-72.944535057831558,-38.887406134532092],[-72.944557213013979,-38.887424347032535],[-72.944720203862829,-38.88755806546235],[-72.94506838097368,-38.887875070573337],[-72.945270829145883,-38.888076811390768],[-72.945449593815056,-38.888273670387385],[-72.945525337658466,-38.888369610760236],[-72.945763441479031,-38.888657651765861],[-72.94610825323501,-38.88904663546419],[-72.946382899481208,-38.889339783732837],[-72.946540137807901,-38.889509258498727],[-72.94686523680565,-38.889830286270445],[-72.947278772078661,-38.890206977970387],[-72.947674717320268,-38.890547297050091],[-72.948143884396742,-38.890942982676812],[-72.948638917226305,-38.891343618973927],[-72.949134321078688,-38.891555056226309],[-72.949816642791646,-38.891657155128719],[-72.950413490751217,-38.891699132719452],[-72.950836712604712,-38.891715559560865],[-72.951347988415918,-38.891724573281863],[-72.951895734404872,-38.891747696007364],[-72.952457088866751,-38.891771018847457],[-72.953023318705917,-38.891826048824335],[-72.953558035689227,-38.891898450434084],[-72.954015115060074,-38.891937993222847],[-72.954106077958301,-38.891935350137899],[-72.954111071566999,-38.891935180873652],[-72.954325312669297,-38.891952484725749],[-72.954630289744813,-38.892020868213777],[-72.954812440027766,-38.892276331226249],[-72.954949659786621,-38.892742718963603],[-72.955006716731958,-38.893037035326451]]},"properties":{"FID":21,"nombre":"SECTOR CAUTÍN, ETAPA IV","empresa_01":"CONSTRUCTORA SIERRA NEVADA S.A.","f_inicio":"11-AGOSTO-2026","f_termino":"26-JULIO-2029","monto":"5.589.584.113","Activo":"69D542","NOMBREFEMN":"Almagro - Teodoro Schmidt","ROL":"S/ROL D542","CARPETA":"Ripio","N_MOP":"11","Shape_Le_1":6.0172839271800003,"long_km":6.0172839271800003}},{"type":"Feature","id":22,"geometry":{"type":"LineString","coordinates":[[-72.945198571280557,-38.851089738462385],[-72.944968208179617,-38.851261408172597],[-72.944862101701034,-38.851369292763323],[-72.944802760090482,-38.851429628442176],[-72.944733264684345,-38.851503845984205],[-72.94473219588977,-38.851504988602635],[-72.944514383986558,-38.851690400140413],[-72.944190254998958,-38.851918956722621],[-72.943945910616563,-38.852076783361461],[-72.943816842673158,-38.852155598017283],[-72.943519598507734,-38.852326058960998],[-72.943163351056839,-38.852441478940527],[-72.942782987196225,-38.852547382358004],[-72.942570789636349,-38.852588719211909],[-72.942200320412795,-38.852672225085755],[-72.941769391746845,-38.852831337395131],[-72.941311279462198,-38.853062053237366],[-72.940992522689768,-38.853227627630609],[-72.940806975875489,-38.853341476957603],[-72.940623715600879,-38.853477901153802],[-72.940414333196799,-38.853645385087326],[-72.940135777345219,-38.853915259818109],[-72.939848242157481,-38.854248081055552],[-72.939608876106178,-38.854532199318307],[-72.939335078786087,-38.854833639004134],[-72.939290875017534,-38.854892684675363],[-72.939225044248843,-38.854980425822738],[-72.939047279340002,-38.855175469219198],[-72.938822890870881,-38.85541480843662],[-72.938504264432581,-38.855647959167371],[-72.938151414558945,-38.855821908657241],[-72.937912694209061,-38.855957323746971],[-72.937812537189387,-38.856059209472704],[-72.937761306221603,-38.856310555807092],[-72.937729115639073,-38.856679389771493],[-72.937602575225597,-38.856969950363265],[-72.937307598127035,-38.857383738106641],[-72.937039123280215,-38.857752875961829],[-72.936770409801724,-38.858054507213559],[-72.936426415737913,-38.858192588112843],[-72.936051514789852,-38.858307583179823],[-72.935664993692271,-38.858471962556145],[-72.935331065220254,-38.858713812490045],[-72.935233328875654,-38.858806686028501],[-72.935206969774271,-38.858830080069161],[-72.935163793345865,-38.858868504120089],[-72.934980229909215,-38.859040936982332],[-72.934861763625563,-38.859151480377527],[-72.93465783994634,-38.859355147233032],[-72.934401533039519,-38.859625365169599],[-72.934153293286258,-38.85989132552578],[-72.933895584019723,-38.860184093721259],[-72.93362671498231,-38.860490150427694],[-72.933337355644511,-38.860831946278367],[-72.933107034002489,-38.861125191138143],[-72.932843770484567,-38.861512442481647],[-72.932745513788063,-38.861844028305477],[-72.932730745315652,-38.861983464455754],[-72.932693064654714,-38.862239591069212],[-72.932551748664622,-38.862592993110773],[-72.932334611694557,-38.862976548535109],[-72.932064041891735,-38.863440265131331],[-72.931768227999854,-38.863930583652376],[-72.931356131652606,-38.864355758861464],[-72.930871661679788,-38.864694017682886],[-72.930402570656696,-38.864924471175108],[-72.930315228148018,-38.864954494843722],[-72.930312508398302,-38.864954807939249],[-72.929940804050176,-38.865001941436347],[-72.929461101091448,-38.865051974332737],[-72.928973093948116,-38.865088340675747],[-72.928499148285155,-38.865188055426451],[-72.927981881808606,-38.865440192483888],[-72.927575280378292,-38.865676204537323],[-72.927140114810015,-38.865952283133112],[-72.926638350469801,-38.866263290532629],[-72.926137319452536,-38.866551691997905],[-72.92588852561758,-38.866686906339808],[-72.925722899871957,-38.866783091240258],[-72.925394542410885,-38.866980011490043],[-72.925020612289629,-38.867252619075202],[-72.92473335498525,-38.867594397492759],[-72.924599010558325,-38.868029015611008],[-72.924504517760781,-38.868405772456761],[-72.924492784118343,-38.868441215768009],[-72.924479261847466,-38.868481883881785],[-72.924469524390062,-38.868567286906419],[-72.924422972595323,-38.868733173964337],[-72.924358997956077,-38.869024861955289],[-72.924300398600607,-38.869330167213903],[-72.924229219785275,-38.869648734444638],[-72.924133606305759,-38.86996236826937],[-72.924049524440989,-38.87015460600049],[-72.923966613820554,-38.870256712043762],[-72.923820035134838,-38.87046588304657],[-72.923620526218514,-38.870737117739701],[-72.923520705596189,-38.870874988145715],[-72.923431771057565,-38.870986003224772],[-72.923248288299433,-38.87122607731262],[-72.922998515378211,-38.871568507953107],[-72.922693672813963,-38.871968499693381],[-72.922397793372909,-38.872382208777665],[-72.922101141568021,-38.872773364080352],[-72.921945974482398,-38.872955300165962],[-72.921690102922796,-38.873157962558516],[-72.921338781261184,-38.873349963123147],[-72.920901262911485,-38.873531357677486],[-72.920565863191442,-38.873619962651738],[-72.920404829330337,-38.873657621312198],[-72.920081867451003,-38.873714964541243],[-72.919682917699134,-38.87383403728029],[-72.919598589375752,-38.87388653032945],[-72.919432394975061,-38.874027734591095],[-72.919205189432446,-38.874284989205599],[-72.919012054389825,-38.874583377152476],[-72.918859261749731,-38.874882474981383],[-72.918701333164933,-38.875258113409394],[-72.918435922892925,-38.87561375230419],[-72.918145543602918,-38.875959972811756]]},"properties":{"FID":22,"nombre":"SECTOR CAUTÍN, ETAPA IV","empresa_01":"CONSTRUCTORA SIERRA NEVADA S.A.","f_inicio":"11-AGOSTO-2026","f_termino":"26-JULIO-2029","monto":"5.589.584.113","Activo":"69E496","NOMBREFEMN":"Loma Larga - Huidima","ROL":"S-496","CARPETA":"Ripio","N_MOP":"12","Shape_Le_1":3.8273022871400002,"long_km":3.8273022871400002}},{"type":"Feature","id":23,"geometry":{"type":"LineString","coordinates":[[-72.901307017961301,-38.838287484114872],[-72.901305150626769,-38.83828912556725],[-72.901296585925778,-38.838294114708013],[-72.901279190067285,-38.838302065385008],[-72.901253843870791,-38.838308681995905],[-72.901217665446467,-38.838311710616473],[-72.901178045020615,-38.838310336191718],[-72.901135543159839,-38.838306614133479],[-72.901086690507611,-38.838300757789924],[-72.901028527774855,-38.838292833793382],[-72.900963267707255,-38.838284109111385],[-72.90089267129153,-38.838275424515238],[-72.900817592402589,-38.838266420517627],[-72.900738324305664,-38.838256761792962],[-72.90065516118068,-38.838246356310641],[-72.900568983878927,-38.838234710818064],[-72.900480404793583,-38.838221450679015],[-72.900391772424996,-38.83820682986012],[-72.900304234494087,-38.838191074435031],[-72.900216855207958,-38.838174038730372],[-72.900129583483775,-38.838155736244346],[-72.900043752939837,-38.83813633963188],[-72.899961977193144,-38.838115862564827],[-72.899882016590794,-38.838095051368711],[-72.899800694885627,-38.838073867838766],[-72.899713288951389,-38.838051322380899],[-72.899620921148824,-38.838028777705865],[-72.899524845630637,-38.838006366288674],[-72.899427008841698,-38.837984341185802],[-72.899326556547535,-38.837961703099531],[-72.899224397034232,-38.837938984655011],[-72.899120130309143,-38.837917133742899],[-72.899013567837585,-38.837896763269761],[-72.898904712821675,-38.837878273344323],[-72.898795615811451,-38.837862372127795],[-72.898689080829797,-38.83784980567647],[-72.898585107722184,-38.837842614827693],[-72.898481613625023,-38.837839426774153],[-72.898373451757465,-38.837838145890743],[-72.898258511887022,-38.837838799955662],[-72.898139677717253,-38.837841854430899],[-72.89801932246327,-38.837846643817294],[-72.897899607603478,-38.83785167256891],[-72.897781732697453,-38.837857048783448],[-72.897664446457455,-38.837862425566264],[-72.897547319423609,-38.837868068198382],[-72.897431099551127,-38.837874084756827],[-72.897316586729019,-38.837881715049413],[-72.897202447310818,-38.837889652897935],[-72.897090656696776,-38.837900258537488],[-72.896981426590202,-38.837915692853286],[-72.896873825142563,-38.837936810363971],[-72.896765502902113,-38.837959555566691],[-72.896656539121054,-38.837981393487873],[-72.896547737174018,-38.838000589699249],[-72.896440454409486,-38.838016784816055],[-72.89633400002883,-38.838029964594867],[-72.896228212543818,-38.838043265316365],[-72.896123223946105,-38.838059206837869],[-72.896020771084764,-38.838079563950501],[-72.895920613738468,-38.838105764068281],[-72.895820268063702,-38.838134365553749],[-72.895718268671132,-38.838163607515298],[-72.895613175331022,-38.838189780582347],[-72.89550471873082,-38.83820963077963],[-72.895394982600351,-38.838221450361736],[-72.895282097800703,-38.838228306977534],[-72.895165583538557,-38.838230214476852],[-72.895046055147361,-38.838227012746344],[-72.894928635141923,-38.838216341525595],[-72.894816737215521,-38.838199799524872],[-72.894710362327984,-38.838178214823749],[-72.894609057467179,-38.838149173520115],[-72.894512340346608,-38.838114381590024],[-72.894417624372181,-38.838076895547189],[-72.894322162069528,-38.838040343852335],[-72.894228913793199,-38.838005952131425],[-72.894139401941217,-38.837973389236737],[-72.894051942429115,-38.837942959985682],[-72.893963390715925,-38.837915465445796],[-72.893875211744742,-38.837887678420778],[-72.893787859655632,-38.837857715842333],[-72.893702962953483,-38.837825125939105],[-72.893619373352237,-38.837790601617172],[-72.893535863402619,-38.837753808979542],[-72.893454701189867,-38.837717297411253],[-72.893372098690193,-38.837683413333707],[-72.893285493910412,-38.83765136987283],[-72.893194994196989,-38.837621941138892],[-72.893102519570263,-38.83759627453918],[-72.893008177677473,-38.83757579744001],[-72.892911301328667,-38.837559655334275],[-72.892811383623766,-38.83754616855915],[-72.892709891176779,-38.837534749073221],[-72.892608052001407,-38.837526492161928],[-72.892505892000202,-38.837521729870573],[-72.892402372408981,-38.837519394650222],[-72.892297811845893,-38.837516887372523],[-72.89219522564369,-38.83751317852866],[-72.892096267989984,-38.837506868052742],[-72.892000138439172,-38.837497597310076],[-72.891907690546418,-38.837486658476649],[-72.891819832237189,-38.837474945556487],[-72.891734213984961,-38.837462085459684],[-72.891646142063067,-38.837447424889469],[-72.891556282696186,-38.837431069577612],[-72.891464421749703,-38.837414380712559],[-72.891371653716064,-38.837398839524425],[-72.891276191424964,-38.837380789795517],[-72.891181423066158,-38.837361206355446],[-72.891085132946756,-38.83734415788107],[-72.89099111144688,-38.837322693812986],[-72.890895808076777,-38.837300868629313],[-72.890798131735281,-38.837278764433833],[-72.890699867478631,-38.837256245875516],[-72.89060291133184,-38.837228951984926],[-72.89050731539669,-38.837201711421201],[-72.890413986907731,-38.8371747775494],[-72.89032255281866,-38.837148377001363],[-72.890235307491992,-38.837121629484521],[-72.890150971593783,-38.837093735204448],[-72.8900696753891,-38.837065627284453],[-72.889990354487026,-38.837036639557702],[-72.889910500543238,-38.837009318960007],[-72.889832140157296,-38.83698241184122],[-72.889756047352492,-38.836955104147208],[-72.889681982771322,-38.836928556587083],[-72.889607944590068,-38.836903690777881],[-72.889534680288946,-38.836878797462276],[-72.889462322509871,-38.836854105197581],[-72.889390845481955,-38.836829706325602],[-72.889322063507791,-38.83680630761372],[-72.889261899224934,-38.836785856932011],[-72.889211819909065,-38.836768874581992],[-72.889168064363844,-38.836754067183385],[-72.889128897494089,-38.836740620381939],[-72.88909237157462,-38.836727586228164],[-72.889058114712569,-38.836714606599912],[-72.889021401997013,-38.83669978591054],[-72.888985569873796,-38.836684444116813],[-72.888946163084327,-38.836666995050948],[-72.888903154664348,-38.836646051538075],[-72.888859344547186,-38.836623039168323],[-72.888809959360515,-38.836598560021116],[-72.888758386724476,-38.836570331764968],[-72.88870358526232,-38.836539249210738],[-72.888644834263971,-38.836506739166424],[-72.888590486838979,-38.836473122065627],[-72.888537659360438,-38.836437543853947],[-72.888485711939438,-38.836402165343102],[-72.888434245307479,-38.836367320803909],[-72.88839457557475,-38.836336330639291],[-72.888387421972595,-38.836330741936557],[-72.888338809793282,-38.836294896574657],[-72.888287263801232,-38.836258104313544],[-72.888229180102712,-38.836219871080921],[-72.888169762178393,-38.836177983442703],[-72.888107784095695,-38.836134240203606],[-72.888042896926947,-38.83609132552121],[-72.887976329614091,-38.836047728969142],[-72.887908508317665,-38.836004934138664],[-72.887839379569812,-38.835962645423955],[-72.887769076303144,-38.835919289327606],[-72.887698480172944,-38.8358753602432],[-72.887628763442862,-38.835829550359527],[-72.887560968850153,-38.835782672349197],[-72.887493120800443,-38.835734995021163],[-72.887425379033118,-38.835686609566245],[-72.887359345164825,-38.835638011695771],[-72.887291309592683,-38.835592321232248],[-72.887222981436807,-38.835545230642637],[-72.887156946704977,-38.835495190997129],[-72.887094301801682,-38.83544400437475],[-72.887028160902005,-38.835394872775588],[-72.886962900008811,-38.835346527444173],[-72.886901482069305,-38.835295580972364],[-72.886838249735902,-38.835243741150144],[-72.88677611092163,-38.835187845730381],[-72.886716399652087,-38.835126921419509],[-72.886657596334615,-38.835063074354878],[-72.886599539655407,-38.834996734112025],[-72.886542070046261,-38.834928738463965],[-72.8864862550396,-38.834858983293316],[-72.886434387180188,-38.834786999215922],[-72.886385482233891,-38.834713267591148],[-72.886334896926229,-38.834637228628345],[-72.88628244293696,-38.834561042287142],[-72.886229295046945,-38.834483549483508],[-72.886174654037205,-38.834405442155024],[-72.88611480984072,-38.834327482081207],[-72.886049149213846,-38.834250188858121],[-72.885976045024563,-38.834176110861549],[-72.885895737135201,-38.834105940806708],[-72.885807691482896,-38.834040480836329],[-72.885713536165014,-38.833979369366261],[-72.885616286235731,-38.833922206858951],[-72.885519942314033,-38.833866004055487],[-72.885423359539772,-38.833809975251754],[-72.885326482478746,-38.833753852738631],[-72.885228299216124,-38.833698664283304],[-72.885128220198126,-38.833645023617635],[-72.88502619505546,-38.833591635946824],[-72.884920806912604,-38.833538421539281],[-72.884812351050755,-38.833487702280415],[-72.884699945993489,-38.833440691196792],[-72.884586501459395,-38.833393853994522],[-72.884472416274448,-38.833348777400083],[-72.884357957327325,-38.833304501245131],[-72.884242403652223,-38.833264053437816],[-72.884126397939667,-38.833227048266814],[-72.884010178035268,-38.833192883648316],[-72.883895265293745,-38.83316060052546],[-72.883782140080314,-38.833131132063549],[-72.883668534772397,-38.833104184880476],[-72.883552101091908,-38.833080866124398],[-72.883434573472258,-38.833059401563766],[-72.883315472297213,-38.833041592668017],[-72.883196558114221,-38.833025717044855],[-72.883079297865692,-38.833009309043689],[-72.882962330403757,-38.83299141953588],[-72.882845123320934,-38.832969995335738],[-72.882727943017926,-38.832943822181171],[-72.882609321659828,-38.832914113271308],[-72.88248787285967,-38.832881510221881],[-72.882364715563909,-38.832846972188811],[-72.882241211246694,-38.832813341376102],[-72.882118829200678,-38.832781765311772],[-72.881997593180429,-38.83275276342269],[-72.881876196472206,-38.83272630930594],[-72.881754827816607,-38.832702564064839],[-72.881632764979102,-38.832682807572986],[-72.881508326941969,-38.832666932742313],[-72.881381435318247,-38.832654979590131],[-72.88125448982035,-38.832646708727907],[-72.881128024591007,-38.832639024903145],[-72.881002626723472,-38.832630660211791],[-72.880877468400868,-38.832621949233058],[-72.880751830860973,-38.832612423903299],[-72.880626459193365,-38.832599684790061],[-72.880503462851166,-38.832581434717767],[-72.880384281010819,-38.832555914881048],[-72.880270462286461,-38.832524045422659],[-72.880161872639405,-38.832486345620616],[-72.880055844989357,-38.832446979376691],[-72.879952884465752,-38.832407092066035],[-72.879852727071423,-38.832366884337873],[-72.879753529337364,-38.832327143563077],[-72.879656946214737,-38.832287883577166],[-72.87956898093492,-38.832252972492313],[-72.87949766325373,-38.832220021554797],[-72.879435605481646,-38.832190859972357],[-72.879382377959473,-38.832165447519522],[-72.879351402088176,-38.832148558328853],[-72.879341183122961,-38.832142115097035],[-72.879341343105864,-38.832140994420008]]},"properties":{"FID":23,"nombre":"SECTOR CAUTÍN, ETAPA IV","empresa_01":"CONSTRUCTORA SIERRA NEVADA S.A.","f_inicio":"11-AGOSTO-2026","f_termino":"26-JULIO-2029","monto":"5.589.584.113","Activo":"69S10504","NOMBREFEMN":"Paradero San Luis - Vega Boroa","ROL":"S/R-S-504","CARPETA":"Pavimento Básico","N_MOP":"17","Shape_Le_1":2.1305301667299998,"long_km":2.1305301667299998}},{"type":"Feature","id":24,"geometry":{"type":"LineString","coordinates":[[-72.87934139642519,-38.832140634075927],[-72.879341262688527,-38.832140754186973],[-72.879341102845416,-38.832140861209496],[-72.879340996391477,-38.832140954785174],[-72.879340889162293,-38.832141074476596],[-72.879340835696553,-38.832141168113594],[-72.879340756552054,-38.832141234253363],[-72.879340675828516,-38.832141314780912],[-72.879340596283043,-38.832141394428824],[-72.879340569349679,-38.832141448001394],[-72.879340515935581,-38.832141501093034],[-72.879340489752551,-38.83214156819465],[-72.879340462444915,-38.832141634374828],[-72.879340489250083,-38.832141701537743],[-72.879340035211754,-38.83214147434191],[-72.879333205481174,-38.832137819174413],[-72.879316263485379,-38.832128201156493],[-72.879286407849179,-38.832110324944054],[-72.879249295956996,-38.832086592701827],[-72.879209514974121,-38.832061619910249],[-72.879164692432383,-38.832033525377938],[-72.879115066735622,-38.832003203645463],[-72.879062105070815,-38.831970746230326],[-72.879009491332113,-38.831933594445644],[-72.878956131552968,-38.831894373840136],[-72.878904024391744,-38.831853006287794],[-72.878851490577105,-38.831809676631437],[-72.87879780908419,-38.831762946345386],[-72.878743301405592,-38.831714053875388],[-72.878688179558281,-38.831664549236834],[-72.878633911777527,-38.831615069999998],[-72.878579430119458,-38.831566511307848],[-72.878523160818162,-38.831517832712606],[-72.878465851699332,-38.831470462413478],[-72.87840904825336,-38.831423250844985],[-72.878352993059636,-38.831375399599075],[-72.878293708750789,-38.831329962976355],[-72.878243043321689,-38.831293370650641],[-72.878210226396135,-38.831270732484576],[-72.87819235038863,-38.831259179945363],[-72.878183065691132,-38.83125336358637],[-72.878177195743291,-38.831248813951611],[-72.878163375789057,-38.831239703013779],[-72.87813536152143,-38.831224854989443],[-72.878093765935262,-38.831203217794105],[-72.878044594321111,-38.831177964941013],[-72.87799841028729,-38.831152964586003],[-72.877952866702785,-38.831127578498283],[-72.877906416062118,-38.83109984404706],[-72.877858844896352,-38.831071790071917],[-72.877810180178017,-38.831041694295308],[-72.877759194017528,-38.831009437989344],[-72.87770628632677,-38.83097485992721],[-72.877652925047016,-38.830937133513032],[-72.877600258592594,-38.830896726529957],[-72.877548151731787,-38.830853770774141],[-72.877495324455111,-38.830809708051945],[-72.877443083905646,-38.830764471118925],[-72.877390710139522,-38.830718020759065],[-72.877338897051402,-38.830670342555109],[-72.877288176838675,-38.830622638243057],[-72.877238258237981,-38.830575987367645],[-72.877187885177037,-38.830530870770005],[-72.877137326165325,-38.830485113743265],[-72.877084712932117,-38.830438943619569],[-72.87703385985499,-38.830389984353573],[-72.876982233450974,-38.830341893112525],[-72.876931246965341,-38.8302932413307],[-72.876881834899478,-38.830245337173885],[-72.876831168503969,-38.830198632885157],[-72.876780955691174,-38.830150660965984],[-72.876729409866371,-38.830102156606806],[-72.876676208884263,-38.830053184228305],[-72.876623754277304,-38.830003518991909],[-72.876571381023268,-38.829953173133141],[-72.876518926959662,-38.829903106902535],[-72.87646524622491,-38.829853387762604],[-72.87641439356733,-38.829806069912067],[-72.876364020967841,-38.829759926701051],[-72.876315062082384,-38.829712728846559],[-72.876264209061901,-38.829665584823424],[-72.876214903786718,-38.82961694619037],[-72.876164504608113,-38.82956794705197],[-72.87610994317977,-38.829519389376991],[-72.876055247681535,-38.82946898933821],[-72.876001113498944,-38.829417883166613],[-72.875947699806531,-38.829367497383323],[-72.87589351174698,-38.829317084875463],[-72.875839190133519,-38.829268299873789],[-72.875783374411071,-38.82922010126768],[-72.875727105930665,-38.829173650503179],[-72.875672597385005,-38.829126239696926],[-72.875618543296781,-38.829077881142247],[-72.87556606270428,-38.829031191061588],[-72.87551342170579,-38.828982498657226],[-72.875460274990758,-38.828933887131257],[-72.875408354079994,-38.828881940652444],[-72.875357981809302,-38.828827966181443],[-72.875307742307243,-38.82877375172815],[-72.875258704579196,-38.828718869834034],[-72.875210465763374,-38.828662574326692],[-72.875161880864781,-38.828606104910897],[-72.875113588761891,-38.828549475914933],[-72.875066097778472,-38.828495580781407],[-72.875016205645451,-38.82843795132063],[-72.874966820700095,-38.828379228209933],[-72.874919436022807,-38.828320410831701],[-72.874872318031734,-38.828261846971763],[-72.874825573532831,-38.828203043909653],[-72.874778110115869,-38.828143279862935],[-72.874729657356767,-38.828083475265181],[-72.874678298109203,-38.828021630078794],[-72.8746289388273,-38.827958384131293],[-72.874578300166405,-38.827895632066877],[-72.874528247566559,-38.82783246536281],[-72.874478861370051,-38.827769126056836],[-72.874430384114149,-38.827705747411684],[-72.874381745232228,-38.827643661483478],[-72.8743351882041,-38.827581603521104],[-72.874287456364058,-38.827519157435589],[-72.87424103216955,-38.827455311510619],[-72.874194795250418,-38.827389277675458],[-72.874151013461343,-38.827321681984309],[-72.874109631484998,-38.827252486490593],[-72.87407049141261,-38.827182623589515],[-72.874029483861236,-38.827113121326299],[-72.873989356417042,-38.827047180619509],[-72.87394645424142,-38.826984334870545],[-72.87390027073306,-38.826923570205857],[-72.87385211253995,-38.826861698245985],[-72.873804006960825,-38.826796744805968],[-72.873756142988654,-38.826731765110651],[-72.873708197800568,-38.826665530586453],[-72.873662281203465,-38.826598829306853],[-72.87361545638025,-38.826529633642529],[-72.873571753989822,-38.82645805032859],[-72.873529625758152,-38.826386213642394],[-72.8734887240999,-38.826315430054379],[-72.873452652286744,-38.826246194074429],[-72.873414579317682,-38.826177785726138],[-72.873371704756067,-38.826111684854688],[-72.873324373006085,-38.826049052845796],[-72.87327501480469,-38.82598763453899],[-72.873225762264923,-38.825926616390618],[-72.873178804288486,-38.825868733244185],[-72.873132567523598,-38.825813517645102],[-72.873085182657661,-38.825759610133538],[-72.873037505649052,-38.825706116260086],[-72.872988199987645,-38.825653435163488],[-72.872937107105699,-38.825600741314311],[-72.87288430564314,-38.825546553950737],[-72.872829772051617,-38.825491432180257],[-72.872772301858447,-38.825438111206402],[-72.872717340491619,-38.825390980022028],[-72.872662192199073,-38.825346183575917],[-72.872605975487218,-38.825302494826317],[-72.87254847972531,-38.82525708430876],[-72.872485273668644,-38.825212741064192],[-72.87241910587079,-38.825169572826937],[-72.8723488039725,-38.825127417670892],[-72.872276152601671,-38.82508583596718],[-72.872199446830365,-38.825046575275387],[-72.872120018548031,-38.825008849832869],[-72.872039016521668,-38.824970790210067],[-72.871956947926876,-38.824935091612332],[-72.871874265490803,-38.824899006041775],[-72.871790888699849,-38.824861253470296],[-72.871705884892634,-38.824824220842061],[-72.871620828273137,-38.824788616221163],[-72.871534917106104,-38.824754518701077],[-72.871447138762647,-38.824721701684197],[-72.87135634441627,-38.824690992092485],[-72.871264430516632,-38.824661830712436],[-72.87117449135819,-38.824634549665888],[-72.87108543216732,-38.824607736008517],[-72.871004296294259,-38.824575826358021],[-72.870928524591065,-38.824548825945037],[-72.870860062544978,-38.824524026620225],[-72.870797229670586,-38.824500266964613],[-72.870739173865118,-38.82447382732213],[-72.870682691077135,-38.824448213744319],[-72.870629757272624,-38.824423947919307],[-72.870578877777817,-38.824399508690881],[-72.870531012771465,-38.824375722694846],[-72.870488857198936,-38.824353644627799],[-72.870450811111169,-38.824335208659505],[-72.870413512427163,-38.824319560575638],[-72.870382162157497,-38.824308074688098],[-72.870356922696146,-38.824299630380807],[-72.870337366583797,-38.824294347808021],[-72.870310312525405,-38.824288624841067],[-72.870281684107624,-38.82428610334177],[-72.870255563881543,-38.824286303634395],[-72.8702273892101,-38.824287224216455],[-72.870197133217346,-38.824288105029325],[-72.870158553313047,-38.824289785501549],[-72.87011338366041,-38.824291972884616],[-72.87006439817705,-38.824294347443612],[-72.870018374732524,-38.824297162551133],[-72.869972671002202,-38.824301964833559],[-72.869922805991649,-38.824308341876396],[-72.869867577026596,-38.824318733345237],[-72.869809974070321,-38.824332140472855],[-72.869746955325283,-38.824350643202976],[-72.869683695454185,-38.824375069365061],[-72.86962201063028,-38.824404924990354],[-72.869560031610732,-38.82443854241432],[-72.869494851337095,-38.824471666202328],[-72.869427136082962,-38.824503429101689],[-72.869358700768643,-38.824535659070982],[-72.869289225138161,-38.824569902737025],[-72.869219455755598,-38.824605574536641],[-72.869148165658615,-38.824640713067431],[-72.869078316726373,-38.824675571502851],[-72.869011001740006,-38.824709735491922],[-72.868944033691932,-38.82474470047957],[-72.868878187031981,-38.824780104871316],[-72.868815487468225,-38.824813682611278],[-72.868753215293665,-38.824845325500426],[-72.868691930524236,-38.824879583140351],[-72.868630886115227,-38.824918176376492],[-72.868571575914885,-38.824960451298431],[-72.868510530914008,-38.825004967817563],[-72.868446470586321,-38.825049243651108],[-72.868380116693444,-38.825092945974539],[-72.868312801435579,-38.825135781941135],[-72.868245353587085,-38.825179777773457],[-72.868179666508354,-38.825221506286802],[-72.868111657903157,-38.825258965656687],[-72.868039407773296,-38.825292036128765],[-72.867961527290092,-38.825321557325118],[-72.867881752793849,-38.825341554260326],[-72.867795548493547,-38.825351906267421],[-72.867700752808119,-38.825351866554882],[-72.867597419664207,-38.825345303298732],[-72.867488590328918,-38.825337298850734],[-72.867377759879417,-38.825330002004371],[-72.867269223842897,-38.825322437905079],[-72.867165436556647,-38.82531446036915],[-72.867061142678239,-38.825306283371013],[-72.866957329287246,-38.825295477748149],[-72.866855383547048,-38.825283884412862],[-72.86675650592953,-38.825273732818687],[-72.86666040318471,-38.825264621163733],[-72.866564993695178,-38.825255669864042],[-72.866468891269079,-38.825247012175574],[-72.86637566961025,-38.8252380078887],[-72.866285222523445,-38.82522816310874],[-72.866197390911111,-38.825220838471601],[-72.866113107262763,-38.825213929102802],[-72.86603261297175,-38.825205137295448],[-72.865955026564819,-38.825197173458371],[-72.865882001127957,-38.825184593164195],[-72.865816128165676,-38.825160421174559],[-72.865763166573899,-38.825123241820641],[-72.865719597399817,-38.825074523452002],[-72.86568021739896,-38.825016747015567],[-72.865645639212232,-38.824954274775919],[-72.86561426351021,-38.824892216065848],[-72.865584995251567,-38.824831638412959],[-72.865554499570592,-38.824772474555537],[-72.865525898042875,-38.824713564262488],[-72.86549649595689,-38.824657895643327],[-72.865466160384244,-38.824600972842298],[-72.865435104380779,-38.824540367879308],[-72.865402554761673,-38.824476708151948],[-72.865368590426769,-38.82440947340617],[-72.865332758445078,-38.824342065751111],[-72.865295832205888,-38.824274738095468],[-72.865258986976698,-38.824206782991716],[-72.865222727756048,-38.824139147641809],[-72.865186149461039,-38.82407016571814],[-72.865148049739744,-38.823997981647679],[-72.865111897766553,-38.823924450096079],[-72.865075372015198,-38.823851865888102],[-72.865038980672452,-38.823778948943662],[-72.865004589270001,-38.823704363808133],[-72.864971905282914,-38.823629805374374],[-72.864940769574858,-38.823555086924536],[-72.864911688028343,-38.823480701561159],[-72.864883140269882,-38.823406262878159],[-72.864852617552998,-38.823331157357828],[-72.864822041326008,-38.823255878754601],[-72.864791759683541,-38.823181613779731],[-72.864763744644691,-38.823108242614012],[-72.864734743501231,-38.823037152833315],[-72.864707182971031,-38.822965689331127],[-72.864679141713438,-38.822893971952226],[-72.864649072126383,-38.822821948069169],[-72.864618844030531,-38.822749564472645],[-72.864588107308208,-38.822676126374802],[-72.864558065925991,-38.822601661197965],[-72.864528343546482,-38.822529358006562],[-72.864501209168594,-38.822457213862059],[-72.864472528080967,-38.822388111227887],[-72.864444913498829,-38.822319089360242],[-72.864418793485072,-38.822250200238571],[-72.864393981194993,-38.822180604292889],[-72.864368795104127,-38.822110568111107],[-72.864342888307817,-38.822039944788273],[-72.864316394649023,-38.821968495296233],[-72.864290968076531,-38.821894563159127],[-72.864264794682796,-38.821818297210491],[-72.864236433525832,-38.821740470307816],[-72.864209271808335,-38.821661243512985],[-72.864182165234652,-38.821582909737799],[-72.864154630354747,-38.821506923409473],[-72.864126615972879,-38.821431991517215],[-72.864099668642965,-38.821356659255791],[-72.864073122500002,-38.821280006210557],[-72.864046949048912,-38.821202099437613],[-72.864019894947063,-38.821123485461946],[-72.863990066032457,-38.821045765903101],[-72.863961917716921,-38.820966578667544],[-72.863934703744974,-38.820885843429998],[-72.863908344259215,-38.820803881298318],[-72.863880756777363,-38.820723546479911],[-72.863852394702263,-38.820646586252003],[-72.863824594495881,-38.820572254682631],[-72.863797726821275,-38.8205000575811],[-72.863772113318461,-38.820429368310158],[-72.863748874368781,-38.820360465961187],[-72.863724329392312,-38.820293257976104],[-72.863700690501418,-38.820226756748866],[-72.863676624570786,-38.820159015097929],[-72.863649117322311,-38.820090499574775],[-72.863623690601244,-38.820021623852433],[-72.863601065657861,-38.819952841729858],[-72.863580014044103,-38.819885100240796],[-72.863561178016937,-38.819819453625655],[-72.86354380860503,-38.819756914454139],[-72.863527800651084,-38.819698110621729],[-72.863514647160329,-38.819642722548053],[-72.863502480872114,-38.819591028728752],[-72.863490421354754,-38.819542737341706],[-72.863478122072593,-38.819500848777949],[-72.863464301065989,-38.819463323082232],[-72.863447759989327,-38.81943480115028],[-72.863431164113351,-38.819413390929839],[-72.86341582366579,-38.819398529823559],[-72.863402936152099,-38.819387377175111],[-72.863393224430283,-38.819378599173731]]},"properties":{"FID":24,"nombre":"SECTOR CAUTÍN, ETAPA IV","empresa_01":"CONSTRUCTORA SIERRA NEVADA S.A.","f_inicio":"11-AGOSTO-2026","f_termino":"26-JULIO-2029","monto":"5.589.584.113","Activo":"69S10504","NOMBREFEMN":"Paradero San Luis - Vega Boroa","ROL":"S/R-S-504","CARPETA":"Ripio","N_MOP":"17","Shape_Le_1":2.3030382326000001,"long_km":2.3030382326000001}},{"type":"Feature","id":25,"geometry":{"type":"LineString","coordinates":[[-72.950966930560838,-38.822296049003064],[-72.950700953453264,-38.822458089317458],[-72.950503563364677,-38.822589766651696],[-72.950324099132445,-38.822748802041154],[-72.950144261800219,-38.822894273569077],[-72.94988827378782,-38.823083495042013],[-72.949627138454574,-38.823304176319134],[-72.949435881207975,-38.823499026742034],[-72.949304437740224,-38.823663444030799],[-72.949227980410441,-38.823756198606397],[-72.949227628735684,-38.823756652861121],[-72.949031675718672,-38.823960442218102],[-72.948890735246835,-38.824106660641654],[-72.94877615227891,-38.82421273297318],[-72.948617709842893,-38.824363158728602],[-72.948325193470637,-38.824574273525315],[-72.947882536832893,-38.824872814326412],[-72.947453456021634,-38.825149127339891],[-72.94732786373342,-38.825236976724682],[-72.94725119787465,-38.825298747695882],[-72.947031528520583,-38.825452497407646],[-72.946747466679014,-38.825668266450919],[-72.946663491959541,-38.825734342519539],[-72.946454311217849,-38.825874823943387],[-72.946180492915957,-38.826059255201777],[-72.945929968511294,-38.826235076148762],[-72.945588452509256,-38.826467837995736],[-72.945348151522765,-38.826639253934431],[-72.945088016391864,-38.826823883657376],[-72.944684007921325,-38.827078088836394],[-72.944263087524632,-38.827345481583862],[-72.944126796440059,-38.82742933579641],[-72.944113661689073,-38.827437453563981],[-72.944024179403044,-38.827494416732833],[-72.943736655878993,-38.827629057268574],[-72.943568579900713,-38.827689119680961],[-72.943317786314225,-38.827873946794099],[-72.94305547526929,-38.82815766561351],[-72.942885844047723,-38.82834838060522],[-72.942802363203569,-38.828423512516842],[-72.942741676861132,-38.828480976554786],[-72.942537742774647,-38.828662078118512],[-72.94240995427036,-38.828777001851321],[-72.942275922373,-38.828905270602178],[-72.942167216867986,-38.829106099974929],[-72.941996553111153,-38.829382365951957],[-72.941709002431011,-38.82964310272915],[-72.941443603396593,-38.829859187360761],[-72.941288073922976,-38.829982573464534],[-72.94110663775335,-38.830110007762421],[-72.941031228954259,-38.830153728179297],[-72.940861602770497,-38.830267850269728],[-72.940594672153281,-38.83046140701866],[-72.940359722160778,-38.830596920216259],[-72.940145913170667,-38.830746327706443],[-72.939905235326009,-38.830877237349924],[-72.939680420208546,-38.8310084218623],[-72.939409505494027,-38.831165807317362],[-72.939087505433619,-38.831322261698375],[-72.938905969659558,-38.831400186001325],[-72.938514559746295,-38.831519433460684],[-72.938049937898398,-38.831628312508158],[-72.937593155536646,-38.831737368696466],[-72.937554079832609,-38.831748943437027],[-72.937506736730299,-38.831762864405313],[-72.937223511970998,-38.831825477082226],[-72.936923422126881,-38.831919279593286],[-72.936725247489875,-38.831974371585645],[-72.935714203524071,-38.83410083346552],[-72.935718283158408,-38.834209012690671],[-72.935708266621916,-38.834407096691933],[-72.935703897825249,-38.834533122031338],[-72.9357308888125,-38.834745378485657],[-72.935519871066802,-38.834921836862094],[-72.935332388348897,-38.835157267448338],[-72.935271037231942,-38.835435517901139],[-72.935239385210963,-38.835732244785696],[-72.935221046160834,-38.835943669112183],[-72.935220960009232,-38.835943819863679],[-72.934844388495677,-38.836621776573921],[-72.93482053964722,-38.836923184294903],[-72.934807697333724,-38.837193229725749],[-72.93475343539599,-38.838048244782712],[-72.930352539661158,-38.841236457701704],[-72.929079833869991,-38.842218486293561],[-72.928795679380428,-38.842357625843356],[-72.928460422759244,-38.842423742070046],[-72.928155796138199,-38.842449866958674],[-72.927972572214529,-38.842460169889549],[-72.927637449714169,-38.842472193497144],[-72.927300831418677,-38.842506772179227],[-72.926843158633929,-38.842597812762804],[-72.926397167103787,-38.842679973874837],[-72.925931424606503,-38.842775267286498],[-72.925573621284272,-38.842922118067129],[-72.925279693352024,-38.843101570416124],[-72.925008458411511,-38.843290514909199],[-72.924853224022698,-38.843404868703786],[-72.924595677635253,-38.843594015842285],[-72.924210153568595,-38.843902500503326],[-72.924092425883799,-38.844040087305949],[-72.923923009783962,-38.844167681539325],[-72.923666945431805,-38.844383856845887],[-72.923502499543801,-38.84451607913342],[-72.923323843664193,-38.844666119546545],[-72.923082285051208,-38.844851036112416],[-72.923028639693712,-38.844889511924784],[-72.922935238476711,-38.84495655232174],[-72.922721216392148,-38.845110363274017],[-72.922504140821957,-38.845268703941493],[-72.922439173206797,-38.845326080797079],[-72.922300225696077,-38.84542276511079],[-72.922089532798381,-38.845585686776957],[-72.921789425167958,-38.845828130166524],[-72.921503670060673,-38.846070829156908],[-72.921134255639743,-38.846393076698718],[-72.920727180679364,-38.846723746464448],[-72.920312577669392,-38.84701364324107],[-72.91994151736786,-38.84726835496631],[-72.919818191098187,-38.847347245235952],[-72.919634626998246,-38.847470070395929],[-72.919444951812764,-38.84760188047165],[-72.919367834595391,-38.84765457353862],[-72.919285615449454,-38.847707141392704],[-72.919031615886553,-38.847873800638723],[-72.918699613667613,-38.848097681847442],[-72.91836901238203,-38.848299009922322],[-72.918017651169322,-38.848545011194538],[-72.917668601817681,-38.848809084941294],[-72.917261286394378,-38.849094667443012],[-72.9171467735504,-38.84916920056294],[-72.917146408376098,-38.849169434623668],[-72.916931936335416,-38.849327529907015],[-72.916634091110637,-38.849637546609316],[-72.916363257269438,-38.849984138957055],[-72.91609902543226,-38.850402893075085],[-72.915873763176819,-38.850790750243782],[-72.915610934044565,-38.851187024952395],[-72.915370313818897,-38.851534149702339],[-72.915320979934961,-38.851596310323437],[-72.91519501256461,-38.85179230934488],[-72.914984341055614,-38.852126401194326],[-72.914759797693662,-38.852541311456143],[-72.91456075577473,-38.852992774716348],[-72.914503454528841,-38.853153927576926],[-72.914454340743674,-38.853283742866012],[-72.914362422949409,-38.853520803558489],[-72.914264347287414,-38.853748847474257],[-72.914253948868094,-38.853767421151119],[-72.914177609239999,-38.853904938472162],[-72.914109945911321,-38.854002835687226],[-72.913943117595537,-38.854216142693588],[-72.913838638056873,-38.854416952588188],[-72.913737771586483,-38.854662946005774],[-72.913674765433058,-38.85492308988961],[-72.913602548987413,-38.855201104140669],[-72.913504608276241,-38.855447146891414],[-72.913368503637315,-38.855692477721931],[-72.913216241336073,-38.855973546336919],[-72.913107279736266,-38.856250948467718],[-72.913070680069936,-38.856421442079451],[-72.913024664832477,-38.856564802255996],[-72.912977059032301,-38.856789233828096],[-72.912915577456346,-38.857094409040421],[-72.912852086459296,-38.857368145605882],[-72.912792595942776,-38.857506719063736],[-72.912757092199769,-38.857587157133516],[-72.912659264044024,-38.857806115200312],[-72.912611361499955,-38.858138653041379],[-72.912681543432797,-38.858495783713558],[-72.912721698815275,-38.858649681998372],[-72.912722871096008,-38.858653848592049],[-72.912759409357051,-38.858790012111335],[-72.9127872679245,-38.858993242614602],[-72.912734876991721,-38.859307631866599],[-72.912643926399667,-38.859612394348815],[-72.912587335757451,-38.859872616937899],[-72.912536764306751,-38.86019609481832],[-72.91245569118459,-38.860505469472926],[-72.912436293133723,-38.86060425560057],[-72.912384058068554,-38.860887132097716],[-72.912335936583091,-38.861152088572844],[-72.912316545922323,-38.861273378892356],[-72.91228677508883,-38.861380924900402],[-72.912207266141266,-38.861636309709134],[-72.912099793938879,-38.861985749182978],[-72.91205311034453,-38.862129058105914],[-72.912028193801319,-38.862268316946327],[-72.912012406160954,-38.862340050185921],[-72.911975163776376,-38.862555647144781],[-72.911935000622577,-38.862793700433137],[-72.911903420847665,-38.862914735685848],[-72.911878294535228,-38.863008917675984],[-72.911851100275726,-38.863125600092765],[-72.911831203822047,-38.863215327222399],[-72.911830585736837,-38.863219553703154],[-72.911818747104562,-38.863296171732543],[-72.911773538458604,-38.863538599275905],[-72.91175285240648,-38.863727446997558],[-72.911725779615836,-38.863817119614282],[-72.911637303162848,-38.86405878571324],[-72.911471800065684,-38.864398218370667],[-72.911350294316151,-38.864634793575206],[-72.911201468977865,-38.864920467000999],[-72.911011230198554,-38.865268402639693],[-72.910816553644466,-38.865521746090678],[-72.910599838556692,-38.865765645730548],[-72.91033306156038,-38.865995064042544],[-72.910186858109753,-38.866141119172433],[-72.910045354182131,-38.866278236253393],[-72.909767918553925,-38.866552577756394],[-72.909641958494248,-38.866671980917332],[-72.909425525848292,-38.866879861135793],[-72.909131953527847,-38.867162932262836],[-72.90892342379523,-38.867397921703649],[-72.90875899023149,-38.867624717448436],[-72.908486518945566,-38.867903685856753],[-72.90825802653687,-38.868129308811696],[-72.908107965411048,-38.868284344702204],[-72.907786321534076,-38.868566877704936],[-72.907494023836065,-38.868759809679453],[-72.907487426614082,-38.868763425281152],[-72.907204853113157,-38.868916850485469],[-72.906935235741287,-38.869074194292303],[-72.906789559436092,-38.869152639553874],[-72.90658811822118,-38.869315740750103],[-72.90634393100359,-38.869635741132335],[-72.90602351084091,-38.869999393353552],[-72.905874332051766,-38.870172401331807],[-72.905687365970337,-38.870308674804434],[-72.905545198360244,-38.870490817489006],[-72.905398955959129,-38.870686452729998],[-72.905335115541135,-38.870775363020293],[-72.905261923204193,-38.870864144203843],[-72.90511412106278,-38.87104168008598],[-72.904983793336442,-38.871138498267648],[-72.904785568466536,-38.871288134028056],[-72.904711879134354,-38.871367855117334],[-72.904625364022479,-38.87142032685972],[-72.904626259874334,-38.871708736248586],[-72.904666810043224,-38.87206981517128],[-72.904714666980269,-38.872404012448207],[-72.904706719210765,-38.872475998745315],[-72.904716784016856,-38.872575273365676],[-72.904755129132027,-38.87276516812048],[-72.904769154631097,-38.87290053865263],[-72.904788300792859,-38.872950219792898],[-72.904809326757047,-38.873004929057636],[-72.904945824694934,-38.873092959274878],[-72.90518523472312,-38.873133271613135],[-72.905513519546489,-38.873238267984995],[-72.905836152240184,-38.873388240387001],[-72.905963597661128,-38.8734626276743],[-72.906106128223286,-38.873564252228768],[-72.906291290398798,-38.873711745727547],[-72.906444696129242,-38.873836100497044],[-72.906651774652261,-38.874020047363075],[-72.906833737867487,-38.874153923102],[-72.906905453754007,-38.874213795567115],[-72.907114828924165,-38.874370732191885],[-72.907450399758062,-38.874592945776691],[-72.90776455672254,-38.87478783751952],[-72.908095992398643,-38.875055050798856],[-72.908315704681584,-38.875302247946514],[-72.908465398993286,-38.875431077467319],[-72.908729680623352,-38.875458300232722],[-72.909130863493942,-38.875312331237552],[-72.909443250671345,-38.875173765580307],[-72.909590722458276,-38.875131338118059],[-72.909827067035721,-38.875131086769734],[-72.91015028243919,-38.875186434692495],[-72.910543911252645,-38.875252037064527],[-72.910840240974764,-38.875266373660864],[-72.911148735730592,-38.875235809182705],[-72.91155138956313,-38.875188951233433],[-72.912070393350575,-38.875103656566303],[-72.912551980640572,-38.875017695893327],[-72.913065345479751,-38.874927716013786],[-72.913365772094153,-38.874901548885909],[-72.913378589586969,-38.874902888968634],[-72.913474265172169,-38.87491251737859],[-72.913766322315169,-38.874976278893051],[-72.914216726278582,-38.875092498611956],[-72.914663274856935,-38.875217552580516],[-72.915175376969628,-38.87537087764462],[-72.91538980707638,-38.875428757063368],[-72.915732580149552,-38.875556479552593],[-72.916104706666403,-38.875689267142221],[-72.916444920548301,-38.875830502330125],[-72.916584926305234,-38.87589611817765],[-72.916932557082731,-38.876055476045337],[-72.917347088496157,-38.876216053537959],[-72.917657458559546,-38.876343161669318],[-72.917734221965276,-38.876379615208634],[-72.917736356463948,-38.876380650721238]]},"properties":{"FID":25,"nombre":"SECTOR CAUTÍN, ETAPA IV","empresa_01":"CONSTRUCTORA SIERRA NEVADA S.A.","f_inicio":"11-AGOSTO-2026","f_termino":"26-JULIO-2029","monto":"5.589.584.113","Activo":"69E089","NOMBREFEMN":"Bochoco - Ralipitra","ROL":"S-89","CARPETA":"Ripio","N_MOP":"9","Shape_Le_1":8.6181367297900007,"long_km":8.6181367297900007}},{"type":"Feature","id":26,"geometry":{"type":"LineString","coordinates":[[-72.946983275701839,-38.784191728469963],[-72.946813996599872,-38.784258957133972],[-72.946735801689002,-38.784438184215183],[-72.94672671594931,-38.784534856024734],[-72.946715068307412,-38.784658545633107],[-72.946717886204112,-38.784784697962955],[-72.946773017314882,-38.78501998059243],[-72.94693111733136,-38.785329107783255],[-72.947106628046271,-38.785606951069028],[-72.947173798832367,-38.785747822945169],[-72.947287543278733,-38.786069665072951],[-72.947346389325133,-38.786300468735654],[-72.947361216479379,-38.78638629683617],[-72.947378104576302,-38.786499207758119],[-72.94744972243204,-38.786788828811922],[-72.947599922627973,-38.787169868171446],[-72.947827759037878,-38.787556839583345],[-72.94790620267058,-38.787679842260872],[-72.947985399065999,-38.787802819364956],[-72.948163721474117,-38.788085287747677],[-72.948357438739919,-38.788404053553975],[-72.948523624392806,-38.788681766964011],[-72.948612667886565,-38.78881400270096],[-72.948701712947042,-38.788995748901812],[-72.94872301616364,-38.789026386333155],[-72.948812916480733,-38.789155346356218],[-72.948879314500203,-38.789224081497515],[-72.948978207272958,-38.789464596126024],[-72.949154528680424,-38.789737980496334],[-72.94934220647697,-38.790020646483242],[-72.949461454160286,-38.790202919625216],[-72.949556773059328,-38.790366743640348],[-72.949870655776266,-38.790885824945029],[-72.949974534489144,-38.791054377053683],[-72.950256400800242,-38.791514332147251],[-72.950508594552616,-38.791928658835879],[-72.950644757178225,-38.79214732333368],[-72.950764511966952,-38.792338653220995],[-72.950933307726814,-38.792598417887085],[-72.950977436786999,-38.792666725154923],[-72.95114952715376,-38.792940027803446],[-72.951320739517712,-38.793217861461315],[-72.951379917596626,-38.793304252443868],[-72.951380117522845,-38.793304467695336],[-72.951594963844741,-38.793641622282486],[-72.951660217989357,-38.793750902540914],[-72.951807885364147,-38.793996771685975],[-72.951876212232719,-38.794124098623534],[-72.951995368824385,-38.794333450231342],[-72.952161595715566,-38.794710250457499],[-72.952246690873508,-38.794905482687092],[-72.952333710865219,-38.795208818731389],[-72.952406929247502,-38.795692142871836],[-72.952419732578647,-38.796201420221848],[-72.952422303181635,-38.796287072417037],[-72.952416439397652,-38.796440154929364],[-72.952396596389136,-38.796809238019591],[-72.952376143639526,-38.797196272671421],[-72.952354282374628,-38.797380592265327],[-72.952350325875017,-38.79761927475073],[-72.952321151293987,-38.797961152990233],[-72.952280490473356,-38.798374918600551],[-72.952260929745663,-38.798807079436557],[-72.952249931511972,-38.799167304299708],[-72.952252230664271,-38.799288972653301],[-72.952251081282895,-38.799302293328942],[-72.952239190165642,-38.799441855374226],[-72.952222960658716,-38.799756953510567],[-72.952215046750695,-38.799982046385907],[-72.952212487641063,-38.800072151652678],[-72.952181651601151,-38.800395933797951],[-72.952167735966867,-38.800805694439298],[-72.952145355212252,-38.801210723934624],[-72.952149724532092,-38.801282885675548],[-72.952134882506073,-38.801525922001247],[-72.952109925723377,-38.801921888652004],[-72.952103029389761,-38.802061430073032],[-72.952081664616884,-38.802254734341069],[-72.952083735619098,-38.802457500481388],[-72.952071839711948,-38.80259698936711],[-72.952044853544862,-38.802835271443747],[-72.952030399630715,-38.803114302090812],[-72.952002512477449,-38.803460710416878],[-72.952007131908601,-38.803600451919294],[-72.951983722611288,-38.80399201331899],[-72.951974144297907,-38.804401774066037],[-72.951971317240933,-38.804451232201465],[-72.951963796536788,-38.804586293443883],[-72.951943721429743,-38.804910301815944],[-72.951929021048485,-38.805121826541217],[-72.951996210104696,-38.805213036742352],[-72.951894098258535,-38.805436524456226],[-72.951895776991265,-38.805603223057709],[-72.951884383715267,-38.805675107448266],[-72.951880569942986,-38.805882278196357],[-72.951859079290259,-38.806206261660698],[-72.951843979281094,-38.806584407011186],[-72.951843234789749,-38.806760115846593],[-72.951841585017576,-38.806917778073775],[-72.95183749742462,-38.807034793042853],[-72.951825724231213,-38.807246365409235],[-72.951819060980313,-38.807354318487889],[-72.951798494818405,-38.807466652792691],[-72.951799398132138,-38.807610799111764],[-72.951778791688511,-38.807930324308224],[-72.95176664333502,-38.808254433639618],[-72.951749405306572,-38.80850190398619],[-72.951727530178985,-38.80883940245883],[-72.951717811397288,-38.809028474856127],[-72.951721538351947,-38.809123089104652],[-72.951720016497987,-38.809136496027769],[-72.951696703361847,-38.809338941115236],[-72.951672168534714,-38.809640300808148],[-72.951663988016193,-38.809901484288673],[-72.951668982969181,-38.809978125186092],[-72.951646724187626,-38.810203039948611],[-72.951628562161403,-38.810536059483425],[-72.951614613782652,-38.810873658101642],[-72.951609512972311,-38.810950198509168],[-72.951584966879437,-38.811278637767231],[-72.951555290957359,-38.811737629740492],[-72.951531378133595,-38.812246232204416],[-72.951522577525495,-38.812552444977371],[-72.951513887246975,-38.812628886358461],[-72.951494332164174,-38.812984456861678],[-72.951467487215965,-38.813443501042251],[-72.951460955655762,-38.813673121012002],[-72.951460827693722,-38.81367762666995],[-72.951457644921504,-38.813812688077313],[-72.951441513539208,-38.813925093668985],[-72.951422465633755,-38.814262569289099],[-72.951406353966675,-38.814523578294974],[-72.951401246956053,-38.814676708718068],[-72.951401241434738,-38.81475329789923],[-72.951378471079565,-38.815045669701142],[-72.951363528267834,-38.81536529828383],[-72.951353941715681,-38.815599375190907],[-72.95135870603508,-38.815707605142329],[-72.951353703456036,-38.815833653017854],[-72.951336706536736,-38.816099118277073],[-72.951319437558055,-38.816477263649034],[-72.951285417552512,-38.816936181656871],[-72.951252558062293,-38.817404135777608],[-72.951242337665548,-38.817584149030679],[-72.951236701697766,-38.817656133303856],[-72.95120331689526,-38.817966352117672],[-72.951196680870837,-38.81822305531162],[-72.951196007474948,-38.818250083685136],[-72.951189783991055,-38.818488694930423],[-72.951190446661798,-38.818614845734821],[-72.951178014415831,-38.818749778096198],[-72.951143886087706,-38.819109605816344],[-72.951109226427249,-38.819591049135141],[-72.951086472168086,-38.82010868697612],[-72.951063600347481,-38.820554315282379],[-72.951061288707066,-38.820711924993951],[-72.951044161577897,-38.821058559595983],[-72.951043279851604,-38.821189189348715],[-72.951034580010287,-38.821342146626904],[-72.951045466914948,-38.82141445588416],[-72.951019749323706,-38.82168427574139],[-72.951003271978422,-38.821855203818316],[-72.950994580841567,-38.822057744487601],[-72.950979978491205,-38.822192676516394],[-72.950966930560838,-38.822296049003064],[-72.950956444386222,-38.822435489959922],[-72.950947635011786,-38.822566019327901],[-72.950927286762052,-38.822926044387742],[-72.950910178468135,-38.823295182611147],[-72.950901733436453,-38.82351579156343],[-72.950882030034109,-38.823776700130722],[-72.950880645548224,-38.823974934927072],[-72.950879551648583,-38.823984121641899],[-72.950856850196843,-38.82417724922567],[-72.950845602545073,-38.824393231688987],[-72.950837929582704,-38.824510219419139],[-72.950816074010589,-38.824870295383683],[-72.950806089689578,-38.825018795101521],[-72.950770789399868,-38.825446101237816],[-72.950754685430041,-38.825756693033547],[-72.950738050609743,-38.825986139715823],[-72.950727454634091,-38.826229252082541],[-72.950726692420517,-38.826305793605869],[-72.95072082772127,-38.826458876170996],[-72.950702265405099,-38.826706316965165],[-72.950646873370886,-38.82702967621406],[-72.950522966937399,-38.82728430108267],[-72.950446528849767,-38.82739107507004],[-72.949861163398197,-38.828146688177121],[-72.949806133736885,-38.82823126476665],[-72.949692587047096,-38.828400462952978],[-72.949677775434921,-38.828424280421949],[-72.949623195713244,-38.82851186797599],[-72.9495592064672,-38.828708975393397],[-72.949652840472098,-38.829611668751433],[-72.9496408488029,-38.829926769958284],[-72.949597080458574,-38.830349493544588],[-72.949595058645841,-38.830745864030185],[-72.949659484004954,-38.831008276256213],[-72.950129088570975,-38.83140394885077],[-72.951251785676504,-38.831995826722775],[-72.951369590481008,-38.832078976086038],[-72.951327463519476,-38.83224494513972],[-72.951134423472922,-38.832448786907619],[-72.951040711929735,-38.832528181906667],[-72.950755371955537,-38.832762007300914],[-72.950391807780647,-38.833061937647734],[-72.950051535446846,-38.833353256336167],[-72.949820726811765,-38.833542954172337],[-72.949589252594649,-38.833732599300731],[-72.949330890568817,-38.833930756001742],[-72.949125814018871,-38.834075825431214],[-72.948770303763752,-38.834294831117361],[-72.948316697756923,-38.83454821939808],[-72.948011471669432,-38.834723019239981],[-72.948006255987693,-38.83472592533348],[-72.947925830907351,-38.834771074860349],[-72.947679764844551,-38.834915389794858],[-72.947390942320581,-38.835144603343387],[-72.947217092302338,-38.835330745044409],[-72.947057561454173,-38.835521640701579],[-72.946906859397473,-38.835681174009778],[-72.946632506935913,-38.835856549010295],[-72.946324860113094,-38.836013348595088],[-72.946017325256051,-38.836192649095651],[-72.945790442767517,-38.836296762460222],[-72.94551902757695,-38.836445177892969],[-72.945239532624925,-38.836624929095223],[-72.945116733211947,-38.836690325103945],[-72.94489805402732,-38.836758594583848],[-72.944588464190232,-38.836883801919761],[-72.94430270840266,-38.837054466301588],[-72.944085188912211,-38.837230791548805],[-72.943824383045168,-38.837537113350216],[-72.943674318480276,-38.837822720154215],[-72.943665216085606,-38.837838965912816],[-72.943631813902286,-38.837898607401989],[-72.943523602227074,-38.83815800647691],[-72.943466121710955,-38.838377691073937],[-72.943418096711156,-38.838471472881871],[-72.943299924181801,-38.838748696257419],[-72.943126293112684,-38.839178096077042],[-72.942978026072879,-38.839675552514187],[-72.942893636740408,-38.84010658348101],[-72.942818735607304,-38.840506155179618],[-72.942774938267377,-38.840852288388788],[-72.942853805093335,-38.841214048699769],[-72.942948175274509,-38.841612177539169],[-72.943043951863828,-38.84213643181733],[-72.943117829545429,-38.842646817133087],[-72.943166746726419,-38.843098206224674],[-72.943203754608263,-38.843562836133117],[-72.943232424336571,-38.843968794211683],[-72.943260838595847,-38.844433272670798],[-72.943348195828023,-38.844948439964483],[-72.943633610278752,-38.845439940125196],[-72.943954649190346,-38.84591865050951],[-72.944292054229138,-38.846406619768842],[-72.944560197029872,-38.846848305333801],[-72.944789806397722,-38.847352388937182],[-72.944962062326212,-38.847796948544612],[-72.945133803779513,-38.848259454648606],[-72.945282098774101,-38.848712571770093],[-72.945419547025892,-38.849264633222582],[-72.945534296645775,-38.849933378176395],[-72.945472086332927,-38.850468361010876],[-72.945422793037523,-38.850629700468055],[-72.945397507759168,-38.850689436484835],[-72.945367879187685,-38.85075935433661],[-72.945307157314105,-38.850920489912134],[-72.945198571280557,-38.851089738462385]]},"properties":{"FID":26,"nombre":"SECTOR CAUTÍN, ETAPA IV","empresa_01":"CONSTRUCTORA SIERRA NEVADA S.A.","f_inicio":"11-AGOSTO-2026","f_termino":"26-JULIO-2029","monto":"5.589.584.113","Activo":"69D542","NOMBREFEMN":"Almagro - Teodoro Schmidt","ROL":"S/ROL D542","CARPETA":"Ripio","N_MOP":"11","Shape_Le_1":8.0018699211000008,"long_km":8.0018699211000008}},{"type":"Feature","id":27,"geometry":{"type":"LineString","coordinates":[[-72.946983275701839,-38.784191728469963],[-72.946710106143541,-38.784158319040202],[-72.946528306343893,-38.783970917640069],[-72.946004404380886,-38.782755073765422],[-72.945522024417372,-38.781887419037801],[-72.944048625497572,-38.782340911058746],[-72.943037943354568,-38.783104076982809],[-72.943001712297786,-38.783167480621231],[-72.942749506645185,-38.783608824803302],[-72.940489755256237,-38.788016106303267],[-72.937137006127685,-38.791050557020327],[-72.936738276885322,-38.794944152964703],[-72.936132417628571,-38.798071892559371],[-72.936272248384924,-38.79956633327965],[-72.934541318837262,-38.801585721624555],[-72.932525318502655,-38.801953566444851],[-72.929651350244157,-38.801569847486263],[-72.920766073118571,-38.802417340366013],[-72.918544342627314,-38.803306877541033],[-72.915157110043651,-38.804570555701034]]},"properties":{"FID":27,"nombre":"SECTOR CAUTÍN, ETAPA IV","empresa_01":"CONSTRUCTORA SIERRA NEVADA S.A.","f_inicio":"11-AGOSTO-2026","f_termino":"26-JULIO-2029","monto":"5.589.584.113","Activo":"69C076","NOMBREFEMN":"Traiguén - Galvarino - Barros Arana","ROL":"R-76-S","CARPETA":"Pavimento","N_MOP":"3","Shape_Le_1":4.5655842424299999,"long_km":4.5655842424299999}},{"type":"Feature","id":28,"geometry":{"type":"LineString","coordinates":[[-72.946471985773357,-38.748444283759078],[-72.946425641574876,-38.749194271119229],[-72.94640766858393,-38.749671462881508],[-72.946385086729336,-38.750184670477474],[-72.946368271531853,-38.750670898390808],[-72.946330116109806,-38.751048645284598],[-72.946133147178585,-38.751446150239403],[-72.945837560821928,-38.751873478491646],[-72.945516639300905,-38.752331840351246],[-72.945101195025913,-38.752802030300749],[-72.944591906106666,-38.753257091795867],[-72.943986567055873,-38.753701451277685],[-72.943327269016109,-38.754144900970637],[-72.94264965321797,-38.754601509352739],[-72.942217428931755,-38.755152535047706],[-72.942276905562068,-38.755761696186426],[-72.942263242898591,-38.756387716231238],[-72.942138028787497,-38.75704318198872],[-72.942006066583275,-38.757730160793173],[-72.9418708872184,-38.758430603779864],[-72.941857841920609,-38.75911061423038],[-72.942157773916136,-38.759809640632795],[-72.942317137290118,-38.76049725587783],[-72.942578458464439,-38.761213670707761],[-72.942839489495299,-38.761943523421536],[-72.943109277883906,-38.762664594931735],[-72.943369567941474,-38.763394471204833],[-72.943619640930905,-38.764128676770099],[-72.943766749059662,-38.764892629643796],[-72.943876116587589,-38.765669440964643],[-72.943977596231704,-38.766441576538085],[-72.944078788874265,-38.767177712850675],[-72.94417988744938,-38.767913778880072],[-72.944274687170278,-38.7686227566357],[-72.944375533912634,-38.769367832899874],[-72.944479826870136,-38.770144594523224],[-72.944696680683009,-38.770909728736378],[-72.945043625611859,-38.771654674326079],[-72.945423195170719,-38.772391137143288],[-72.945785896777238,-38.773113854927345],[-72.946171255460399,-38.773823408284215],[-72.946494470084502,-38.774491307494493],[-72.946687821101577,-38.775125376865077],[-72.94651291194613,-38.775780091917873],[-72.946288481114721,-38.776456404470856],[-72.946117150526746,-38.777111145602639],[-72.946093656216775,-38.77778191578323],[-72.946213097769473,-38.778432798969462],[-72.946370412316313,-38.779016658669832],[-72.946493326017332,-38.779496389781322],[-72.946600882590815,-38.779935245260759],[-72.946704467275126,-38.780338006179505],[-72.946806014670329,-38.780736262008617],[-72.946900682603669,-38.781120877567631],[-72.946985713826933,-38.781469222459599],[-72.947085362252537,-38.781781802239301],[-72.947421018337977,-38.782438788376929],[-72.947501809833923,-38.782766914637051],[-72.94761553382628,-38.783190974179341],[-72.947646720642979,-38.783380834959608],[-72.947704558928464,-38.783575022234672],[-72.947174243993956,-38.784004029174966],[-72.946983275701839,-38.784191728469963]]},"properties":{"FID":28,"nombre":"SECTOR CAUTÍN, ETAPA IV","empresa_01":"CONSTRUCTORA SIERRA NEVADA S.A.","f_inicio":"11-AGOSTO-2026","f_termino":"26-JULIO-2029","monto":"5.589.584.113","Activo":"69D542","NOMBREFEMN":"Almagro - Teodoro Schmidt","ROL":"S/ROL D542","CARPETA":"Pavimento","N_MOP":"11","Shape_Le_1":4.2085574064699998,"long_km":4.2085574064699998}},{"type":"Feature","id":29,"geometry":{"type":"LineString","coordinates":[[-72.819255486379461,-38.767313220333676],[-72.820113354277936,-38.767096023090147],[-72.820974521232259,-38.766877162749772],[-72.821842912450123,-38.76666130587386],[-72.82270462043229,-38.766445734190704],[-72.823559801307084,-38.766229781292516],[-72.82441464155275,-38.766014644670328],[-72.825266822891805,-38.765795677811951],[-72.826107256382443,-38.765573916323213],[-72.82693748275571,-38.765349976589128],[-72.827769664638751,-38.76513098327117],[-72.828620658973421,-38.764939554665375],[-72.829488938283802,-38.764768286151401],[-72.830363527578726,-38.764595255972687],[-72.831240901733992,-38.764440868175889],[-72.832050028622504,-38.764349665275461],[-72.832803382877387,-38.764304635288802],[-72.833457735660886,-38.76429576188746],[-72.833751989272727,-38.764304837915326],[-72.833835013981869,-38.764308235303169],[-72.834175023411277,-38.764335729673633],[-72.834740092181363,-38.764391321443881],[-72.838707846104498,-38.766289090133412],[-72.839627978515438,-38.766436134549018],[-72.840544618176111,-38.766600550265444],[-72.840848597190245,-38.76664771632413],[-72.841475266721559,-38.76674494533146],[-72.842429722600471,-38.766834167281722],[-72.843379381419254,-38.766925310303705],[-72.844324959339829,-38.767026394306555],[-72.845275121410253,-38.767126802860787],[-72.846220862804188,-38.767232586066719],[-72.847148150960209,-38.767345687564251],[-72.84806920166865,-38.767402389196022],[-72.848963228735059,-38.767373719477341],[-72.849830961861883,-38.767364356463467],[-72.850767410640842,-38.767321875860375],[-72.850791573386857,-38.767320782320269],[-72.850863183323838,-38.767330889286796],[-72.850899297338714,-38.767336459775414],[-72.851201714186274,-38.767383102583629],[-72.851742082069777,-38.767465914372472],[-72.852452488279496,-38.76758037539711],[-72.853216112762382,-38.767706429666433],[-72.854022618064334,-38.767842868081239],[-72.854866024955967,-38.767981919375785],[-72.859756429278875,-38.769583357434811],[-72.860703850625455,-38.76968439348407],[-72.861608433194135,-38.769828159496242],[-72.86251790385468,-38.769950654345884],[-72.863407788470354,-38.770071723405145],[-72.864232944522982,-38.770163495461347],[-72.865002177961557,-38.770232026480265],[-72.865805386893783,-38.77029086709841],[-72.866661683091934,-38.770304778338136],[-72.86754495221389,-38.770256250061223],[-72.868359530315615,-38.770155832532893],[-72.869166868491817,-38.769979131629313],[-72.869957230606303,-38.769729126277475],[-72.870758285773178,-38.769467842017868],[-72.871582099739044,-38.769202255320025],[-72.872394526003276,-38.768940581183983],[-72.873173051749049,-38.768691759149256],[-72.873882025290882,-38.768465754379882],[-72.874558383096954,-38.768248428030702],[-72.875226271220683,-38.768034921744807],[-72.875870215290746,-38.767824862407338],[-72.876404930763044,-38.767655026681773],[-72.87681454871462,-38.767522990428972],[-72.877122213424073,-38.767426217444417],[-72.877322838414457,-38.767345616861654],[-72.877352540803173,-38.76733370961685],[-72.877581553848273,-38.767263896194414],[-72.877982189835024,-38.767147061599012],[-72.878461998196371,-38.767005972129276],[-72.879072682052779,-38.766822531048355],[-72.879786309299632,-38.76660482254826],[-72.88052970306326,-38.766381690201229],[-72.881312662022239,-38.766147868869126],[-72.882103063537741,-38.76590715265673],[-72.882900528526534,-38.765668188106623],[-72.883699184526577,-38.765425194859937],[-72.884502553303278,-38.765178866487609],[-72.885308869303785,-38.764933098557876],[-72.886112084306731,-38.764689346676867],[-72.886902123255723,-38.764446027565917],[-72.887684204035949,-38.764207247260039],[-72.888407086023989,-38.763987407367985],[-72.888874994516954,-38.763837966382511],[-72.888970103496021,-38.763807052059953],[-72.889007925089473,-38.763795462417079],[-72.889293946631582,-38.763713767358304],[-72.889771098144806,-38.763578402669054],[-72.890375458945371,-38.763397622214605],[-72.891030941549374,-38.763198606247236],[-72.891743347776966,-38.76297540631068],[-72.892501980187248,-38.762739295004522],[-72.893276802605783,-38.762502935434881],[-72.894069836967162,-38.762267068336975],[-72.894894828239629,-38.762015888976656],[-72.895747879269621,-38.76176266186544],[-72.896598296865804,-38.761504423514026],[-72.89743551193294,-38.761254810234014],[-72.898251894514814,-38.761010388149494],[-72.899062940959539,-38.760763261225918],[-72.899907930799685,-38.760511379356025],[-72.900772860329255,-38.76025196276246],[-72.901649348206249,-38.759988611498912],[-72.90252848958994,-38.759723910007558],[-72.903402706116452,-38.759460621783553],[-72.90428189716998,-38.759197087286928],[-72.90516142298452,-38.758931173344237],[-72.906046610759518,-38.758665505548009],[-72.906935178853956,-38.758401488165035],[-72.907816130427477,-38.758132703403199],[-72.908684928484377,-38.757872730021163],[-72.909554080713136,-38.757662471440902],[-72.910428164254327,-38.757568401042782],[-72.911288179717403,-38.757603186554945],[-72.91215578079364,-38.757707733861167],[-72.913046446604696,-38.757818731827612],[-72.913943651024695,-38.757935480294179],[-72.91483664197159,-38.758033770824127],[-72.91572929947074,-38.758077682366491],[-72.916603228875502,-38.758072116554168],[-72.917460676846076,-38.758070195190164],[-72.918314135539234,-38.758038443998622],[-72.91911325014371,-38.757833491444842],[-72.919826183437465,-38.757484960308261],[-72.92054468408071,-38.757124654368745],[-72.921277522973739,-38.756752720556015],[-72.922024945778034,-38.75637534772725],[-72.922780329023723,-38.755988627148461],[-72.923536122421552,-38.755606093316089],[-72.924282159047465,-38.755276051702303],[-72.92505957200612,-38.754992466165916],[-72.934460904036044,-38.751329325195194],[-72.935010273868841,-38.75125952282999],[-72.935570353050196,-38.751158291171478],[-72.936160986256837,-38.750982167198835],[-72.936771977110368,-38.750814725353635],[-72.937411936116845,-38.750637816157479],[-72.938056956053558,-38.750455347669188],[-72.938638280484042,-38.750300332180885],[-72.939145247775144,-38.750182799581715],[-72.939582781929701,-38.750080889080117],[-72.93998103183543,-38.749931236157039],[-72.940377733882869,-38.749756916338292],[-72.940783040757495,-38.749574629261673],[-72.941193639189237,-38.749450823655842],[-72.941668836319749,-38.749405039144385],[-72.942206094546776,-38.749382613274641],[-72.942586936605466,-38.749363551654106],[-72.943019239097893,-38.749431956563072],[-72.943444017950128,-38.749411701336328],[-72.943979285282182,-38.749365132837823],[-72.944543981550453,-38.749315721370884],[-72.945061575394263,-38.749227171641827],[-72.945452349927876,-38.749012304637716],[-72.945778320664658,-38.74876538927068],[-72.946053449829932,-38.748561956779078],[-72.946302011030212,-38.74842523880011],[-72.946349472632207,-38.748443555117937],[-72.94636566559862,-38.748443303597014],[-72.946400022008177,-38.748442658574845],[-72.946412190644693,-38.748442910286073],[-72.946471985773357,-38.748444283759078]]},"properties":{"FID":29,"nombre":"SECTOR CAUTÍN, ETAPA IV","empresa_01":"CONSTRUCTORA SIERRA NEVADA S.A.","f_inicio":"11-AGOSTO-2026","f_termino":"26-JULIO-2029","monto":"5.589.584.113","Activo":"69B030","NOMBREFEMN":"Temuco - Nueva Imperial - Puerto Saavedra","ROL":"S-40","CARPETA":"Pavimento","N_MOP":"1","Shape_Le_1":11.7549440464,"long_km":11.7549440464}},{"type":"Feature","id":32,"geometry":{"type":"LineString","coordinates":[[-72.951996210104696,-38.805213036742352],[-72.952100890634469,-38.805277963160748],[-72.952270208816387,-38.805321515666186],[-72.952344159354809,-38.805355976809452],[-72.952350452944899,-38.805358937141449],[-72.95271814451381,-38.805410451183526],[-72.952981533859699,-38.805460111732707],[-72.953097465705795,-38.805484665083796],[-72.953304276326591,-38.805551368562107],[-72.953408726305597,-38.805571218797773],[-72.953543220117893,-38.805600602172731],[-72.953716876722112,-38.805644152921516],[-72.954110665848489,-38.805741189914031],[-72.954490137718707,-38.805833397549684],[-72.954600312455895,-38.805857848588587],[-72.954933702777467,-38.805926751469613],[-72.955441917635127,-38.80604831175377],[-72.955628507799517,-38.806092085182968],[-72.955940914774075,-38.806165164565023],[-72.956600547362697,-38.806401928742126],[-72.956840260427114,-38.806500712868861],[-72.95703045401477,-38.806594167465384],[-72.957427302137177,-38.806763250882177],[-72.958028731983603,-38.807021608008192],[-72.958398157995248,-38.807153545336362],[-72.958399893592599,-38.80715422442514],[-72.958738514698013,-38.807218658589782],[-72.95930370530526,-38.807309638970416],[-72.959980086631674,-38.807416100583858],[-72.960602195465057,-38.807508020212687],[-72.961303553495668,-38.807722975872181],[-72.96173285480252,-38.807910716791397],[-72.961957219890763,-38.808018202430155],[-72.962066254391601,-38.808083193279565],[-72.962402371677015,-38.808233219024288],[-72.962892438090819,-38.808412988284203],[-72.963450623742119,-38.808598410702096],[-72.964031055480376,-38.80878868113566],[-72.964259748566889,-38.808873805495061],[-72.96426023581455,-38.80887408430057],[-72.964715822423472,-38.809106962397088],[-72.965160089333096,-38.809380510984205],[-72.965656129935851,-38.809727041300164],[-72.966231510981117,-38.81014701831829],[-72.966526167380493,-38.810314305934163],[-72.968163075092122,-38.811140220876069],[-72.968929291858444,-38.811559004804941],[-72.969487406932586,-38.811798410390985],[-72.970122654696098,-38.812039245872008],[-72.970741669738885,-38.812266242400007],[-72.971334067461342,-38.812492739088597],[-72.971735237573327,-38.812634915435225],[-72.971907004692383,-38.81266942762889],[-72.972024425935103,-38.812684834492593],[-72.9720252817106,-38.812684952972425],[-72.972430722992186,-38.812705530635832],[-72.972980187184319,-38.812719578213283],[-72.973578560948567,-38.812838060215483],[-72.974080145713728,-38.813144078298563],[-72.974365155479319,-38.813423827351905],[-72.974435064261343,-38.813497148496729],[-72.97469816050176,-38.813686444852394],[-72.974987843355805,-38.813880663576114],[-72.975122539904646,-38.813950522250053],[-72.975285241563171,-38.814052482972762],[-72.975459613185279,-38.814172638693442],[-72.975864807575348,-38.814427406464759],[-72.976779439477099,-38.815096521770059],[-72.976848536645122,-38.815158580613542],[-72.97685102091728,-38.815160857334241],[-72.97700503416965,-38.815316679085932],[-72.977157536514852,-38.815472478972325],[-72.977236568967072,-38.815577436220103],[-72.977474747144356,-38.815860913310814],[-72.977682138956339,-38.816238408637233],[-72.977811305693635,-38.816583007236133],[-72.978289265913602,-38.817271574872315],[-72.978478532975529,-38.817423536713733],[-72.978646300861286,-38.817624633028416],[-72.97888992168275,-38.818047818014982],[-72.979151882350791,-38.818534347774644],[-72.979314556504434,-38.818789480621426],[-72.979903225131082,-38.819835811319479],[-72.980383181688993,-38.820046838944307],[-72.980779067464269,-38.820115156402572],[-72.980789354136874,-38.820116945325339],[-72.982306254650894,-38.820620693024658],[-72.983048036348549,-38.821169559432597],[-72.983326067421629,-38.821417647892225],[-72.983434039954673,-38.821518661310094],[-72.983485521333193,-38.82158257189036],[-72.983790873662514,-38.821732034343327],[-72.984635434705652,-38.821751072500277],[-72.985522295227312,-38.822081728240832],[-72.985676343182703,-38.822210531443837],[-72.985780290551091,-38.822225867914476],[-72.986191230389053,-38.822278009791745],[-72.986192365069599,-38.822278045577107],[-72.986283249183145,-38.822284088240231],[-72.986688398811808,-38.822340631942083],[-72.987118695455024,-38.822447152434265],[-72.987448038850161,-38.822664552988982],[-72.987623526390664,-38.822874816999366],[-72.987839236827014,-38.82313985530228],[-72.988091453048384,-38.82346400162929],[-72.988313715678771,-38.823724682772863],[-72.988413103195157,-38.823852474131392],[-72.988594798390366,-38.82412140420886],[-72.988806334356468,-38.824458449573271],[-72.988966883609152,-38.824713492945946],[-72.989036853924972,-38.824863391564087],[-72.989195299347529,-38.825217451839002],[-72.989413871358579,-38.8257123033545],[-72.989644467032122,-38.826216334024885],[-72.989804902196923,-38.826529964583358],[-72.989816852648033,-38.826561504957297],[-72.989871852620055,-38.826706750085087],[-72.989962226899692,-38.826924570350997],[-72.990112055766588,-38.827201966301423],[-72.990408115822461,-38.827580977974719],[-72.990611288156472,-38.827805194447336],[-72.990749908288791,-38.827969787104827],[-72.991058839633851,-38.828249928241235],[-72.991369059275286,-38.828507519611151],[-72.991539652305235,-38.828636560115243],[-72.991801720437834,-38.828839353323893],[-72.992120756810053,-38.829092582821126],[-72.992560604232636,-38.829451541567636],[-72.9929735759263,-38.829819017460238],[-72.993284264573845,-38.830189257518256],[-72.993817307002161,-38.830571508357295],[-72.993818579307288,-38.830572350164168],[-72.994250590856737,-38.831030294412464],[-72.994639630374635,-38.831379400144243],[-72.995052928483474,-38.831688273267503],[-72.995368565929724,-38.831959539393232],[-72.99571366637818,-38.832258275882168],[-72.996086728615353,-38.832611539354133],[-72.996462266869287,-38.832879274811468],[-72.996884803861775,-38.832985654641398],[-72.996982377517242,-38.83299632978499],[-72.997137431502807,-38.833039565988983],[-72.998007960960209,-38.833369796642593],[-72.998226202628729,-38.833495200446521],[-72.998537056089603,-38.833680736489427],[-72.998932269233919,-38.833890237133801],[-72.999459570514347,-38.834034407727081],[-73.000043083471198,-38.834148020221242],[-73.000557034548592,-38.834255899299372],[-73.001115565358802,-38.834391612881333],[-73.001576302343892,-38.834521161218973],[-73.001991002137245,-38.834573264706393],[-73.002156026033106,-38.834567084979959],[-73.002162374301903,-38.834565907803217],[-73.002312421122497,-38.834538254750633],[-73.002594304363328,-38.834498034499674],[-73.00298341124261,-38.834410083646176],[-73.003361950876752,-38.834362486035353],[-73.003778895771291,-38.834333563700156],[-73.004267138341447,-38.83433288702556],[-73.004872945918365,-38.834347723676643],[-73.005489691304319,-38.834407853849456],[-73.006072225716466,-38.834584480919254],[-73.00666888551099,-38.834824443608966],[-73.006831418640303,-38.834908285776912],[-73.006956819852789,-38.835009563494857],[-73.007048059586381,-38.835092165993863],[-73.007097401440802,-38.835156064938964],[-73.007263086317508,-38.835334611331838],[-73.007439104082877,-38.835450233725659],[-73.007774225940608,-38.835541573353154],[-73.008292493172291,-38.835599981616681],[-73.008809735740599,-38.835613267465639],[-73.009032237380438,-38.835612554335142],[-73.00946976430393,-38.8355704352633],[-73.010058004988338,-38.835544455427446],[-73.01064069913437,-38.835585954625863],[-73.011022697760467,-38.835700538479891],[-73.011295649568169,-38.835853844315231],[-73.011732613740605,-38.836140591861415],[-73.012195299545212,-38.83643678339341],[-73.012598953963476,-38.836677967959915],[-73.012784060612006,-38.836788915579113],[-73.012784547091997,-38.836789194171303],[-73.012953515356898,-38.836873175250204],[-73.013029203024516,-38.836923990867952],[-73.013326983001008,-38.837037184615198],[-73.013641138074988,-38.83715970174589],[-73.01391221912418,-38.837326495279349],[-73.014209458028517,-38.83756580304906],[-73.014313526583592,-38.83765319631339],[-73.014408339394194,-38.837740392452986],[-73.014625295062388,-38.837937749158677],[-73.014890894096226,-38.838149515664732],[-73.014967783425107,-38.83820486289779],[-73.015274503059047,-38.838439856373832],[-73.015582830852495,-38.838746955409576],[-73.015873354083297,-38.839148297668224],[-73.016202516245343,-38.839505293011008],[-73.016369058658128,-38.839629786690381],[-73.016489863379419,-38.839685907782183],[-73.016669440288297,-38.839752032056481],[-73.017074042437159,-38.83980841237107],[-73.01755249210764,-38.839924668805622],[-73.018050337829877,-38.840122302339303],[-73.018532626460257,-38.840360239294135],[-73.019001474934228,-38.84058897276045],[-73.019580774702931,-38.840810502390852],[-73.020028161854938,-38.840854182518804],[-73.020041545960268,-38.840855639391712],[-73.020321014493092,-38.840886144110094],[-73.020829345826883,-38.840939820700754],[-73.02150566933166,-38.840982832284674],[-73.022282235047697,-38.840946385240677],[-73.02261632897573,-38.84086646396851],[-73.022754181762835,-38.840828284663168],[-73.023185666404359,-38.840641853031954],[-73.023678359749496,-38.840424974158182],[-73.024097821263069,-38.840359958645962],[-73.024368880517031,-38.840373551931719],[-73.02484303121355,-38.840440122257142],[-73.02539289850634,-38.840525991093763],[-73.02552351065259,-38.8405417730824],[-73.025957586604008,-38.840598654401902],[-73.026353495865393,-38.840627854956026],[-73.026417575979551,-38.840623207392426],[-73.026453748484187,-38.840620556981904],[-73.026735667664667,-38.840634285979249],[-73.027229570123069,-38.840714773589781],[-73.027884731380382,-38.840951055037358],[-73.028457421241015,-38.841176974089159],[-73.028598077267716,-38.841246931792249],[-73.02868237417961,-38.841297882716546],[-73.028785924956722,-38.841380706016032],[-73.029005990997362,-38.841677313756236],[-73.029198070315957,-38.842022922419325],[-73.029511213075196,-38.842312033818004],[-73.029683032324286,-38.842427544957523],[-73.030033141504177,-38.84268121620277],[-73.03024524387294,-38.84285066061468],[-73.030404074359382,-38.842927721143425],[-73.030505191501163,-38.842975199832232],[-73.030680698312125,-38.842978159975601],[-73.030863046013422,-38.842998400133439],[-73.031081798955839,-38.843024975518738],[-73.031241734376465,-38.843062002982329],[-73.031452387815193,-38.843117049303139],[-73.031633001056477,-38.84320019704289],[-73.031858280865919,-38.843255489197446],[-73.032032527717689,-38.843304199184736],[-73.032187731601937,-38.843357268020931],[-73.032207505372938,-38.843528647616132],[-73.032216965194536,-38.843736022253232],[-73.032192172720173,-38.84398339101547],[-73.032146190392012,-38.844266466086644],[-73.0320889934723,-38.84458984599361],[-73.032079040233739,-38.844715843503039],[-73.032070964700324,-38.844828347966477],[-73.032076891083875,-38.845161793128796],[-73.03223914346043,-38.845493374840608],[-73.032302797287258,-38.84558458450131],[-73.032394194946065,-38.845694239299547],[-73.032743159096583,-38.845938865566339],[-73.033218827701418,-38.846131592124131],[-73.033643291276263,-38.846251345604472],[-73.03395100737211,-38.846297071633849],[-73.034050775968012,-38.846307787166445],[-73.03416706990852,-38.846318742091668],[-73.034464804627831,-38.846359795299023],[-73.034858916507119,-38.846379952705931],[-73.035161268844092,-38.846407563472376],[-73.035302799214264,-38.846445976898323],[-73.035408982848324,-38.846488343912398],[-73.035818775534878,-38.846643864671726],[-73.036335200924825,-38.846846308915836],[-73.036818665413023,-38.847048121926832],[-73.037195583606092,-38.847221155623423],[-73.037508987740026,-38.847370562942025],[-73.037948422272194,-38.847576182453778],[-73.038477470790752,-38.84784635557503],[-73.038977088424303,-38.848111570055217],[-73.039238819107013,-38.848233101469809],[-73.03924220309672,-38.848234533292064],[-73.039458030814089,-38.848326887008241],[-73.039670724198729,-38.848420528462071],[-73.040031981321519,-38.848561704895594],[-73.040401350117264,-38.848721118365582],[-73.040796863141324,-38.848898956042433],[-73.041171210539687,-38.849062916219232],[-73.041564918922489,-38.849227163907948],[-73.041770688829672,-38.849311745265908],[-73.041910321452391,-38.849368146137721],[-73.042260729518418,-38.849509174339595],[-73.042551644129091,-38.849694247408387],[-73.042660056988737,-38.849835694516315],[-73.042716713293061,-38.849899693147918],[-73.042804866666245,-38.8500183058988],[-73.043017057479062,-38.850134536522987],[-73.043377525724125,-38.850329738707977],[-73.043884498098592,-38.850432869195181],[-73.044231715457101,-38.850587356472651],[-73.044264146700485,-38.850603497706672],[-73.044390861395016,-38.850666614612408],[-73.044591944952515,-38.850791565006169],[-73.044738544273969,-38.850884169690907],[-73.045023174062578,-38.851033078772879],[-73.045346127804009,-38.851155644226537],[-73.045436846014525,-38.851179649392073],[-73.04568463141176,-38.851206321418871],[-73.045880420795058,-38.851209637111275],[-73.046000825238366,-38.851229660474758],[-73.046305883770927,-38.851266297407605],[-73.046569076956388,-38.851306746469383],[-73.046710865578618,-38.851336135524612],[-73.046811030465619,-38.85136032829719],[-73.047226926530811,-38.851452879666859],[-73.047631422224953,-38.851540735505175],[-73.047801020506,-38.851579634755971],[-73.048017340786373,-38.851623774146816],[-73.048453650775599,-38.851730148403739],[-73.048765863464752,-38.851771399233201],[-73.048889592400158,-38.851773522741496],[-73.049408629151898,-38.851836218104815],[-73.049932319086707,-38.851989134962793],[-73.050324047875648,-38.852252438082097],[-73.0504054078433,-38.852623250845532],[-73.050500745925234,-38.852931157916785],[-73.05065803477639,-38.853083811850986],[-73.050661330450438,-38.853087017832785],[-73.050806228541489,-38.853134518038999],[-73.051095986037438,-38.853125853696113],[-73.051212629191738,-38.853127777195013],[-73.051558472941849,-38.853201128469131],[-73.051939974701241,-38.853392179060236],[-73.052284510749558,-38.853542087211828],[-73.052405729137092,-38.853584652756908],[-73.052816774027718,-38.853749217776041],[-73.05310273786084,-38.854010727046138],[-73.053240148173941,-38.854440977436113],[-73.053491754580023,-38.854747064329395],[-73.053610831252314,-38.854816634236109],[-73.053937537838976,-38.854853605036993],[-73.054380684304476,-38.854658239641125],[-73.054924135672792,-38.85443304478634],[-73.055331776766153,-38.854219063289527],[-73.055426266120094,-38.854135058323251],[-73.055589265633813,-38.853966549736505],[-73.055753632786093,-38.853775636631092],[-73.055922370340809,-38.853372961748214],[-73.055871934775396,-38.852975695591539],[-73.055713815665101,-38.852594644604501],[-73.055682913704317,-38.852486004387465],[-73.055668117045172,-38.852210938672741],[-73.055677918517617,-38.852008357313871],[-73.05564392129186,-38.851642910389394],[-73.05560425779538,-38.851434966713889],[-73.055578493240461,-38.851083178855724],[-73.055637147964845,-38.850782316553619],[-73.055650340303501,-38.850737218974253],[-73.055690485083773,-38.850600706650575],[-73.05569113774321,-38.850598489229071],[-73.0557191957421,-38.85036022669982],[-73.055720445825955,-38.850261091775153],[-73.055715243404435,-38.849977207702047],[-73.055879918648429,-38.849669116341417],[-73.056208966726871,-38.849404298456058],[-73.056630940609509,-38.849140970425971],[-73.057060008527472,-38.848828253520992],[-73.057183899406738,-38.848722196514693],[-73.05727891736727,-38.848642672388465],[-73.057466877485268,-38.848483622699582],[-73.057625372273876,-38.848324122183428],[-73.057853059905298,-38.848107170922063],[-73.058072896716908,-38.84793963274111],[-73.058271039823666,-38.847830251928563],[-73.058509874176778,-38.847708092028029],[-73.058657669837288,-38.847647463449945],[-73.059113393034025,-38.847519893168972],[-73.059458570897547,-38.847431068950442],[-73.059904455464221,-38.847321325066211],[-73.060413492577212,-38.847217127453611],[-73.060957333771071,-38.847185647111594],[-73.061557113604763,-38.847213602474419],[-73.062117286898527,-38.847376113252224],[-73.062709125766858,-38.847566072773944],[-73.063225871122071,-38.847709800710788],[-73.063700815159848,-38.84787992230698],[-73.063739767914129,-38.847894575957731],[-73.063974587351495,-38.847983564698971],[-73.064473152072011,-38.848054875688653],[-73.065078764738857,-38.847974812707903],[-73.065578751209102,-38.847753298118427],[-73.066162647822111,-38.847411613306967],[-73.066852798079381,-38.847004096105522],[-73.067248958389342,-38.846785382996366],[-73.067601143865275,-38.846624499938528],[-73.06771620813231,-38.846603885121731],[-73.067827742042738,-38.846605749713383],[-73.068186594511332,-38.846809857741086],[-73.068209257778321,-38.847251765670016],[-73.068174156265783,-38.847670159215284],[-73.068267778929794,-38.847829363783461],[-73.068646155623355,-38.847925729723933],[-73.068853002592036,-38.847893131504726],[-73.069151531810974,-38.847848479247034],[-73.069298208418971,-38.847832883674066],[-73.069723206708105,-38.847772380271479],[-73.070268941891925,-38.847673277600428],[-73.070349322079053,-38.847656601233034],[-73.070490499408294,-38.847627324548661],[-73.070938746711306,-38.847481597588775],[-73.071267074563551,-38.847428447823297],[-73.071369953912566,-38.847407590289343],[-73.071469547659618,-38.847400276134316],[-73.071859674285705,-38.847325636257068],[-73.07245727529812,-38.847222868182563],[-73.072974357378271,-38.84732596006296],[-73.073608499324038,-38.847390504038728],[-73.073815470829402,-38.847434479249706],[-73.074203561344547,-38.847567010526227],[-73.074440416954445,-38.847570908648663],[-73.074721021921363,-38.847471900634432],[-73.075132341462933,-38.847307526678975],[-73.075236994765262,-38.847273175613886],[-73.075331667913943,-38.8472342294857],[-73.075462055137535,-38.847042633077635],[-73.075447150047566,-38.846956828212598],[-73.07539224194015,-38.846829774394308],[-73.075227530313327,-38.846529700278111],[-73.07526968298302,-38.84619251489098],[-73.075620085768037,-38.845910002048129],[-73.076052539215169,-38.845813504014757],[-73.076529612389791,-38.84577631576412],[-73.076965028499245,-38.845756445195711],[-73.077075264144639,-38.845753771599853],[-73.077277152791495,-38.845743539869446],[-73.077434191135936,-38.845714586168931],[-73.077629081147023,-38.845672724358216],[-73.0777755969916,-38.845634620694064],[-73.078130443879317,-38.845532343773876],[-73.078394510450195,-38.845433093310227],[-73.078757863298776,-38.845362465080306],[-73.079112158674747,-38.845390800470113],[-73.079419734931307,-38.845413907056312],[-73.079804634517174,-38.845424716403983],[-73.080303793295158,-38.845473508118644],[-73.080917544377598,-38.84560070374863],[-73.081478835659382,-38.845668492068469],[-73.081705102564257,-38.845690233238997],[-73.081893996817783,-38.84570686291584],[-73.081911508571864,-38.845707873221329],[-73.081996151841096,-38.845713026393753],[-73.082124088769788,-38.845719615053582],[-73.082330442517829,-38.845705012936392],[-73.082426441990989,-38.845697593420539],[-73.082570183086759,-38.845681936484169],[-73.082752456474921,-38.845648845988059],[-73.08310270405309,-38.845505913044825],[-73.08363359142237,-38.845420033021895],[-73.084074901883881,-38.845341714749786],[-73.084539976551596,-38.845133074541849],[-73.085066515448375,-38.845047118421327],[-73.08572826856583,-38.845017441570185],[-73.086415804603121,-38.844970108403061],[-73.087000572433922,-38.844754459708867],[-73.08725542303992,-38.844542403900554],[-73.087322655833219,-38.844475929942789],[-73.087513489223923,-38.844208714055441],[-73.087685535669834,-38.843752018850786],[-73.087781234725838,-38.843352599108101],[-73.087783384399515,-38.843271583798611],[-73.087783379467055,-38.843271509831581],[-73.087808139708329,-38.843046711812804],[-73.087932041642773,-38.842773946954786],[-73.088003208911005,-38.842644472367226],[-73.088188355910546,-38.84234565413815],[-73.088267312581635,-38.842189469971252]]},"properties":{"FID":32,"nombre":"ALMAGRO - PUERTO DOMINGUEZ","empresa_01":"INGENIERÍA Y CONSTRUCCIÓN ALTO BELÉN","f_inicio":"10-JUNIO-2025","f_termino":"20-MAYO-2029","monto":"9.304.117.200","Activo":"69D458","NOMBREFEMN":"CANCURA\u00A0-\u00A0CATRIPULLI","ROL":"S-458","CARPETA":"Pavimento Básico","N_MOP":"2","Shape_Le_1":15.3928783323,"long_km":15.3928783323}},{"type":"Feature","id":33,"geometry":{"type":"LineString","coordinates":[[-72.949880373570792,-38.781128143121762],[-72.94997718960127,-38.781291990479332],[-72.9500700707177,-38.781464825099633],[-72.95018929232414,-38.781674177130789],[-72.950296654193252,-38.781941852764554],[-72.950338222081555,-38.782199359843013],[-72.950405241788118,-38.782448330961685],[-72.950533839689697,-38.78265330768825],[-72.950701791739604,-38.782845440092359],[-72.950889109593533,-38.783060455183019],[-72.951063336142781,-38.783234740233112],[-72.951093498157292,-38.783267069815459],[-72.951242709444685,-38.783427075801946],[-72.951419125454777,-38.783623864456402],[-72.951649559479662,-38.783866710834758],[-72.951920263656945,-38.78408767995613],[-72.952272764024755,-38.784287578786277],[-72.952688054733699,-38.784533604932157],[-72.953045371567327,-38.784796646335053],[-72.953400043428744,-38.785073205535305],[-72.953717200097842,-38.785331038769741],[-72.953953911115036,-38.785555884143072],[-72.95420723339349,-38.785781052401965],[-72.95441683249264,-38.785946902821721],[-72.954737342522279,-38.786186836942008],[-72.955063701151659,-38.786426793288967],[-72.955461248669167,-38.78666352378211],[-72.95575961996181,-38.786821860147512],[-72.955805073411994,-38.786840831446341],[-72.955940265963079,-38.786897121103131],[-72.956302753585078,-38.787052175530611],[-72.956734312949465,-38.787208355069644],[-72.957186113696537,-38.787409961744643],[-72.957634955665156,-38.787692610731277],[-72.957995659542021,-38.787987249162775],[-72.958063607202718,-38.788051498330361],[-72.958231598383676,-38.78816710317389],[-72.958623141666749,-38.788286558908226],[-72.959209883155395,-38.788377918782096],[-72.959574156915238,-38.788420305257389],[-72.959940088612129,-38.788480712508466],[-72.960446128347712,-38.788548167570106],[-72.960933607666021,-38.788610717345477],[-72.961583426410783,-38.788685092353361],[-72.962117996490704,-38.788762049406174],[-72.962702987320384,-38.788835299807516],[-72.96318804665647,-38.788906849886629],[-72.963558579053839,-38.78895830840505],[-72.963985543908024,-38.789024376787644],[-72.964503470416403,-38.789105429955136],[-72.964928542704868,-38.789184914522366],[-72.96510633795971,-38.789218715943306],[-72.965111103845629,-38.789219661267232],[-72.965286141885414,-38.789263222256892],[-72.965616402508658,-38.789363634759731],[-72.966085086313043,-38.789506932500863],[-72.966559170894939,-38.789686347069988],[-72.966984284674112,-38.78996858436637],[-72.967388407122925,-38.790281932870229],[-72.967878142534104,-38.790542711233925],[-72.968374242834514,-38.790785636837604],[-72.968814605663852,-38.791140174926568],[-72.9689880351021,-38.791341390731624],[-72.969060868090651,-38.791540862669045],[-72.969138018084109,-38.791965751050753],[-72.969179341681127,-38.792358358277546],[-72.969202375493907,-38.792462423957339],[-72.969244561279496,-38.792697396616617],[-72.969309130535777,-38.792982298739673],[-72.969365770783043,-38.793294180822237],[-72.969379107905937,-38.793406987415835],[-72.969379218230372,-38.793407278569141],[-72.969420357601351,-38.793628489315346],[-72.969508487639715,-38.794048944979124],[-72.969641048368175,-38.794447744974413],[-72.969833619044337,-38.794888036637104],[-72.970043605748955,-38.795400781796666],[-72.970316447162674,-38.795928137166129],[-72.970761380298228,-38.79642690916986],[-72.971173907145129,-38.796825991811275],[-72.971547528713302,-38.797201900097619],[-72.971917976621242,-38.79758676975262],[-72.972306475349612,-38.798021492840057],[-72.972719668449201,-38.798474630812215],[-72.973186838071541,-38.798852144033155],[-72.973390334019612,-38.798959285234716],[-72.973391581203742,-38.798959685313037],[-72.97350091197994,-38.798992780904179],[-72.973907730981665,-38.799112401440233],[-72.974494385634245,-38.799230763832398],[-72.975218047438773,-38.799342388855052],[-72.975856462854466,-38.79941655342575],[-72.976435024587502,-38.799570672496252],[-72.976886754550918,-38.799880371197794],[-72.977072101526772,-38.80001874537146],[-72.977211486098454,-38.800129245978951],[-72.977565164223549,-38.800396686136125],[-72.977813113122181,-38.800585680740411],[-72.977930232454142,-38.800668827647321],[-72.978026871579601,-38.800738062780255],[-72.978307698307844,-38.800936635048458],[-72.978717163426666,-38.801191469426342],[-72.979033580136544,-38.801377167223542],[-72.979305701029062,-38.801553085592808],[-72.979599615495246,-38.801823960300446],[-72.979798624357855,-38.802075344903805],[-72.979812927949283,-38.802093451011451],[-72.979883863202616,-38.802180236614447],[-72.979937372808578,-38.802248728733424],[-72.980022654427145,-38.802362842376702],[-72.980316676068696,-38.802552620415433],[-72.98077537817062,-38.802695754045139],[-72.981166598827201,-38.802756557887804],[-72.981455378986738,-38.802874203047253],[-72.981632835511533,-38.803115990803597],[-72.981748052490914,-38.803496403532392],[-72.981823926158199,-38.803713988792452],[-72.98189363099155,-38.803922413713018],[-72.982038773423611,-38.804262772756445],[-72.982228151045831,-38.80471657958519],[-72.982397929543026,-38.805152017630668],[-72.982753190560302,-38.805441965107704],[-72.982948224498401,-38.805494850374266],[-72.983119225735066,-38.805529372404408],[-72.983430736524213,-38.80561133555458],[-72.983775284843645,-38.805693867299233],[-72.98414965962273,-38.805790431202873],[-72.984462462707668,-38.805876921849197],[-72.984740372213722,-38.805998840583037],[-72.98509071011614,-38.806158054484456],[-72.98536135127685,-38.806387945629275],[-72.985481886049953,-38.806506605495706],[-72.985482483777091,-38.806507175354326],[-72.985549312545089,-38.806589449987449],[-72.985751523982827,-38.806845214745742],[-72.986024435811885,-38.807169766766805],[-72.986196789934155,-38.807361916635465],[-72.986387588687862,-38.807563469485721],[-72.986507183421651,-38.807687177774561],[-72.986691181816724,-38.807875017933952],[-72.986811280348306,-38.807980705592108],[-72.986895004776443,-38.808076716084926],[-72.987077091784784,-38.808255618572872],[-72.987239353370853,-38.80842058956415],[-72.987490817902014,-38.808668175266099],[-72.987680705698921,-38.80885160653866],[-72.987812734241317,-38.808993555842711],[-72.988046457539539,-38.80925436389532],[-72.988296073838328,-38.809592028642975],[-72.988525335728099,-38.809938357262567],[-72.988727316996005,-38.810203127013494],[-72.988926629648688,-38.810458911201323],[-72.989073764253988,-38.81065509089246],[-72.98928597638114,-38.810888519995977],[-72.989521758477991,-38.811180907953499],[-72.989815065886759,-38.811550868061801],[-72.990103657806912,-38.811934270071717],[-72.99032563323091,-38.812230891604813],[-72.990394053896196,-38.812329636756665],[-72.990398262551111,-38.812335764194948],[-72.990513211438014,-38.812423325074455],[-72.990826803330378,-38.812455760616615],[-72.991266968707251,-38.812287671522462],[-72.991698249108836,-38.812051781111613],[-72.992130535038754,-38.811806926543333],[-72.992627352814054,-38.811567682925357],[-72.993107738433324,-38.811274103792442],[-72.993620407830463,-38.81103512554126],[-72.994122855238885,-38.810854563518284],[-72.994328185339114,-38.810745487975261],[-72.99440237311056,-38.810692700146944],[-72.994650668541055,-38.810485199970216],[-72.995023522091955,-38.810176259695574],[-72.995466758128543,-38.809873023303034],[-72.995965021278451,-38.809584207229179],[-72.996491982076961,-38.809322960397253],[-72.997082399654417,-38.809031277189703],[-72.997704435585618,-38.808767135546425],[-72.998238553793001,-38.808505930396144],[-72.998449299886104,-38.80830686717556],[-72.998458630190513,-38.808296660534175],[-72.998661577614129,-38.808076244525239],[-72.998987080768757,-38.807784483619308],[-72.999417356844333,-38.807508017738854],[-72.999912871160461,-38.807313797659411],[-73.000482104634543,-38.80716131794096],[-73.001150965292354,-38.807073668714494],[-73.001787828195532,-38.80699899292015],[-73.002426401069883,-38.806838738919119],[-73.003079613449344,-38.806746229122901],[-73.003709532011911,-38.806608326432517],[-73.004044169480778,-38.806456429000711],[-73.004347160699822,-38.806222830746798],[-73.004583066711518,-38.805970062837631],[-73.004982974897374,-38.805670566184226],[-73.005647592730085,-38.805452143191744],[-73.006290722385003,-38.805255852335812],[-73.006682201924107,-38.805127376972095],[-73.006855952669511,-38.805062823924899],[-73.006856599700001,-38.805062580870924],[-73.007080350344324,-38.804990038733386],[-73.007450128729815,-38.804789111156083],[-73.007751934886912,-38.804546469530642],[-73.008064464319915,-38.804281544147443],[-73.008571489873148,-38.804037899312085],[-73.009187951470736,-38.803944774309628],[-73.009804629376632,-38.803946230946792],[-73.01036072055976,-38.804059336459289],[-73.010891776718466,-38.804190049272229],[-73.011190240626121,-38.804249144214459],[-73.011523664444326,-38.804317882814615],[-73.01198967701275,-38.804406925303354],[-73.01210115632253,-38.804435851462038],[-73.012386185333796,-38.804485739358057],[-73.012618701004541,-38.804512272603283],[-73.012700603900043,-38.804521630551427],[-73.012711231889043,-38.804522814249786],[-73.012897674029858,-38.804521491908879],[-73.013215154041191,-38.804517874169591],[-73.013459449791966,-38.804504009382697],[-73.013864287657938,-38.804465879651275],[-73.014282175627358,-38.804423387644562],[-73.014427561768642,-38.804421409903327],[-73.014589444198791,-38.804451181519582],[-73.014777101905537,-38.80450839904865],[-73.015047082707923,-38.804607570656316],[-73.015341274533171,-38.80474324184722],[-73.015561684440655,-38.804945203172267],[-73.015892822798591,-38.805176110831312],[-73.016290175899044,-38.805299964963503],[-73.016601043207672,-38.805354782190491],[-73.01675920979379,-38.805362027276168],[-73.017089746817604,-38.805354112787526],[-73.017559320696193,-38.805289981951212],[-73.017994471196005,-38.805220762535157],[-73.018501559260926,-38.805179832151723],[-73.018932927577808,-38.80516910333511],[-73.019300494950286,-38.805229411864133],[-73.019618622765009,-38.805329421883187],[-73.019961126244311,-38.805411841312029],[-73.020348964431705,-38.805490485050875],[-73.020731566924027,-38.805605092467509],[-73.021172103187013,-38.805810743662256],[-73.021639079842856,-38.805971801218085],[-73.021711500936135,-38.805971812369052],[-73.021907453532165,-38.805971845056533],[-73.022334759045478,-38.805875506385902],[-73.022745542795263,-38.805778850404124],[-73.023098623283602,-38.805685658482339],[-73.02348821994002,-38.805624704862687],[-73.023627157258588,-38.805568485005054],[-73.023747007612855,-38.805529967524173],[-73.024004273134153,-38.805466787444992],[-73.024393558289731,-38.805365186367666],[-73.024822806613514,-38.805273345986116],[-73.025255983876036,-38.805172588776337],[-73.025746717630867,-38.805045715472652],[-73.026282245760669,-38.804910580239138],[-73.026887988114282,-38.804763131857527],[-73.027571780074766,-38.804603540290131],[-73.028208211944587,-38.804438571437835],[-73.028637912808634,-38.804333198883157],[-73.028675665171065,-38.804323779442242],[-73.028958894190012,-38.804252978366748],[-73.029454466498805,-38.804135219332025],[-73.029879064727979,-38.804029723642707],[-73.02997375297403,-38.804013318662633],[-73.030144121453702,-38.803971131439695],[-73.030528557533387,-38.803887532743431],[-73.031049227855874,-38.803770154935954],[-73.031598175919257,-38.803644270572107],[-73.032157343751834,-38.803514046928122],[-73.032523284320789,-38.803398542756632],[-73.032751774875805,-38.803330362272717],[-73.033085337434201,-38.803214277640691],[-73.033330927640151,-38.803128313385315],[-73.03346252776241,-38.803080968646491],[-73.033571392563857,-38.803046805418667],[-73.033686890996265,-38.803008207059335],[-73.033945532605728,-38.802917953250578],[-73.034267748147599,-38.802819745680118],[-73.034638930678938,-38.802695346744009],[-73.035102396863493,-38.802590480470855],[-73.035624730383674,-38.80249117522434],[-73.0360247623573,-38.802416831973517],[-73.036188252772646,-38.802176321297807],[-73.036029170972498,-38.801835704442219],[-73.036049750986621,-38.801610837144672],[-73.036419363757801,-38.80146383559763],[-73.036980431239598,-38.801342672458091],[-73.037490187131652,-38.801229554082347],[-73.0375771163108,-38.801201089789586],[-73.037581653602174,-38.801199604498208],[-73.037691651589682,-38.801178901004931],[-73.038026539402821,-38.801089909926411],[-73.038502260034903,-38.800985269159817],[-73.03900432830028,-38.800863040539106],[-73.039491080107098,-38.800745102071588],[-73.039956698050332,-38.80064028936237],[-73.040398911455753,-38.800836881463844],[-73.040880928581203,-38.801160329193642],[-73.041364393462558,-38.801479297576698],[-73.041597601486515,-38.801636420159909],[-73.041722206130814,-38.801710534915962],[-73.042018059649465,-38.801918242292757],[-73.042372169386908,-38.802153958695854],[-73.042617819567326,-38.80232924216412],[-73.042732717735163,-38.802416752226428],[-73.042999088226736,-38.802569918879115],[-73.043269606812643,-38.802678080182119],[-73.043483917020453,-38.802762734294618],[-73.043665052309251,-38.802824335796664],[-73.043726245174071,-38.802847596878621],[-73.04378898054695,-38.802871467644785],[-73.044032811744898,-38.802929567385419],[-73.044298317509117,-38.802902507050014],[-73.044388578316457,-38.802867946487986],[-73.044542860384098,-38.802829984869021],[-73.044848592685653,-38.802754011809789],[-73.045037829920361,-38.802757189210986],[-73.045129531526158,-38.802826317373771],[-73.045250141776151,-38.803044593020076],[-73.04529941515716,-38.803167062415923],[-73.045394186733404,-38.803411910936035],[-73.045580880289506,-38.803689798321258],[-73.045760142236873,-38.803949646344876],[-73.045935614620703,-38.80427241425798],[-73.046359954716863,-38.80494174470337],[-73.046439564496183,-38.805028704161259],[-73.046616901822659,-38.80520287996822],[-73.046886699834204,-38.805337988529111],[-73.047335526093136,-38.805372516342437],[-73.047753757680283,-38.805316463663594],[-73.047903696186239,-38.805309933049713],[-73.048288163455652,-38.805248779137159],[-73.048821100971765,-38.805158564737859],[-73.049345552236446,-38.805113281323884],[-73.049686739779574,-38.805137000875725],[-73.050146419886545,-38.80517173065077],[-73.050662261054157,-38.805175806823073],[-73.051218180463053,-38.805140047090333],[-73.051525650047736,-38.805104650976467],[-73.051820527573398,-38.805060025380996],[-73.052281881944381,-38.805004599090871],[-73.052421304263518,-38.804988909204901],[-73.052425846263958,-38.804989193984269],[-73.052523969458946,-38.804995156040533],[-73.052732659990696,-38.805075191632305],[-73.052805977717455,-38.805157495203872],[-73.052891557534608,-38.805397713558484],[-73.053006634634258,-38.805692464209109],[-73.053125437967779,-38.805901645281665],[-73.05320823033783,-38.80608772852424],[-73.053286890798944,-38.806395403009653],[-73.053413584985378,-38.806658834343835],[-73.053609552622049,-38.806783728828577],[-73.053807370549251,-38.806868124457871],[-73.054045520267991,-38.806948682850155],[-73.05438298867891,-38.807057885379628],[-73.054754857056963,-38.807145157869385],[-73.055143571143972,-38.80727330933437],[-73.055446161257137,-38.807422531288857],[-73.055563736374523,-38.807492005520309],[-73.05572885005644,-38.807584913552141],[-73.055829852759018,-38.807631574507127],[-73.0559477200554,-38.807638101146082],[-73.056089272487355,-38.807644910136993],[-73.056195340467099,-38.807556592625438],[-73.056315361378154,-38.807454950865676],[-73.056476549564479,-38.807430604250946],[-73.056669114878673,-38.807415791813135],[-73.056918381533947,-38.80740645826581],[-73.057130616615922,-38.807464006093831],[-73.057289119945438,-38.807588278470021],[-73.057481676221485,-38.80781230132316],[-73.057673324377774,-38.808045210264936],[-73.057863278097827,-38.808309682546536],[-73.058080063050198,-38.808570049410378],[-73.058343682111982,-38.808750132111484],[-73.058578416234866,-38.808772068706574],[-73.05894935296233,-38.8087331902193],[-73.059342323696129,-38.808735231266638],[-73.059767031161215,-38.808733214544908],[-73.060133571242474,-38.808671759944019],[-73.06049133340575,-38.808641671866262],[-73.060745826363856,-38.808785544698267],[-73.060934516151292,-38.808914810538646],[-73.06132916428605,-38.808984446360107],[-73.061853751116246,-38.808934600313236],[-73.062123412015538,-38.808812911950014],[-73.062370142869796,-38.808578246885538],[-73.062622501067978,-38.808429269319419],[-73.062767430891455,-38.80839596267959],[-73.062768732217563,-38.808395622040003],[-73.062871495813198,-38.808401856046594],[-73.063144508606328,-38.808446871675521],[-73.06322773828029,-38.808484332737649],[-73.063368653434082,-38.808567742560975],[-73.063488127663845,-38.808781463044312],[-73.063610549464016,-38.809071815536385],[-73.063691921372637,-38.809280443885662],[-73.06378317582795,-38.809525176335548],[-73.063851639472887,-38.809841682783066],[-73.063883604655331,-38.810071954324883],[-73.063890195190609,-38.810171183982654],[-73.063887289728072,-38.810360392224702],[-73.063885278746667,-38.810621655424796],[-73.063893549121261,-38.810819992771691],[-73.063896765689776,-38.81091461797044],[-73.063915260798154,-38.811108688013391],[-73.063966582271547,-38.811258155806868],[-73.064020378359729,-38.811452766827841],[-73.064117974565207,-38.811648138957864],[-73.064210511923434,-38.811820887306503],[-73.064334996433331,-38.812034653889008],[-73.064503221818711,-38.812307766846715],[-73.064738701927411,-38.81262251074785],[-73.065017321584762,-38.812937964393498],[-73.065307978876533,-38.813181574863037],[-73.065401249267538,-38.81324620530318],[-73.065544983011492,-38.813334161798039],[-73.065553747113555,-38.813339021268973],[-73.065846379455365,-38.813501326836885],[-73.066208158484599,-38.813723567619448],[-73.066561711788154,-38.813932149012821],[-73.067044230585907,-38.814187880461148],[-73.067555547906167,-38.814444155817903],[-73.068116668488301,-38.81472370432072],[-73.068584579360618,-38.814961197399299],[-73.068785689992197,-38.815054675234109],[-73.068984602675869,-38.81515258200681],[-73.06924799715479,-38.815314570525324],[-73.069605066315262,-38.815554746806448],[-73.069893244761715,-38.815757703549764],[-73.070013081276329,-38.815849809093102],[-73.070166986543867,-38.815960499435036],[-73.070491680380727,-38.816200105632262],[-73.070832021922556,-38.816444476478111],[-73.071220425126782,-38.816721257150903],[-73.071695776919313,-38.817030933353145],[-73.07221650582359,-38.817314305228031],[-73.072744139556036,-38.817579800111588],[-73.072869638673211,-38.817635477396117],[-73.072870797173721,-38.817635953346475],[-73.073146691780082,-38.817762154046164],[-73.073529285574949,-38.817935168654842],[-73.073916222664181,-38.818108251848145],[-73.074338011987265,-38.818295389093834],[-73.074584721714643,-38.818407553366214],[-73.074894179777331,-38.818543349881708],[-73.075155608398845,-38.818673739709432],[-73.075392198847226,-38.818790313766044],[-73.075618052357825,-38.818902171823744],[-73.075972340713164,-38.819056615332208],[-73.0763838597139,-38.819225583813463],[-73.07680077919062,-38.819408160101148],[-73.076986144203403,-38.819501288069667],[-73.077144313089008,-38.819562459029221],[-73.077354525203958,-38.819669548259391],[-73.077489661094361,-38.819730343174307],[-73.077759932402628,-38.819851933432425],[-73.078107000024971,-38.820033331047171],[-73.078206408684693,-38.820084528463454],[-73.07843459769137,-38.820218950408879],[-73.078741702892501,-38.820471764837293],[-73.079031298684839,-38.820782887806963],[-73.079219433484113,-38.820988729212459],[-73.079223626406346,-38.820992788039206],[-73.079335855471868,-38.821103227005068],[-73.079467624110862,-38.821208997151274],[-73.079628942837672,-38.821315283691263],[-73.0798988441679,-38.821504466342091],[-73.080147017584054,-38.82177881653012],[-73.080386871733722,-38.82203958572893],[-73.080750488164881,-38.822252787176652],[-73.081008175955162,-38.822414652062101],[-73.081098102056174,-38.82252424621997],[-73.081195128802534,-38.822715121206976],[-73.081538854293825,-38.823292913937159],[-73.081788415494188,-38.82349069839583],[-73.081933365859996,-38.823587667257442],[-73.082162390541782,-38.823744630185907],[-73.082493123288941,-38.823948278419266],[-73.082774416514894,-38.824196155983955],[-73.082943257327926,-38.824478220137514],[-73.082991029651481,-38.8245433206488],[-73.083077254713331,-38.824660642155486],[-73.08324857652488,-38.824821172802309],[-73.083551691893689,-38.824983802051953],[-73.083947401080124,-38.825152484729607],[-73.084300922424816,-38.825284424680824],[-73.084727085308046,-38.825444586541344],[-73.085181604675839,-38.825650236567647],[-73.085590073698597,-38.825936224813383],[-73.086072779646344,-38.826218946473567],[-73.086351204265867,-38.826358675368432],[-73.086637100589257,-38.826462504585294],[-73.086993321677525,-38.826603490326384],[-73.087371173241308,-38.826794405241571],[-73.087696556222753,-38.827065515910562],[-73.088052177253275,-38.827332613668069],[-73.088318639020855,-38.827571258009058],[-73.088469984661984,-38.827726872221632],[-73.0886132203036,-38.827864399100065],[-73.088864457449972,-38.828107264055049],[-73.089247467904784,-38.828374800130831],[-73.089565204986926,-38.828528711102621],[-73.08965705819061,-38.828566218016469],[-73.090017306147175,-38.828716275545553],[-73.090454331600711,-38.828984717248559],[-73.09067057654201,-38.829136945826129],[-73.090816068892281,-38.829242959224011],[-73.091082438608964,-38.829432017124837],[-73.091356450616615,-38.829657255009565],[-73.091647754266631,-38.830017867167157],[-73.091975263379723,-38.830424207560007],[-73.092251550598178,-38.830942280759203],[-73.092405917060347,-38.831498940744353],[-73.09250565425198,-38.831996129766047],[-73.092519085907355,-38.832302668741413],[-73.09251318637611,-38.832415246460094],[-73.092512780959012,-38.83241968743976],[-73.092490616781191,-38.832640116031051],[-73.092441446648962,-38.832945605366717],[-73.092351222393731,-38.833196459912656],[-73.092298700509801,-38.833303738274417],[-73.092246254575286,-38.833379435017072],[-73.09209497230313,-38.833570675591311],[-73.091887474000529,-38.833819594729292],[-73.091818505441708,-38.833895059132892],[-73.091612972411951,-38.834094400562797],[-73.09124251998918,-38.834354200895824],[-73.090775626089808,-38.83463486853401],[-73.090339858186084,-38.834938570505329],[-73.090101272328155,-38.835326624063249],[-73.089880358907124,-38.835832110272094],[-73.089659216770102,-38.836292522483916],[-73.089477281141384,-38.836663463174766],[-73.089442118711318,-38.836775812341031],[-73.089439407995528,-38.836784466755446],[-73.089417691553734,-38.836869709671241],[-73.089321130916943,-38.837169923010158],[-73.089092120143704,-38.837549154637635],[-73.088736622752464,-38.837917251905743],[-73.088268321635312,-38.838224964459549],[-73.087805700145182,-38.838375023531384],[-73.087288279033615,-38.838308014365261],[-73.086778077491886,-38.838164458758243],[-73.086596089020176,-38.838184042850848],[-73.086524635151932,-38.838245942071048],[-73.08643528146618,-38.838487760193559],[-73.08650593475538,-38.838808748299215],[-73.086487617433448,-38.839114777081356],[-73.086301215017443,-38.839436139948759],[-73.086262858946313,-38.839575162723015],[-73.086249380915547,-38.83980923071185],[-73.086295069704605,-38.839931584584626],[-73.086407796833868,-38.840158648132054],[-73.086469719881876,-38.840402986594235],[-73.086440636172412,-38.840708802817261],[-73.086432427140196,-38.841015067425019],[-73.08654385934453,-38.841237601639108],[-73.086789663096397,-38.841412854352988],[-73.087136524811541,-38.841450058469832],[-73.087291001443276,-38.841417786686293],[-73.087296501483479,-38.841416635127828],[-73.087416012432215,-38.841391565609577],[-73.087537760028368,-38.841389068813093],[-73.087721027368687,-38.841482178134576],[-73.087903562302031,-38.841656325713096],[-73.088058912520168,-38.841879606488313],[-73.088186839845463,-38.84207544165848],[-73.088265164844984,-38.842189345604645],[-73.088267312581635,-38.842189469971252]]},"properties":{"FID":33,"nombre":"ALMAGRO - PUERTO DOMINGUEZ","empresa_01":"INGENIERÍA Y CONSTRUCCIÓN ALTO BELÉN","f_inicio":"10-JUNIO-2025","f_termino":"20-MAYO-2029","monto":"9.304.117.200","Activo":"69E482","NOMBREFEMN":"ALMAGRO\u00A0-\u00A0CATRIPULLI\u00A0\u00A0POR\u00A0PUENTE\u00A0NEGRO","ROL":"S-482","CARPETA":"Ripio","N_MOP":"12","Shape_Le_1":18.028262682299999,"long_km":18.028262682299999}},{"type":"Feature","id":34,"geometry":{"type":"LineString","coordinates":[[-73.053549638522,-38.752045775993345],[-73.053536674820862,-38.75228432753147],[-73.053515174401625,-38.752360554997793],[-73.053467544387814,-38.752499447529154],[-73.053415596823839,-38.752665273787983],[-73.053364064185246,-38.752840086896612],[-73.053326865268644,-38.753046720038],[-73.053338184794853,-38.753263177495278],[-73.053359443261229,-38.7534887345385],[-73.053371784736129,-38.753723233812593],[-73.053390925641679,-38.753971294676553],[-73.053387715809208,-38.754219025524534],[-73.053384136869369,-38.754403683217504],[-73.053367317591508,-38.75454755550048],[-73.053291313686231,-38.754776121736164],[-73.053127828574517,-38.755025656809529],[-73.052940918061168,-38.755310830163218],[-73.052776631714721,-38.755614475311553],[-73.052664927475334,-38.755941454566702],[-73.052665204217448,-38.756328958122317],[-73.052748297565856,-38.756762800237084],[-73.052895094290548,-38.7572382560517],[-73.0530598702031,-38.757736625145483],[-73.05308937755116,-38.758187600642252],[-73.052980653949504,-38.75861378950448],[-73.053024598421771,-38.759033495485838],[-73.053134601195637,-38.759260249100514],[-73.05313704350057,-38.759265107759916],[-73.053220893879342,-38.759406148365102],[-73.053370454881062,-38.759647465107982],[-73.053551465533772,-38.75997482782892],[-73.053733092931225,-38.760356253286986],[-73.053896779295968,-38.760818503797886],[-73.054116719886096,-38.761245671115574],[-73.054248136565292,-38.761414497088715],[-73.054312192957354,-38.761492179080953],[-73.054397898575246,-38.76159272009032],[-73.054626023213217,-38.761853293440161],[-73.054870925553928,-38.762132171354672],[-73.055102154631626,-38.762410859901578],[-73.05531166188554,-38.762693697154894],[-73.055481261505776,-38.763070445932044],[-73.055590986177307,-38.763504760567237],[-73.055708868311726,-38.763853571477405],[-73.055745572612253,-38.763930801122456],[-73.055746318434146,-38.763932325510567],[-73.055828434018153,-38.764112380963319],[-73.055912743732151,-38.764397575992739],[-73.055947743018393,-38.764537803575038],[-73.055984694223753,-38.764714116794018],[-73.056054156850564,-38.764990088319387],[-73.056108211066345,-38.765333370238189],[-73.056189785007405,-38.765744756965233],[-73.056275571975462,-38.76616064511542],[-73.056365934658146,-38.766491006921918],[-73.056568950210647,-38.76677369786254],[-73.05680429754004,-38.767061462131124],[-73.057097042614075,-38.767327604418874],[-73.057431040620372,-38.767558369718948],[-73.057661968026679,-38.767688388828823],[-73.057746678025453,-38.767721302604336],[-73.057861700214772,-38.767750283391969],[-73.058224552725548,-38.767765333258083],[-73.058685993974009,-38.767858557033435],[-73.059139797827982,-38.768046339893118],[-73.059669973027951,-38.768257878909168],[-73.060099210203674,-38.768373097781513],[-73.060196213715571,-38.768401744662185],[-73.060404468298984,-38.768522365060029],[-73.060572585320656,-38.768633240645357],[-73.060573371149374,-38.768633803336066],[-73.060684615678369,-38.768720685577904],[-73.060872587894195,-38.768872483919182],[-73.061066558311481,-38.769015366411764],[-73.06130550169479,-38.769195049839603],[-73.061500525302122,-38.769351471288338],[-73.061639362266291,-38.769484392315697],[-73.061779978298802,-38.769603823205593],[-73.06203848121929,-38.769779356781562],[-73.062338289519673,-38.76997352124193],[-73.062550675591211,-38.770098716177856],[-73.062855847456845,-38.77027941093597],[-73.063063895745756,-38.770404533926531],[-73.063198439829875,-38.77048337157435],[-73.063300933417324,-38.770525622801294],[-73.063575029933844,-38.77060225626753],[-73.064019056718294,-38.770677176362732],[-73.064460254321617,-38.770720539670108],[-73.064641477320876,-38.770723522919397],[-73.064956109591435,-38.770710717825622],[-73.065204134399508,-38.770665258255377],[-73.065396773428674,-38.770668433891629],[-73.065492917398359,-38.770652023629594],[-73.065590987556178,-38.770644622433757],[-73.065641577398026,-38.770638650746726]]},"properties":{"FID":34,"nombre":"ALMAGRO - PUERTO DOMINGUEZ","empresa_01":"INGENIERÍA Y CONSTRUCCIÓN ALTO BELÉN","f_inicio":"10-JUNIO-2025","f_termino":"20-MAYO-2029","monto":"9.304.117.200","Activo":"69E474","NOMBREFEMN":"CARDAL\u00A0-\u00A0CATRIPULLI","ROL":"S/R-S-448","CARPETA":"Ripio","N_MOP":"8","Shape_Le_1":2.6622274531099999,"long_km":2.6622274531099999}},{"type":"Feature","id":35,"geometry":{"type":"LineString","coordinates":[[-72.952480287060595,-38.748526197006086],[-72.958891821859496,-38.750283015221996],[-72.959503701585291,-38.750243722879098],[-72.960313924289878,-38.749940834976805],[-72.960652412585716,-38.749493643242012],[-72.960858280127383,-38.749110349729769],[-72.960981606443355,-38.748885396814764],[-72.961051486156364,-38.748843918182629],[-72.961071372680024,-38.748832102828352],[-72.961124276209006,-38.748734163683338],[-72.961243419023759,-38.748503449137885],[-72.961400503101231,-38.748198991317615],[-72.961544019329679,-38.747918382528525],[-72.961671029335392,-38.747673232957872],[-72.961779379899752,-38.74745867638002],[-72.961829008455439,-38.747373096219519],[-72.96189510902272,-38.747251467602275],[-72.962024830705474,-38.747012794791097],[-72.96204714217653,-38.746971601365928],[-72.96217645547749,-38.74667450435561],[-72.962184576313589,-38.74631739938016],[-72.961963023226303,-38.745950680570218],[-72.961624589516092,-38.745591542083865],[-72.961342764918726,-38.745225243000817],[-72.961329147012179,-38.744868509346155],[-72.961398295668687,-38.744633441425975],[-72.961417576141798,-38.744578333463252],[-72.961418009658971,-38.744577654426053],[-72.961708420570005,-38.742809481031067],[-72.962114585007384,-38.742658009138367],[-72.96252863661924,-38.742538438081247],[-72.963019639063191,-38.74252567859741],[-72.963420376925967,-38.742536641788156],[-72.963520318697647,-38.742536273345081],[-72.963615231434858,-38.742536960608774],[-72.963686766433781,-38.742551058022642],[-72.963763820075982,-38.742554197466561],[-72.963843136308213,-38.742547149356902],[-72.963923720867001,-38.742530689289119],[-72.96400567567342,-38.742506655378001],[-72.96408976960393,-38.742475318717055],[-72.964175136901204,-38.742438034716443],[-72.964261947260113,-38.742396200255406],[-72.964351174355386,-38.742352071404518],[-72.964443337802848,-38.742306513208312],[-72.964538312847168,-38.742259016194772],[-72.964630671961658,-38.742210205758305],[-72.964725169581769,-38.742162576829649],[-72.964820064121056,-38.742113606763404],[-72.964915668340595,-38.742065570753468],[-72.966569826388394,-38.742147860388336],[-72.966902321714912,-38.742256904598825],[-72.967293255659683,-38.742339169723927],[-72.967392035538509,-38.742334852770924],[-72.967490647575772,-38.742334303715161],[-72.967590527753558,-38.742336220284479],[-72.967691497990401,-38.742339133367722],[-72.967793078601275,-38.742342837289463],[-72.967895795156394,-38.742346650081551],[-72.967999759030207,-38.742350863816306],[-72.968105293441155,-38.742354507370862],[-72.968213415433127,-38.742355552136942],[-72.96832397818288,-38.742353048549241],[-72.968436325381234,-38.742347014023885],[-72.968550470179935,-38.742336050352108],[-72.968665695691499,-38.742320769494931],[-72.96878189417437,-38.742300953323642],[-72.968901891143219,-38.742279976729215],[-72.969032464669567,-38.742259451450963],[-72.969160982405072,-38.742234125535866],[-72.969288060868024,-38.742204937787847],[-72.969413712413356,-38.74217380676513],[-72.969539217180198,-38.742141720643794],[-72.969663949182774,-38.742109292075433],[-72.969788320288245,-38.742077171569321],[-72.969912364489971,-38.7420459463019],[-72.970036000376922,-38.742014144343472],[-72.97015970879086,-38.741981971378316],[-72.970283189240362,-38.74194906897435],[-72.970408001699198,-38.741916416639029],[-72.970532213328497,-38.741883119393385],[-72.970656235974957,-38.741849828643822],[-72.970780357794609,-38.741816607062304],[-72.970904875518556,-38.741783742731435],[-72.971029160535281,-38.741750072289591],[-72.971153722725646,-38.741716320025525],[-72.971278403508904,-38.74168300759743],[-72.971403476665472,-38.741649973964286],[-72.971528938383713,-38.741617150578705],[-72.971654432822376,-38.741584915110927],[-72.971780044711508,-38.741553119456874],[-72.97190566982546,-38.741521543752661],[-72.972030235820043,-38.741492955441046],[-72.972156236240792,-38.741468154681932],[-72.972280866949546,-38.741449228305115],[-72.972406179192404,-38.741435815444923],[-72.972530519031665,-38.741428631671802],[-72.972654246047739,-38.741427371463679],[-72.972776700384102,-38.741432057615299],[-72.972898958378295,-38.741441693316744],[-72.973020677377406,-38.741456882637451],[-72.973142212245719,-38.741477242480009],[-72.973263406611864,-38.741501671750314],[-72.973385342438718,-38.741527550032195],[-72.973507780968902,-38.741554003667339],[-72.973631270422729,-38.741579018397481],[-72.973755262327288,-38.741602908186458],[-72.973879752913419,-38.741625602685176],[-72.974004726453018,-38.741646803370976],[-72.974130795515251,-38.741665678378354],[-72.974257506437411,-38.741679146349384],[-72.974385158773458,-38.741684097536336],[-72.97451178368749,-38.741680744696936],[-72.974636483479713,-38.741668160409624],[-72.974758197695181,-38.741647634628883],[-72.974877488453913,-38.741620771067247],[-72.974995098753467,-38.741590793958586],[-72.975112115163441,-38.741558622287883],[-72.975227324612518,-38.74152614436759],[-72.975340722364194,-38.741493283531511],[-72.975452489081178,-38.741461586418048],[-72.975896800078701,-38.741339462552773],[-72.976391985287265,-38.741198706608479],[-72.976555998065663,-38.741064509275802],[-72.976597908540612,-38.741030321000629],[-72.976626837901918,-38.741025351637745],[-72.976885018351325,-38.740970069447151],[-72.977270077414317,-38.740851582790981],[-72.97772734940736,-38.740647477679111],[-72.978173328669541,-38.740340234553813],[-72.978551200228452,-38.739963663960673],[-72.978917744217981,-38.739502037677525],[-72.979310362360451,-38.739006168692036],[-72.979702810825586,-38.738503958254007],[-72.980114082321023,-38.737979485957275],[-72.980539186649807,-38.737442957187696],[-72.980972822737598,-38.736892264538554],[-72.981407136371701,-38.736338593977528],[-72.981843661796859,-38.735785880764837],[-72.982275947059634,-38.735240025308222],[-72.982705670707205,-38.734693959029514],[-72.98312935091478,-38.734159609493972],[-72.983558555505923,-38.733617986618377],[-72.983997576281695,-38.733064958253195],[-72.984428043361532,-38.732522551805687],[-72.984848593564394,-38.731993319085433],[-72.985633574903332,-38.731231836107682],[-72.985944497564077,-38.730814956082682],[-72.986344696288043,-38.730301245286405],[-72.986802212608595,-38.729835823147745],[-72.987310983114313,-38.729468849061227],[-72.987904960129228,-38.729163820405127],[-72.98846106268013,-38.728963602638075],[-72.989430153421708,-38.728596605859231],[-72.990131029585172,-38.72834236452114],[-72.990831958288922,-38.728084059661441],[-72.991358916922522,-38.727898695267157],[-72.992195582162452,-38.727584829343833],[-72.992876374472402,-38.727339005240786],[-72.993589303425281,-38.727081749301924],[-72.994333150489396,-38.726813174275676],[-72.995076029717822,-38.726523968867106],[-72.995769225049656,-38.726156401289181],[-72.99641456514891,-38.72570783031329],[-72.997014734493689,-38.725223023090983],[-72.997628823037317,-38.724722758336988],[-72.998254204691662,-38.724214061441323],[-72.998857577523239,-38.723724635390703],[-72.999467494892272,-38.723234464830966],[-73.000068567241655,-38.722747988029518],[-73.000722937050213,-38.722281669978308],[-73.00146291175389,-38.721884429259752],[-73.002276048875217,-38.721601625320304],[-73.003145641224236,-38.721381955985365],[-73.004026377470211,-38.721164629369703],[-73.004900773128867,-38.720948546610522],[-73.00578893837266,-38.720732870606305],[-73.006672169988775,-38.720514995163697],[-73.00757868151652,-38.720295798739151],[-73.008484702312586,-38.720074692826699],[-73.009392915412278,-38.719850774318864],[-73.010309439099927,-38.719625677321346],[-73.011261826845384,-38.719395284095299],[-73.012206894849982,-38.71916380612037],[-73.013102198699798,-38.718945246243784],[-73.013960892786272,-38.71873568787823],[-73.014780825723633,-38.718537046091427],[-73.015611700229599,-38.718333743773009],[-73.016477876877957,-38.71812184199328],[-73.017346332207836,-38.717910372457801],[-73.018220762388779,-38.717699723071732],[-73.019095807114383,-38.71747325756759],[-73.019951977733484,-38.717210984607675],[-73.020816799737261,-38.716903249987503],[-73.021707917315297,-38.71656582967514],[-73.02261113297179,-38.716222597064039],[-73.02349220553441,-38.715886025609407],[-73.024356695853299,-38.715556215222456],[-73.025213815908799,-38.715227762369729],[-73.026083142162875,-38.714898806450428],[-73.026962900728876,-38.7145629169991],[-73.02783459986324,-38.714232908437012],[-73.028696296240781,-38.713904344679243],[-73.029557138237678,-38.713577500019618],[-73.030417741005863,-38.713251544152307],[-73.031279096712353,-38.712922383144928],[-73.032138078583642,-38.712594700324352],[-73.032992769889802,-38.7122678967186],[-73.034077758779446,-38.711858385427917],[-73.03485616251163,-38.711565193839043],[-73.03563222618169,-38.71127739017416],[-73.036441219522999,-38.71104097881846],[-73.037274171729152,-38.710840477762517],[-73.038111417975571,-38.71064107631053],[-73.038950240693779,-38.710439621004561],[-73.039777000619949,-38.710241456155316],[-73.040599605797581,-38.710046528068311],[-73.041408633079612,-38.70985804170698],[-73.042180784968565,-38.709702036260396],[-73.042942616583346,-38.709743757377737],[-73.043607861126915,-38.710044703524105],[-73.04412923347725,-38.710511110551344],[-73.044595628340957,-38.710994396989307],[-73.045005032860615,-38.711425574020559],[-73.045380061860286,-38.71182326248362],[-73.045745422680298,-38.712203059654875],[-73.046081078635723,-38.712552083344207],[-73.046372495588983,-38.712853056242082],[-73.046564227317205,-38.713056400823724],[-73.046628528415468,-38.713137769358518],[-73.046628827717925,-38.713138054591752],[-73.046655109325954,-38.713168206431845],[-73.046841311312605,-38.713365322799184],[-73.047151803519697,-38.713662090088299],[-73.047596740926863,-38.713974855388138],[-73.048190041320865,-38.714228169149308],[-73.048852008990139,-38.714366650164365],[-73.049599030655386,-38.714367004237481],[-73.050377027620115,-38.714203952939428],[-73.051199540062299,-38.713962174598528],[-73.052063510646036,-38.713700872250172],[-73.052938629339096,-38.713433644429792],[-73.053750921396841,-38.713186299207962],[-73.054552809438789,-38.712944918571814],[-73.055350749966124,-38.712705438224575],[-73.056154711485988,-38.712460949761805],[-73.056944556006286,-38.712220043347521],[-73.057727949704415,-38.711978397195665],[-73.05853699714929,-38.711734232567608],[-73.059364434880266,-38.711480640595937],[-73.060275428922068,-38.711204362771888],[-73.061169956716356,-38.7109367675424],[-73.062039213858611,-38.710685317023561],[-73.062883310448868,-38.710451928382042],[-73.063714914473152,-38.710217566131213],[-73.064533588791832,-38.709987781084365],[-73.065335647478463,-38.709762332294616],[-73.066123856342557,-38.709540162961048],[-73.066899105274985,-38.709323680419018],[-73.067662560981418,-38.709108560169234],[-73.068398110126978,-38.708899574037638],[-73.069102028865998,-38.708689178570701],[-73.069745468312433,-38.708436983319615],[-73.0702772903077,-38.708084864117737],[-73.070715346974154,-38.707642086362554],[-73.07099538155768,-38.707200832360343],[-73.071304461894925,-38.706798519007705]]},"properties":{"FID":35,"nombre":"ALMAGRO - PUERTO DOMINGUEZ","empresa_01":"INGENIERÍA Y CONSTRUCCIÓN ALTO BELÉN","f_inicio":"10-JUNIO-2025","f_termino":"20-MAYO-2029","monto":"9.304.117.200","Activo":"69B040","NOMBREFEMN":"Temuco - Nueva Imperial - Puerto Saavedra","ROL":"S-40","CARPETA":"Pavimento","N_MOP":"1","Shape_Le_1":12.823765591300001,"long_km":12.823765591300001}},{"type":"Feature","id":36,"geometry":{"type":"LineString","coordinates":[[-72.914757263117124,-38.804663147408448],[-72.91479763067359,-38.804655687162033],[-72.914808628684668,-38.805027214200798],[-72.914820304223824,-38.805150928629573],[-72.914905461935007,-38.80571676091477],[-72.914942869118619,-38.80625516547348],[-72.914954581439829,-38.806624490424817],[-72.91496098508928,-38.807042232376624],[-72.914979939559231,-38.807614108869515],[-72.91498644967983,-38.807930064407699],[-72.914984615612013,-38.808172365339622],[-72.914973670596297,-38.808367817323408],[-72.914959987654072,-38.808521862863856],[-72.914926114823643,-38.808661700826093],[-72.91487373507735,-38.808863719538735],[-72.914816151751396,-38.809034517223033],[-72.914773342840007,-38.80921815532232],[-72.91472633864737,-38.809424686799673],[-72.91468882047657,-38.809644661685788],[-72.914672162476279,-38.809835369444329],[-72.914651637197565,-38.810130471534265],[-72.914636219677135,-38.810240817313186],[-72.914617003639506,-38.810449092815958],[-72.914613834910824,-38.810601078814699],[-72.914624828083248,-38.81079284522211],[-72.914624634791338,-38.810943144442689],[-72.914654999593793,-38.811198076945558],[-72.914668717053203,-38.811352869323244],[-72.91467976409217,-38.811487599309395],[-72.914715808920889,-38.811784783646779],[-72.914752023021776,-38.812047390140265],[-72.914783135764381,-38.812235682726431],[-72.914874699496622,-38.812558503381446],[-72.914966282970454,-38.812834829976275],[-72.915010710647792,-38.81297831023101],[-72.915024754737658,-38.813052162043086],[-72.915019693073063,-38.813121624409135],[-72.91501145870572,-38.81320857509472],[-72.914975199892126,-38.813278150861095],[-72.91491435925515,-38.813360821290154],[-72.914666637981256,-38.813678216558344],[-72.914377148935273,-38.814042395873159],[-72.91408051272434,-38.814403506686894],[-72.913910368996625,-38.814587283731775],[-72.913744094390779,-38.814756526557169],[-72.913592160899626,-38.814885758987685],[-72.913437234139295,-38.815050246592271],[-72.913302688200417,-38.815172910784739],[-72.913163137332944,-38.815316890368301],[-72.913132485120073,-38.81535610170517],[-72.913104329315416,-38.815410791470747],[-72.913010310342599,-38.815536488854399],[-72.912786686520008,-38.815915507885691],[-72.912594334924819,-38.816252758401973],[-72.912429903105945,-38.816527203656157],[-72.912305472086615,-38.816723586281938],[-72.912192569644958,-38.816921840879736],[-72.912079343748388,-38.817124483017949],[-72.911963905345246,-38.817313462733814],[-72.911885316466396,-38.81750651883592],[-72.911776900853667,-38.817761504851461],[-72.911690630560329,-38.818023093080477],[-72.911589183250172,-38.818335447109185],[-72.911510601522963,-38.818663377060538],[-72.911471202910349,-38.818903089130856],[-72.911425915989724,-38.819089561878755],[-72.911377304291463,-38.819268604678406],[-72.911319626057761,-38.81940278498633],[-72.911252757694854,-38.819536098980677],[-72.911168037323748,-38.819661591607861],[-72.911081874087529,-38.819809643679626],[-72.910978839377123,-38.819952220140223],[-72.910874904829413,-38.820082459665862],[-72.910747099177584,-38.820258728441893],[-72.91056663693584,-38.820487681782495],[-72.910263979793072,-38.820829348089724],[-72.910047827592365,-38.821071694612058],[-72.909860286939278,-38.821281893039568],[-72.909746028628177,-38.821419957807784],[-72.909608220648508,-38.821586009601475],[-72.909485567824106,-38.821756611531448],[-72.909380825477783,-38.821917820822115],[-72.909318900910691,-38.822031819247982],[-72.909283683485199,-38.822143515195648],[-72.909245546570006,-38.822273739073005],[-72.909238651912858,-38.822412082862073],[-72.909248690761999,-38.822588704777765],[-72.909262111641382,-38.822773545195865],[-72.909261039441844,-38.822901255602645],[-72.909242438412548,-38.822980637906717],[-72.909221078964023,-38.823074539629495],[-72.90918168001258,-38.823154455092968],[-72.909130177924695,-38.823246171821978],[-72.909033257657001,-38.823399123156641],[-72.908952005449294,-38.823521599089446],[-72.908854655531655,-38.823655788461387],[-72.908783158730557,-38.823794557541575],[-72.908729627940843,-38.823897861975901],[-72.908658333075905,-38.824026761965037],[-72.908596296578708,-38.824178835600904],[-72.908531341873271,-38.824321239304552],[-72.90846880682976,-38.824498945533072],[-72.908419221950041,-38.824624340826404],[-72.908358141963632,-38.824781870079832],[-72.90823704749323,-38.825119798656409],[-72.90815840819451,-38.825341056873562],[-72.908073731104295,-38.825555640136024],[-72.90801346996173,-38.825726179438547],[-72.907938146504151,-38.825906327782377],[-72.907851758330963,-38.826122888600146],[-72.907768638649401,-38.82632910187489],[-72.907680568494072,-38.826571124425492],[-72.907598814153829,-38.826786453439404],[-72.907518369872648,-38.827006983193115],[-72.907449170532161,-38.827190120600036],[-72.907385970579583,-38.827368316081206],[-72.907307200074357,-38.827586553690807],[-72.907233920253432,-38.827776274645672],[-72.907163599319517,-38.827954470307311],[-72.907095570925279,-38.828107083445317],[-72.907028412063028,-38.828215846257827],[-72.906958776956188,-38.828317197802392],[-72.906878135104222,-38.828429091414904],[-72.906766456701689,-38.828535814432563],[-72.90664991405761,-38.828626358601539],[-72.90650833003113,-38.828729554722365],[-72.906257430511062,-38.828876703679697],[-72.906030441537595,-38.829015276837019],[-72.905801074024623,-38.82914677973416],[-72.905572908748866,-38.829274140063212],[-72.905336287245333,-38.829414045591641],[-72.905122411582951,-38.829538910494541],[-72.904893031493543,-38.829677405147585],[-72.904617786566305,-38.829832714035334],[-72.904378341358893,-38.829975762862816],[-72.904168569570075,-38.830102059279859],[-72.903932231515654,-38.830231290650012],[-72.903718836539184,-38.83036681173968],[-72.9034872748975,-38.83049867695172],[-72.90325242507754,-38.830637635940647],[-72.903069478520266,-38.830738560505196],[-72.902883868559371,-38.830850302483427],[-72.902672764529598,-38.830970868686585],[-72.90249900494139,-38.831075691217499],[-72.902359334699625,-38.831167162578247],[-72.902238928871824,-38.831265394294412],[-72.90206775934486,-38.831424012823717],[-72.901971748082644,-38.831535248315447],[-72.901898180912994,-38.83164445241087],[-72.901822702573853,-38.83179777625503],[-72.901761691868401,-38.831959749516933],[-72.90172087870998,-38.832132372754721],[-72.901676041678186,-38.832326757452876],[-72.901647965355508,-38.832514597283634],[-72.901626724379085,-38.832687974942495],[-72.901613907931022,-38.832914051221657],[-72.901629822629786,-38.833108171542179],[-72.901652439529826,-38.833391710786216],[-72.901689439767992,-38.83362341987737],[-72.901720735539755,-38.8338307751931],[-72.901752019858478,-38.834035858790784],[-72.901777608584212,-38.834207811837572],[-72.901806032773735,-38.834390736321673],[-72.901837302074952,-38.834536142531036],[-72.901854341849855,-38.834674924558975],[-72.901868536331691,-38.834804878514085],[-72.901879888375888,-38.834917199574761],[-72.901871338466862,-38.835018575011219],[-72.901854775657753,-38.835117344847802],[-72.901832868074862,-38.835248763904907],[-72.901807808097814,-38.835358390741341],[-72.901744548011663,-38.835563564829329],[-72.901688078975923,-38.835731395148485],[-72.901626103180931,-38.835892395773158],[-72.901578321104878,-38.83601567479338],[-72.901539104460952,-38.836127806997077],[-72.901502659926749,-38.836239609670585],[-72.901469107469595,-38.83638629004367],[-72.901435527132179,-38.836534972892586],[-72.901410479790201,-38.836700907045874],[-72.901398817704703,-38.836915661726543],[-72.901390051404363,-38.837078161817267],[-72.901375544316068,-38.83728281525439],[-72.901370087970975,-38.837481653016013],[-72.901359801698717,-38.837744024823635],[-72.901352114230946,-38.837937590185433],[-72.901346756235512,-38.838079672884888],[-72.90133830269626,-38.838214734977939],[-72.901327042904327,-38.838321482206013],[-72.90131297144049,-38.838417350311389],[-72.901296081870882,-38.838521965421499],[-72.90127370905104,-38.838622246226713],[-72.901226312314293,-38.838746435688321],[-72.901163776149247,-38.838880932892565],[-72.901086729954585,-38.8390412063018],[-72.901025006512285,-38.839161437601469],[-72.900907546773908,-38.839349045167744],[-72.900800834202556,-38.839502079571496],[-72.900711116960267,-38.839622180429366],[-72.900618357273686,-38.839738148447907],[-72.900568659833752,-38.839803208484135],[-72.90046435781241,-38.839910837941034],[-72.900300406910702,-38.840071852924524],[-72.900176962386283,-38.840183351994185],[-72.899998183039685,-38.840337500717844],[-72.899833119314692,-38.840472193035041],[-72.899659210315789,-38.84060723778407],[-72.89946800388347,-38.840746993426968],[-72.899312612934523,-38.840849666999048],[-72.899155705645526,-38.840970464320179],[-72.89899762691465,-38.841081170435466],[-72.898871820952181,-38.841167699491848],[-72.898717110211848,-38.841283296242423],[-72.898581136554199,-38.841392874141746],[-72.898442813337525,-38.841518816435766],[-72.898316317634951,-38.841666550210853],[-72.898227395504435,-38.841791573974547],[-72.898131594176888,-38.84193960055407],[-72.898063574937879,-38.842052350009567],[-72.898009164550047,-38.842141058969403],[-72.897924900053354,-38.842274119719058],[-72.897896875610229,-38.842315105785957],[-72.897827973113237,-38.842415878023161],[-72.897708620499856,-38.842577174044912],[-72.897581190697764,-38.842729241218017],[-72.897462645155429,-38.842847983273245],[-72.897350145586472,-38.842955339649599],[-72.897184848213058,-38.843131937928419],[-72.897069656105359,-38.843265320413487],[-72.896979548165234,-38.84340339122587],[-72.896866631813893,-38.843576950830496],[-72.8967503892423,-38.843764455094153],[-72.896637319223615,-38.84394049312229],[-72.896552310482264,-38.844083831845964],[-72.896465387240923,-38.844212596104271],[-72.896375562387846,-38.844354663065801],[-72.896299678974628,-38.844470621541319],[-72.896172495386807,-38.844673120292271],[-72.896035352077206,-38.844891952574692],[-72.895899305705953,-38.845131163194701],[-72.895752941117635,-38.845371453625518],[-72.895629402185889,-38.845565425201478],[-72.895464560991698,-38.845820241987468],[-72.895324599700317,-38.846046456045855],[-72.895187549444742,-38.846266599008011],[-72.895053157153484,-38.846486990642184],[-72.894938237813363,-38.84666617145497],[-72.894865657159173,-38.846776666955151],[-72.894680480594616,-38.847076742156418],[-72.894557641270083,-38.847272337045069],[-72.894423810736725,-38.847487258860156],[-72.894306122913719,-38.847679171953118],[-72.894168912169192,-38.847888401959693],[-72.894009434342934,-38.848151878406014],[-72.893897603263738,-38.848328128695741],[-72.893791430323887,-38.848506444279259],[-72.893671210280317,-38.848695765584445],[-72.893523903390758,-38.848940176168526],[-72.893443547953439,-38.849060846298585],[-72.893324605563535,-38.849256317254955],[-72.893207299874305,-38.849445422115714],[-72.893034442765014,-38.849721126797853],[-72.892906061456131,-38.84993626487752],[-72.89278876879942,-38.85012980797422],[-72.892651811956767,-38.850336556478503],[-72.892489608335893,-38.850599941796602],[-72.892310324175426,-38.850892302817584],[-72.892172805134635,-38.851119631741405],[-72.89205705497271,-38.851302396755401],[-72.892003955303224,-38.851387572660997],[-72.891921672869714,-38.8515140401053],[-72.891812198668234,-38.851665834527552],[-72.891698447414498,-38.851819751912949],[-72.891601024182776,-38.851939155556373],[-72.891479852616172,-38.852037787728072],[-72.891339885578475,-38.85213393225407],[-72.891166940915085,-38.852245993175053],[-72.890989883828595,-38.852342275541083],[-72.890751893227119,-38.852460557345651],[-72.890431944483851,-38.852597856151355],[-72.890073515832484,-38.852768027323812],[-72.889751932838607,-38.852917874835882],[-72.889443058757848,-38.853060263628763],[-72.889096083746892,-38.85321664494348],[-72.888814250852718,-38.853350174603342],[-72.888450551135875,-38.853518660470236],[-72.888281656776499,-38.853609187248338],[-72.888100699553462,-38.853706104601358],[-72.887927568022477,-38.853808250435705],[-72.887780350168754,-38.853909971919386],[-72.887652614355972,-38.854003543614581],[-72.887500255048749,-38.854129373283115],[-72.887359824714011,-38.854260978841495],[-72.887211440866665,-38.85440281290704],[-72.88708842100587,-38.854544422834692],[-72.886978715657662,-38.854683855248147],[-72.886853876660609,-38.854850486829747],[-72.886742561818821,-38.855022493512557],[-72.886648324955445,-38.855177224792506],[-72.886545569435526,-38.855354223817855],[-72.886526971611929,-38.855385952869526],[-72.886447629819244,-38.855521310338581],[-72.88630534437371,-38.855754780726969],[-72.886231965356799,-38.855874836638698],[-72.886162494533835,-38.855984863659472],[-72.886067938980887,-38.856097000752222],[-72.885947602561657,-38.856236108975409],[-72.885845263879318,-38.856340564253003],[-72.885708643755393,-38.8564829832425],[-72.885567867390222,-38.856601255879482],[-72.885415290499822,-38.85672617771764],[-72.885271571807081,-38.856837545288798],[-72.885168225096649,-38.856915403223155],[-72.885004828685069,-38.857017567725116],[-72.88482972217686,-38.85711904859695],[-72.884638791969664,-38.857214311934754],[-72.884442245775219,-38.85728955330891],[-72.884189459574444,-38.857376869721691],[-72.883887640116328,-38.857487099220528],[-72.883614643782209,-38.857584781062542],[-72.883357429953847,-38.857657308843258],[-72.883117270814495,-38.857715728885346],[-72.882879940920191,-38.857768574632935],[-72.882661786287898,-38.857809412802169],[-72.882444691459852,-38.857851653758544],[-72.882251687821963,-38.857892693256225],[-72.882085706460458,-38.857925794461678],[-72.881933320901055,-38.857963508461602],[-72.88178866314027,-38.858017487222064],[-72.881701424420527,-38.858050039690873],[-72.8815931571433,-38.858129140424651],[-72.881537387698899,-38.858209355876298],[-72.881502140642596,-38.858321646280395],[-72.881493288821716,-38.858413203716019],[-72.88148733799882,-38.858552535692858],[-72.88146386637743,-38.858768809030217],[-72.881426005364659,-38.858954545883705],[-72.881379671758339,-38.859173007369208],[-72.881324900380875,-38.859399335722635],[-72.881293037301191,-38.859539251606044],[-72.881267204760888,-38.85965268857376],[-72.881226748340737,-38.859827837133864],[-72.88117746943189,-38.860010380646166],[-72.881125261718935,-38.860155437890711],[-72.8810700886457,-38.860319163681886],[-72.881032301017171,-38.860433662143429],[-72.881023544255854,-38.860528155869702],[-72.881032200759449,-38.8606430170652],[-72.881049582785465,-38.860724131966172],[-72.881075853106324,-38.860827886958155],[-72.881099200601781,-38.860942715649834],[-72.881113941717118,-38.861046137933776],[-72.881094039720793,-38.861142615256526],[-72.881053921222971,-38.861221025002543],[-72.880964862489577,-38.861308321631299],[-72.880855656500259,-38.861386623357767],[-72.880720835479039,-38.861473724317065],[-72.880583136886244,-38.861547386350686],[-72.880445614328352,-38.861636607605384],[-72.880318680236442,-38.861737499100862],[-72.880194247188058,-38.861852064765621],[-72.880091128577206,-38.861983838568705],[-72.880006866164962,-38.862109743034281],[-72.879935540075209,-38.862252506264376],[-72.879875893504533,-38.862365602681066],[-72.879782783802185,-38.862579292591946],[-72.879712529667884,-38.862773758798475],[-72.879663302095736,-38.86299256779666],[-72.8796295524605,-38.863192308392733],[-72.879612783731019,-38.863448066834358],[-72.879607820390802,-38.86370655084265],[-72.879607405536817,-38.864052499690615],[-72.879599919994192,-38.864300642760277],[-72.879596017910075,-38.864552802800134],[-72.879589080387817,-38.864776875032064],[-72.8795725882011,-38.864932085934605],[-72.87953867565281,-38.865119964196936],[-72.879527464432854,-38.865213768904724],[-72.87953057080918,-38.865311948654856],[-72.87954511524039,-38.865414487183457],[-72.879553952878638,-38.865525817861645],[-72.879576542807143,-38.865683702858995],[-72.879621669280752,-38.865913048343003],[-72.879672509039509,-38.866183036446728],[-72.879712084033073,-38.866411115127725],[-72.879754313939998,-38.866640419648064],[-72.879796853731492,-38.86681633059402],[-72.879857276487655,-38.867108162265559],[-72.879902175175701,-38.867347631882602],[-72.879911888550041,-38.867399415331604],[-72.879946053385396,-38.867588949865421],[-72.879951738256239,-38.867758970882797],[-72.879934378396342,-38.867852847738142],[-72.87987649293737,-38.86798039327995],[-72.879777738821858,-38.86810621350493],[-72.879619887031481,-38.868264636879296],[-72.879481534574623,-38.868401416644765],[-72.879340846228587,-38.868547046906997],[-72.879150028240915,-38.868686401557362],[-72.878977478369336,-38.868772960755571],[-72.878816470548117,-38.868850498435705],[-72.878695931383831,-38.868908400945756],[-72.87862302624491,-38.868955979154443],[-72.878573514057223,-38.86901713377425],[-72.878526899694563,-38.869103313800693],[-72.878477346470149,-38.869196344938828],[-72.878427771004255,-38.869275779205793],[-72.878345687320021,-38.869371575376618],[-72.878240364462243,-38.869451323550805],[-72.878138069328273,-38.869517347310541],[-72.878000887296025,-38.869608087105185],[-72.877837340520159,-38.86970574574692],[-72.877697090502068,-38.869794324610041],[-72.877545533598891,-38.869894365971589],[-72.877397794984461,-38.870003192156112],[-72.877290770621741,-38.870082302118107],[-72.877181551191867,-38.870174631517955],[-72.877082533881463,-38.870308952016259],[-72.877000219598472,-38.870420644257358],[-72.87691831842433,-38.87054083158651],[-72.876819787369712,-38.870707497503524],[-72.876699855290738,-38.870907678657147],[-72.87662182959123,-38.871065838682171],[-72.876503917974745,-38.871254867461666],[-72.876392813076095,-38.871423060343695],[-72.876275331752836,-38.871615054756006],[-72.87612690233253,-38.871839652614383],[-72.87598176985874,-38.872087891823824],[-72.875890818334057,-38.872238265540197],[-72.875768685730961,-38.872437150473289],[-72.875663687867501,-38.872618206802002],[-72.875553115501702,-38.872814547435887],[-72.875437041133353,-38.873043703069619],[-72.875345928973815,-38.873203025051247],[-72.875272038093797,-38.873353047404166],[-72.875179601214853,-38.873507053423864],[-72.875095419418685,-38.873639262529082],[-72.874994226276328,-38.873760539738029],[-72.874876649101736,-38.87390399187921],[-72.874746293864561,-38.87404146903738],[-72.874609746676057,-38.874172545968342],[-72.874501519927691,-38.874261515550359],[-72.874373208448645,-38.874350592331304],[-72.874210445441165,-38.874450961196935],[-72.874044743763989,-38.87452495925352],[-72.873884097205021,-38.874580589903069],[-72.873657822259389,-38.874642256477536],[-72.873346495118,-38.874706028565463],[-72.8729828014378,-38.874766714708926],[-72.872537778859439,-38.874839958111401],[-72.872234602732476,-38.874896073816778],[-72.871966478804396,-38.874963758043144],[-72.871763007660505,-38.875014171998636],[-72.871513678876894,-38.875074293182941],[-72.871303847746191,-38.875121160170501],[-72.871068047766187,-38.875175497467097],[-72.87085277320125,-38.875227539840338],[-72.870609836190667,-38.875281538788357],[-72.870273307423275,-38.875350920268623],[-72.869955727370197,-38.875424364155975],[-72.869715886707098,-38.875482090290944],[-72.869533009018511,-38.87553540981542],[-72.869417495500016,-38.875580134781934],[-72.869362194925444,-38.875622680783913],[-72.869346750563153,-38.875689934040977],[-72.869351957818452,-38.875728343222335],[-72.869357101665329,-38.875766289922943],[-72.869379211511657,-38.87583375651171],[-72.869421845315117,-38.875961548967908],[-72.869512913127409,-38.876197391093747],[-72.869581134272863,-38.876364199793542],[-72.869664334840948,-38.876550762814837],[-72.869740694379701,-38.876752812025273],[-72.869869056257983,-38.877050617429731],[-72.869975692225893,-38.877254206501121],[-72.870087243815163,-38.877449999430993],[-72.870195604184531,-38.877634173925053],[-72.870295213131897,-38.877773670990514],[-72.870386116964724,-38.877884149442608],[-72.870499692416303,-38.878001418861167],[-72.870602003196737,-38.878098950337069],[-72.870738844440751,-38.878221465313956],[-72.87083884383847,-38.878310762337208],[-72.870919010798772,-38.878389030347599],[-72.87099076293876,-38.878469662278022],[-72.871045426726226,-38.87853919997513],[-72.871120143198979,-38.878639975062555],[-72.87117227231299,-38.878713301219754],[-72.871220606204048,-38.878815804388118],[-72.871288979376573,-38.878965216140855],[-72.871340310257963,-38.879092410537574],[-72.871400220251616,-38.879257709668352],[-72.871471661761134,-38.879425383299839],[-72.87155460948496,-38.8796161346148],[-72.871606190965565,-38.879731176883482],[-72.871672243923783,-38.879873411815311],[-72.871770303652454,-38.880086378383972],[-72.871880440820163,-38.880295840241942],[-72.871964890063623,-38.880450247117317],[-72.87204393454536,-38.880593950382135],[-72.872101741193674,-38.88069114135844],[-72.872161616668691,-38.880797389240996],[-72.872207175510724,-38.880867273100726],[-72.872266821096119,-38.880957204653079],[-72.872317771752321,-38.881031176476341],[-72.872354290765898,-38.881098249200484],[-72.872385075030436,-38.881158479547111],[-72.87241850790474,-38.881229698360471],[-72.872448968005429,-38.881302961457337],[-72.872462722631312,-38.881374133332649],[-72.87247089132849,-38.881452018715095],[-72.872481778457626,-38.881554277608508],[-72.872475594778223,-38.881647599879138],[-72.872449298745224,-38.881774195178707],[-72.87241665755991,-38.881888705650759],[-72.872389910929726,-38.88195857074443],[-72.872357880027053,-38.882026579815523],[-72.872304028589866,-38.882108529972172],[-72.872252897003605,-38.882176976524825],[-72.872170172703861,-38.88225453761568],[-72.872086638944523,-38.882328932117439],[-72.871997586451712,-38.882400978798422],[-72.871903287114748,-38.88245913331793],[-72.871786639985174,-38.882536292789673],[-72.871692569397752,-38.882600714300423],[-72.871598546861122,-38.882671785241463],[-72.871530185929998,-38.882722660940637],[-72.871478857391509,-38.882769009614719],[-72.871455998655421,-38.882804358788604],[-72.871438793365868,-38.882855223914234],[-72.871435812154544,-38.882915009939552],[-72.871427048193638,-38.88300593610608],[-72.87141826642393,-38.883097033139677],[-72.871415175207687,-38.883194988897323],[-72.871414862414156,-38.88332665024523],[-72.871417674285183,-38.883451493785046],[-72.871417862309187,-38.883589007379797],[-72.871418257282997,-38.883787361657177],[-72.871429870791943,-38.883908031787932],[-72.871447104236992,-38.884017385767422],[-72.871461403400488,-38.884093736812751],[-72.871481344211418,-38.884176465442749],[-72.871518225515928,-38.884265601995502],[-72.871545306720009,-38.884333853476576],[-72.871611959440173,-38.884469405641788],[-72.87171802321123,-38.884646402515507],[-72.871820599345639,-38.884798555837271],[-72.871868686074563,-38.884893003569793],[-72.871922409778065,-38.884985224017278],[-72.871964663579206,-38.885072949170066],[-72.872012479375968,-38.885169418298688],[-72.872051865407542,-38.885235195437446],[-72.872088441837292,-38.885290010884951],[-72.872139097791788,-38.885347023793535],[-72.872186938410195,-38.885401842730552],[-72.872246044275357,-38.885456666980488],[-72.872316414315648,-38.8855114947049],[-72.87242339415576,-38.885566335570509],[-72.872597946202205,-38.885647505880733],[-72.87289908219104,-38.885796023008304],[-72.873227318355646,-38.885950510466827],[-72.873412607909486,-38.886040243897767],[-72.873677801436514,-38.886168408771965],[-72.873862010676746,-38.88625733342365],[-72.874074698339911,-38.886359496199148],[-72.874241611428459,-38.886441229539791],[-72.874458286858967,-38.886542845249046],[-72.874646719173626,-38.886643081306644],[-72.874921152139137,-38.886778183696322],[-72.875158511709714,-38.886891707769486],[-72.875363981494885,-38.886996083079211],[-72.875571364998024,-38.887100014420895],[-72.87575832235224,-38.887201258031304],[-72.875880689612956,-38.887284469629137],[-72.876087965034174,-38.88746979090007],[-72.8761905898088,-38.88757613163633],[-72.876315867790723,-38.887736641152046],[-72.87642730244994,-38.887886325194842],[-72.876499895670904,-38.8879926878137],[-72.876567017668492,-38.888105629217016],[-72.876627111085128,-38.888225259839302],[-72.876691804749086,-38.888369931487588],[-72.876728546281555,-38.888471594373662],[-72.876776748406513,-38.888577637452606],[-72.876822554417728,-38.888714321182043],[-72.876865726755838,-38.88885582790283],[-72.876927786753797,-38.889059084523971],[-72.876996405033225,-38.889243087555862],[-72.877062444557168,-38.889427674356298],[-72.877137394099648,-38.889641563078435],[-72.877189442662655,-38.889789761708791],[-72.877241813868366,-38.889956131657172],[-72.877297030593724,-38.890111816770741],[-72.877323285869807,-38.890189822572196],[-72.877357137897519,-38.890261662984287],[-72.877416295984972,-38.890373583269607],[-72.877495723295908,-38.890490695285557],[-72.877541163302212,-38.89055266575442],[-72.877603700884634,-38.890616999635995],[-72.8776974532027,-38.890705738473713],[-72.877847821404586,-38.8908365382147],[-72.878045988640082,-38.891022257194486],[-72.878192893429741,-38.891156859809641],[-72.878271881137692,-38.891227376950766],[-72.878418474056957,-38.891379227257453],[-72.878514278061942,-38.891489163207602],[-72.878587599150194,-38.891588101644629],[-72.878629624153362,-38.891642922197953],[-72.87864889023804,-38.891699807795582],[-72.878665306552364,-38.89176540311761],[-72.878669410344585,-38.891794015725083]]},"properties":{"FID":36,"nombre":"SECTOR CAUTÍN, ETAPA IV","empresa_01":"CONSTRUCTORA SIERRA NEVADA S.A.","f_inicio":"11-AGOSTO-2026","f_termino":"26-JULIO-2029","monto":"5.589.584.113","Activo":"69C076","NOMBREFEMN":"Traiguén - Galvarino - Barros Arana","ROL":"R-76-S","CARPETA":"Pavimento","N_MOP":"3","Shape_Le_1":11.6433565092,"long_km":11.6433565092}},{"type":"Feature","id":37,"geometry":{"type":"LineString","coordinates":[[-72.831861428508802,-38.846513013602738],[-72.830871145011258,-38.846233347956911],[-72.830617965635753,-38.846152086026223],[-72.830488608577753,-38.846073101955433],[-72.829826697829745,-38.845628353023152],[-72.829543988121983,-38.845429333350204],[-72.829353118868383,-38.845290681432942],[-72.829203959645781,-38.845197809792481],[-72.829087603389283,-38.845164071879601],[-72.828828261933893,-38.845168305585545],[-72.828508296764269,-38.845250752344377],[-72.828048580677873,-38.845329446137015],[-72.827917581512693,-38.845399121363371],[-72.826834765246346,-38.846032185985045],[-72.826347820153089,-38.846275354624552],[-72.826008004226225,-38.846390690508038],[-72.826006324067734,-38.846391040354113],[-72.825860044899997,-38.846423951810593],[-72.825369202992476,-38.84653649227301],[-72.824915933260058,-38.846640640234128],[-72.824574231282767,-38.846724379444588],[-72.82449312478974,-38.846668820516506],[-72.824196001605472,-38.846753382954283],[-72.82371087023607,-38.846983125598804],[-72.82316596318158,-38.847189146913976],[-72.82267745850281,-38.847292670576955],[-72.822321611430411,-38.847322116014247],[-72.821945170577038,-38.847504311594548],[-72.821359088186696,-38.847524917576308],[-72.820848909451726,-38.84756037335822],[-72.820377629346254,-38.847619198412126],[-72.819912664101608,-38.847588015056232],[-72.819473973562722,-38.847615811114331],[-72.819329474545867,-38.847266214613967],[-72.819389183773396,-38.84687997280794],[-72.819045316294421,-38.846778927500331],[-72.819045222883261,-38.846778930260491],[-72.818310434679219,-38.846598521592547],[-72.818217746344601,-38.846569753568069],[-72.817651987395863,-38.846397015260834],[-72.817500812980697,-38.846349131253021],[-72.817136916806845,-38.846238701176674],[-72.816775195940934,-38.846128345791421],[-72.816649629843653,-38.846089952441062],[-72.816393903510104,-38.8459995929679],[-72.815921728833317,-38.845851085114795],[-72.815459661926141,-38.845702760887121],[-72.814968540155007,-38.845540406444272],[-72.814472049395533,-38.845387006486469],[-72.814021102621709,-38.845252407253504],[-72.813692927551955,-38.845151644608528],[-72.813604567070854,-38.845141989807388],[-72.813494848893043,-38.845129933802355],[-72.8128930137146,-38.844938502740256],[-72.812654070777299,-38.8448618999385],[-72.812558209786573,-38.844819579771375],[-72.811493706732193,-38.844475248115053],[-72.811308176381331,-38.844395200845995],[-72.81123659188421,-38.844312757338642],[-72.811152570595979,-38.844257136404366],[-72.811064394932473,-38.844291524925559],[-72.810769656411722,-38.844182430284512],[-72.810485634242525,-38.844028416488058],[-72.810232433797083,-38.84390202504494],[-72.810078775967554,-38.843818056814342],[-72.809327276002364,-38.843412049259513],[-72.80920333942089,-38.843342161828843],[-72.808932014689063,-38.843174890708546],[-72.808723354139246,-38.843053829757757],[-72.808525184846715,-38.842892433062183]]},"properties":{"FID":37,"nombre":"SECTOR CAUTÍN, ETAPA IV","empresa_01":"CONSTRUCTORA SIERRA NEVADA S.A.","f_inicio":"11-AGOSTO-2026","f_termino":"26-JULIO-2029","monto":"5.589.584.113","Activo":"69E091","NOMBREFEMN":"Fin Fin - Alto Boroa","ROL":"S/ROL E091","CARPETA":"Ripio","N_MOP":"6","Shape_Le_1":2.3303032026200001,"long_km":2.3303032026200001}},{"type":"Feature","id":38,"geometry":{"type":"LineString","coordinates":[[-72.833456166816589,-38.892375530109412],[-72.83348484448679,-38.892141788715243],[-72.833682747050247,-38.89201035949403],[-72.833793539625873,-38.891967314663646],[-72.833905282451155,-38.891892804102923],[-72.834035769348674,-38.891773626583372],[-72.834159048032348,-38.891604732301602],[-72.83419828309502,-38.891493499362788],[-72.834200083643893,-38.891488348334924],[-72.834151528410629,-38.891307247935679],[-72.834109828880386,-38.89116229911545],[-72.833966614366489,-38.890776748765646],[-72.833931219661778,-38.890708552712148],[-72.833802593221122,-38.890246667690796],[-72.833702229484402,-38.889920434114735],[-72.833656005543574,-38.889617729815761],[-72.833648615887043,-38.889505004515854],[-72.833639732302586,-38.889275080777395],[-72.833631247539941,-38.889126235072823],[-72.833601964332885,-38.888904950941622],[-72.833582642203567,-38.888710862322576],[-72.833563459479961,-38.888512340585564],[-72.833656911794833,-38.888473481725505],[-72.833629929982962,-38.887319746213315],[-72.833756266090475,-38.887146398443925],[-72.833850933446527,-38.886900377955968],[-72.833960884467928,-38.886861123124447],[-72.833982745222684,-38.886853320560512],[-72.834057475130052,-38.886742027253639],[-72.835378278304191,-38.885027677616371],[-72.83539780332427,-38.884906392656212],[-72.83539650964417,-38.884829770597833],[-72.835406221202291,-38.884748875485123],[-72.835395495491113,-38.884649615277162],[-72.835329469334482,-38.884477132881138],[-72.83513079092171,-38.883923918414801],[-72.835067466869731,-38.883755995567377],[-72.835016810756599,-38.883619973863496],[-72.834957687416448,-38.883479214314129],[-72.834890510436978,-38.883225677434432],[-72.834855929870074,-38.883130448213571],[-72.834765545549971,-38.882903499535459],[-72.834712727651848,-38.88274482388973],[-72.834687233801262,-38.882658813889719],[-72.83459427057754,-38.882445306345787],[-72.834478825343183,-38.882168415912318],[-72.834436711215801,-38.882059488302922],[-72.834392561136141,-38.881946053863572],[-72.834360854570519,-38.881877883971811],[-72.834310739009155,-38.881723766960164],[-72.834159091260787,-38.881449468873633],[-72.83414022562286,-38.881405890756938],[-72.833944946555988,-38.880960364568573],[-72.833874924916671,-38.880729278063491],[-72.833838179262344,-38.880539377314079],[-72.833840552833507,-38.880413343952888],[-72.833805971327493,-38.880318041409211],[-72.833718995059954,-38.880122707833927],[-72.833718566134664,-38.880121762816515],[-72.833639204783054,-38.879927581446154],[-72.833537317723582,-38.87967791451625],[-72.833493239398123,-38.879514891818587],[-72.833459273022939,-38.879352053188022],[-72.833484302014455,-38.879145290280988],[-72.833610628423941,-38.878805330674403],[-72.833718688420262,-38.878613620342001],[-72.833739114493554,-38.87836694248535],[-72.833664584410528,-38.878125673533646],[-72.833557709840079,-38.877939405953867],[-72.833394922151058,-38.877819246020231],[-72.833258303434846,-38.877595955621501],[-72.833104418882087,-38.877421931993723],[-72.832963390066141,-38.877320166895167],[-72.832926565545222,-38.877160299730569],[-72.832931135790332,-38.877008368654998],[-72.83299564962428,-38.876905602550295],[-72.833232022944202,-38.876753061347927],[-72.83337177870402,-38.876648706625936],[-72.833367855427355,-38.876440681836449],[-72.833257617677589,-38.876244489914093],[-72.833099180895175,-38.876124406740757],[-72.833044997569473,-38.875961199837406],[-72.833008071817019,-38.875874901518756],[-72.832993235123311,-38.87577105419841],[-72.832950559102954,-38.87569719396636],[-72.832942526319243,-38.875625072513891],[-72.832995354672732,-38.875570061373068],[-72.833024086418973,-38.875370703269319],[-72.833021679491225,-38.875136433837781],[-72.833021515484802,-38.875122862379428],[-72.833539820732227,-38.870888877516393],[-72.833604574029962,-38.870678373482654],[-72.833730802441337,-38.870482450727856],[-72.83376198615224,-38.870284855994655],[-72.83377712649515,-38.870001310083744],[-72.833695169127907,-38.869805682921019],[-72.833622382318694,-38.869659762943897],[-72.833519064570922,-38.86948496361358],[-72.833425658033988,-38.869289103047898],[-72.833418962147121,-38.869155841686364],[-72.833396530631092,-38.868940603796396],[-72.833347676108005,-38.868760544964999],[-72.833315027057111,-38.868555382702333],[-72.833300831781628,-38.86831426904763],[-72.833283475666576,-38.868088091454645],[-72.833279008171317,-38.867871672334424],[-72.833262351647505,-38.867693580621335],[-72.833224521301517,-38.867544740277339],[-72.833200821469234,-38.867358542003494],[-72.833169585095334,-38.867190153007741],[-72.833135092623877,-38.867033160905535],[-72.833116739876886,-38.866960418934809],[-72.83310848545797,-38.866931544862943],[-72.833104701568232,-38.866884002688572],[-72.833089553698201,-38.866723422289908],[-72.83306470566842,-38.86655622495195],[-72.833076462031656,-38.866341338632324],[-72.833084909677012,-38.866094758842848],[-72.833117609468403,-38.865841110222306],[-72.833221561957899,-38.865548741992775],[-72.833277314366796,-38.865286734452212],[-72.833249433139372,-38.865098238413729],[-72.833275290829391,-38.864859497997806],[-72.833313988594668,-38.864620852620995],[-72.833375985349718,-38.864441650944492],[-72.833437579152957,-38.864232135994463],[-72.833507191539482,-38.864038369148147],[-72.833531891082558,-38.863892196691467],[-72.833563729137225,-38.863805040062957],[-72.833764666950245,-38.863247094672289],[-72.833643290433088,-38.863064476412163],[-72.83336011576931,-38.862832058110321],[-72.833213418637868,-38.862682221555197],[-72.833153998535565,-38.862700481536748],[-72.832989873559541,-38.862800471000853],[-72.832731496693143,-38.862744841737594],[-72.832461307871981,-38.862671374974255],[-72.83228929929021,-38.862484294938859],[-72.832185002415955,-38.862238320063419],[-72.832121268453491,-38.861976181738491],[-72.832098472426921,-38.861711886114563],[-72.83205935832521,-38.861496901129676],[-72.832023300643769,-38.861338778507765],[-72.832006390585207,-38.861210280155404],[-72.83199534539024,-38.86112069578715],[-72.831966505121869,-38.860949349576011],[-72.831930533755795,-38.860736622283454],[-72.831903036596671,-38.860523541479864],[-72.831866870984811,-38.860289642917813],[-72.83182709254632,-38.860034169922038],[-72.831797862102647,-38.859771266587771],[-72.831771713308072,-38.859523535965053],[-72.831742500912569,-38.859273249002534],[-72.831715756242247,-38.859028489658186],[-72.831728183177773,-38.85879439608518],[-72.831727737479184,-38.85858064899778],[-72.831680415925547,-38.858418321900885],[-72.831599891008892,-38.858286157772397],[-72.831506767498041,-38.858128507613557],[-72.831367078419873,-38.857862961238766],[-72.831236634266077,-38.857588551023078],[-72.831179461276292,-38.857292033044963],[-72.831155389916589,-38.857005642048925],[-72.831154995905706,-38.856743636396203],[-72.831169362512014,-38.85651575083444],[-72.831124816229575,-38.856410296018382],[-72.831077333830308,-38.856302871971067],[-72.830903666032029,-38.856100348050788],[-72.830701124836636,-38.855850442479692],[-72.830578120346743,-38.855737234136271],[-72.830334831350015,-38.855652769124227],[-72.830310821147933,-38.855304173597219],[-72.830471039951902,-38.854801436046316],[-72.830594472803099,-38.854541487204017],[-72.830680431928997,-38.854304166589209],[-72.830690643824042,-38.854265904437881],[-72.830711149361363,-38.854115368312883],[-72.83072707244699,-38.853995457379547],[-72.830730500559028,-38.853771178049385],[-72.830731696913759,-38.853724948247041],[-72.830647947891023,-38.853495710767561],[-72.830866335178627,-38.853034227983258],[-72.8309678363768,-38.852749025531416],[-72.831084568283643,-38.852468045182583],[-72.831378536299752,-38.852024148616657],[-72.83148589385128,-38.851700458333539],[-72.831418845377144,-38.851123428817438],[-72.831351897031595,-38.850546469562175],[-72.831406100752901,-38.850262672987498],[-72.831474782428216,-38.849997217046031],[-72.831553366143908,-38.849786111588024],[-72.831688549603754,-38.849637932114753],[-72.832126704028454,-38.849501713633884],[-72.832132393364517,-38.849393354463302],[-72.832127661361937,-38.849159529336198],[-72.832115362887265,-38.848865669281956],[-72.8320800542418,-38.848587838183313],[-72.832049746970029,-38.848304752379825],[-72.832025244370101,-38.848038372944124],[-72.83200571078109,-38.847790718867529],[-72.831987143559616,-38.8475628096663],[-72.831966644826224,-38.847349867480261],[-72.831950473730899,-38.847143720052458],[-72.83192579592766,-38.846940803387824],[-72.831861428508802,-38.846513013602738]]},"properties":{"FID":38,"nombre":"SECTOR CAUTÍN, ETAPA IV","empresa_01":"CONSTRUCTORA SIERRA NEVADA S.A.","f_inicio":"11-AGOSTO-2026","f_termino":"26-JULIO-2029","monto":"5.589.584.113","Activo":"69E091","NOMBREFEMN":"Fin Fin - Alto Boroa","ROL":"S/ROL E091","CARPETA":"Ripio","N_MOP":"6","Shape_Le_1":5.4581796068099999,"long_km":5.4581796068099999}},{"type":"Feature","id":39,"geometry":{"type":"LineString","coordinates":[[-72.825751939835939,-38.711572357949471],[-72.825498831419424,-38.711788366215892],[-72.82543159209817,-38.711850190488164],[-72.825293710458809,-38.711964801255888],[-72.824998592469541,-38.712216053772771],[-72.824834856274734,-38.712352688029121],[-72.824309151343002,-38.712649198581275],[-72.824156383290031,-38.712731975602445],[-72.823944996044702,-38.712831651998656],[-72.82385737304439,-38.712875105690351],[-72.823641511666139,-38.712979207007599],[-72.823428614906376,-38.713078857944062],[-72.823192230815749,-38.713169021001107],[-72.823086829436065,-38.713207595431861],[-72.82283018926239,-38.713306463794218],[-72.822697039056621,-38.713358048203879],[-72.822404748350806,-38.713447161780515],[-72.822074006291118,-38.713544617993165],[-72.821935611860098,-38.713582648610149],[-72.821706202559085,-38.713632364911312],[-72.82149583409516,-38.713673562276917],[-72.821485775318635,-38.713675662509793],[-72.82118254026642,-38.713739749025812],[-72.820833904509399,-38.713814321452858],[-72.820407405667964,-38.71384694724491],[-72.81999924964434,-38.713843846935546],[-72.819803342519378,-38.713880731914273],[-72.819716536926862,-38.713946661441682],[-72.819553971695228,-38.713997728605804],[-72.819278904428899,-38.714109735589098],[-72.818937062059675,-38.714193452045755],[-72.818772210435668,-38.714226368211058],[-72.818709741425153,-38.71424707945075],[-72.818682164007612,-38.714256245469024],[-72.818442693240456,-38.714332849059375],[-72.817995261707807,-38.714414629537892],[-72.817491416925165,-38.714508804565781],[-72.816903025450031,-38.714619466593412],[-72.816776712782968,-38.714635107023959],[-72.816658415061681,-38.714650927687309],[-72.816252193172858,-38.714701912521456],[-72.815881342047717,-38.714771589402567],[-72.815698482452191,-38.714804203394529],[-72.815524546581472,-38.714850545388551],[-72.81543115427408,-38.714873567367015]]},"properties":{"FID":39,"nombre":"SECTOR CHOL CHOL ORIENTE ETAPA I","empresa_01":"INGENIERÍA Y SERVICOS VIALCOR LTDA.","f_inicio":"29-DICIEMBRE-2023","f_termino":"08-DICIEMBRE-2027","monto":"9.841.848.986","Activo":"69E374","NOMBREFEMN":"LABRANZA - CINCO MANZANOS","ROL":"S/R-S-264","CARPETA":"Ripio","N_MOP":"4","Shape_Le_1":0.99405965512600003,"long_km":0.99405965512600003}},{"type":"Feature","id":40,"geometry":{"type":"LineString","coordinates":[[-72.960630969741757,-38.630259700571173],[-72.960763992098279,-38.630321363370697],[-72.961046101079688,-38.630524523683604],[-72.961158816083767,-38.630625626667062],[-72.961428523326973,-38.630837544483633],[-72.961674890392857,-38.631035570449889],[-72.961802641562926,-38.631190985312251],[-72.96192022483531,-38.631346229152037],[-72.962215342009173,-38.631472946189767],[-72.962590287909649,-38.631592157889415],[-72.962818537864678,-38.631695242233867],[-72.963198824046856,-38.631805490209459],[-72.963630195022901,-38.631758903885022],[-72.964083917244324,-38.631708238474921],[-72.964359088831742,-38.631739185439713],[-72.96473900810598,-38.631836507060477],[-72.965006791425495,-38.631935297652717],[-72.965163655823417,-38.632033045360444],[-72.965256599932772,-38.63212166669652],[-72.965446787079003,-38.632335651018721],[-72.965763256183735,-38.632593415845093],[-72.966101797100862,-38.632784023372004],[-72.966195870354682,-38.632835209895667],[-72.966508008712594,-38.633043388343332],[-72.966746230515568,-38.633250238555831],[-72.966977649447543,-38.633448022444504],[-72.967109149463468,-38.633544939189207],[-72.967215760621755,-38.633632371070682],[-72.967348635793101,-38.633733741093181],[-72.967471439325664,-38.633835010715565],[-72.967700487555888,-38.634010221734286],[-72.967928989047209,-38.634207880982594],[-72.968083325734256,-38.634336708233796],[-72.968191850299817,-38.634421270147612],[-72.968273155450021,-38.634479676902785],[-72.96841743225491,-38.634581323097862],[-72.968544949011843,-38.634669076395824],[-72.968679384582643,-38.634739032932345],[-72.968823288352894,-38.634827114712351],[-72.96893994646058,-38.634919220364154],[-72.969035446779358,-38.635020014185919],[-72.969143324692524,-38.635166061763336],[-72.96921647413788,-38.635270934791649],[-72.969288604174352,-38.635411850740148],[-72.969338153870495,-38.635511844612353],[-72.969375695556849,-38.635580075529212],[-72.969448334793881,-38.635702970788365],[-72.969526834170111,-38.635848465565992],[-72.969579810253961,-38.636007077308165],[-72.969619285467857,-38.636110290464948],[-72.969626650126756,-38.636129520025513],[-72.969718329809695,-38.636288808149573],[-72.969849453543873,-38.636475827336554],[-72.969963321253772,-38.63663996882746],[-72.970073774971155,-38.636795077232975],[-72.970169634812891,-38.636936365782411],[-72.970274345737309,-38.637091374323347],[-72.970356300369133,-38.637241473491059],[-72.970423186368478,-38.637391273245562],[-72.970469679975963,-38.637522730184905],[-72.970499790355262,-38.637653931623888],[-72.970582403813907,-38.637804008725212],[-72.970653902318148,-38.637967449430171],[-72.970687797335145,-38.638051372684338]]},"properties":{"FID":40,"nombre":"HUAMAQUI ETAPA III","empresa_01":"INGENIERÍA Y SERVICOS VIALCOR LTDA.","f_inicio":"08-DICIEMBRE-2024","f_termino":"29-DICIEMBRE-2028","monto":"9.399.772.640","Activo":"69E780","NOMBREFEMN":"CATRIANCHI\u00A0-\u00A0CHIVILCOYÁN","ROL":"S-228","CARPETA":"Ripio","N_MOP":"17","Shape_Le_1":1.3114545319699999,"long_km":1.3114545319699999}},{"type":"Feature","id":41,"geometry":{"type":"LineString","coordinates":[[-72.950358110870766,-38.626323625296422],[-72.950399784066008,-38.626549626361751],[-72.95047720135392,-38.626780765423533],[-72.950594346675359,-38.626976544478808],[-72.950790462955922,-38.627250302146507],[-72.95100995547871,-38.627533450846656],[-72.951137455724904,-38.627693388002193],[-72.951310127398969,-38.627881089674958],[-72.951524386525492,-38.628074099628769],[-72.951770071396695,-38.628294601403361],[-72.952063373795767,-38.628556509643126],[-72.952381013671953,-38.628850428288182],[-72.95275794012214,-38.629100281992493],[-72.953181228173662,-38.62926090607337],[-72.953621343728742,-38.629363185369229],[-72.953633831684741,-38.62936705228779],[-72.954037622349929,-38.629492094190212],[-72.95435197057175,-38.629749889350066],[-72.954740289851671,-38.629878339987549],[-72.955185955790085,-38.629859119875483],[-72.955345026852228,-38.629857307351564],[-72.955655618299389,-38.629853767725251],[-72.956134091990791,-38.629916221451026],[-72.956420791316205,-38.629984282596311],[-72.956814728221417,-38.630067747850262],[-72.957017184405871,-38.630080148402598],[-72.957021148895379,-38.630080382551007],[-72.957392531709218,-38.630046330502786],[-72.957772335223297,-38.630043939977071],[-72.957867186747194,-38.630041095413283],[-72.958058428669474,-38.630030926694097],[-72.958418673573703,-38.629987655444772],[-72.958799489245976,-38.629976300126522],[-72.959195221484478,-38.629996682584888],[-72.959410209988263,-38.630009466177384],[-72.959549118545851,-38.630020916642984],[-72.959630962341706,-38.630029034036781],[-72.959935019849809,-38.630059191448211],[-72.960360097907639,-38.630134135890444],[-72.960497947617682,-38.630198037625938],[-72.960630969741757,-38.630259700571173]]},"properties":{"FID":41,"nombre":"HUAMAQUI ETAPA III","empresa_01":"INGENIERÍA Y SERVICOS VIALCOR LTDA.","f_inicio":"08-DICIEMBRE-2024","f_termino":"29-DICIEMBRE-2028","monto":"9.399.772.640","Activo":"69E780","NOMBREFEMN":"CATRIANCHI\u00A0-\u00A0CHIVILCOYÁN","ROL":"S-228","CARPETA":"Ripio","N_MOP":"17","Shape_Le_1":1.0975280413799999,"long_km":1.0975280413799999}},{"type":"Feature","id":30,"geometry":{"type":"LineString","coordinates":[[-73.097141489782501,-38.900895797727479],[-73.097167564233217,-38.900877984764051],[-73.097395423890489,-38.900953791883197],[-73.097707701523632,-38.901080492273238],[-73.098091691403496,-38.901194856434273],[-73.098441401720009,-38.901322230605352],[-73.098812468703983,-38.901485964579166],[-73.099198515138312,-38.901658909432058],[-73.099552813189973,-38.901777339154151],[-73.099937779524595,-38.901797074609391],[-73.100356917097898,-38.901700284944141],[-73.10074380227627,-38.901571426959222],[-73.101132837064497,-38.9014651431971],[-73.101524421152931,-38.901376918696002],[-73.101904448574729,-38.901256930500409],[-73.102288637674846,-38.901065004369244],[-73.102691935388478,-38.900832783750573],[-73.103133482977285,-38.900623711274839],[-73.103580204372477,-38.900437253610825],[-73.104032023657666,-38.900250835570624],[-73.10417929131728,-38.900212669788253],[-73.104181051314825,-38.900212091971198],[-73.104476924619561,-38.900104945075029],[-73.104604484556944,-38.900075441222398],[-73.104850868153093,-38.900025372888877],[-73.104970896221545,-38.900009341320413],[-73.105070011580878,-38.899997439302787],[-73.105295933858088,-38.899956059107083],[-73.105496073011167,-38.899909684471254],[-73.105670985550077,-38.899863017207785],[-73.105917719984603,-38.899799432103009],[-73.106260474966263,-38.899755410914246],[-73.10661977060812,-38.899711690368846],[-73.106979060938428,-38.899613886930972],[-73.107297500109667,-38.899483951812655],[-73.107374284582491,-38.899440149092428],[-73.10754200122031,-38.899285199814557],[-73.107716960442161,-38.899044702520662],[-73.107907328146311,-38.898768541715697],[-73.108093908665879,-38.898528224991757],[-73.108312034425282,-38.898292993816305],[-73.108611936072961,-38.898126669458428],[-73.108995219058741,-38.89799326337068],[-73.109373686230171,-38.897931814886313],[-73.109683947005877,-38.89791881094483],[-73.110018213894818,-38.897924215826592],[-73.110307326097569,-38.897888345215087],[-73.110527431023357,-38.897689193620288],[-73.110676900811939,-38.897349247718481],[-73.110864170083985,-38.897027890167976],[-73.111112106298293,-38.896671484785884],[-73.111284576085893,-38.896471577019312],[-73.111286178340507,-38.896469897263415],[-73.111368388534146,-38.89638281223786],[-73.111508255331799,-38.896218362608018],[-73.111691738095047,-38.896063663123222],[-73.112692121579414,-38.896143611576242]]},"properties":{"FID":30,"nombre":"ALMAGRO - PUERTO DOMINGUEZ","empresa_01":"INGENIERÍA Y CONSTRUCCIÓN ALTO BELÉN","f_inicio":"10-JUNIO-2025","f_termino":"20-MAYO-2029","monto":"9.304.117.200","Activo":" ","NOMBREFEMN":" ","ROL":" ","CARPETA":" ","N_MOP":" ","Shape_Le_1":1.62893349673,"long_km":0}},{"type":"Feature","id":31,"geometry":{"type":"LineString","coordinates":[[-73.11401239603012,-38.895761429276384],[-73.114037880777985,-38.895283200074644],[-73.114049970879421,-38.895043129268991],[-73.11415083489014,-38.894796974409637],[-73.114237930456227,-38.894582147196928],[-73.114273445232428,-38.894492576535221],[-73.114263435962329,-38.89437982170822],[-73.114317093616464,-38.89412389714758],[-73.114415673045599,-38.89393625788928],[-73.114563997329327,-38.893835032422437],[-73.114759642404493,-38.893739071785205],[-73.114869876487319,-38.893601192403771],[-73.114848773027816,-38.893420655508088],[-73.11484241803646,-38.893276414934768],[-73.114871977166274,-38.893168756650056],[-73.114914838696365,-38.893047864142261],[-73.114959816945486,-38.892899893263348],[-73.114955080648073,-38.89269708727285],[-73.11487462184698,-38.892443534985212],[-73.114837839835602,-38.892334751208779],[-73.114805342504141,-38.892091016361249],[-73.114862117527281,-38.891853131201422],[-73.115364155223844,-38.890895500747916],[-73.115520617166979,-38.890304739583833],[-73.115525355391924,-38.890287086147666],[-73.115538497085765,-38.890062029881754],[-73.115433639510712,-38.889830589480404],[-73.11538709229815,-38.889654122703291],[-73.115406465736328,-38.889523804175056],[-73.115429059269488,-38.889429598492768],[-73.11544867392773,-38.889344278608164],[-73.115467959244242,-38.889267971096004],[-73.115489892511405,-38.889173788977054],[-73.115510053016621,-38.88909302368009],[-73.115538969683811,-38.888980813476252],[-73.115571311040185,-38.888846200812274],[-73.115617579946075,-38.888648749473205],[-73.115687640903076,-38.888343549115348],[-73.115770166150526,-38.888002493522606],[-73.115853821017907,-38.887643394555553],[-73.115927746550014,-38.887302199092346],[-73.115996411610467,-38.886992473391089],[-73.116060833724788,-38.886736757410866],[-73.116109506304625,-38.88653029444535],[-73.116170217505655,-38.886278989496056],[-73.116241125522237,-38.88599176113383],[-73.116315723451137,-38.885704698577833],[-73.116375441254633,-38.88546235550163],[-73.116429282739588,-38.88522450030046],[-73.116485290931493,-38.884986567391707],[-73.116536839101315,-38.88475314612095],[-73.116599020552357,-38.884528940208142],[-73.116633128386113,-38.884380836278204],[-73.116676552391496,-38.88418326454763],[-73.11671417482907,-38.884012680236985],[-73.116755482565097,-38.883842186898896],[-73.116801976148167,-38.883635653223855],[-73.116930390812996,-38.88341250203861],[-73.11710948364076,-38.883257727926242],[-73.117375666341971,-38.883108805668968],[-73.117384820031063,-38.883036913472061],[-73.117526022273282,-38.882899488241748],[-73.117680439113656,-38.882672245727946],[-73.117850196524302,-38.88238218856069],[-73.118022591869192,-38.882074110302639],[-73.118106114257245,-38.881832180530026],[-73.118116742053971,-38.881764589301639],[-73.118126023483811,-38.881706342781001],[-73.118117743448167,-38.881417853494547],[-73.118040611866221,-38.881011161883663],[-73.117927792590166,-38.880617388967686],[-73.117794052303736,-38.88025032633557],[-73.117661590885405,-38.879892293762815],[-73.117531424191043,-38.879529826123395],[-73.117420752415171,-38.879217210653678],[-73.117351240772166,-38.87898629392128],[-73.117310345247802,-38.878814424034964],[-73.117276142689164,-38.878665264919086],[-73.117226478634379,-38.87847068497598],[-73.117203161764593,-38.878317156500401],[-73.117177915866577,-38.878208629597559],[-73.117123930976888,-38.877991551870295],[-73.117084270782584,-38.877855717696129],[-73.117042728534003,-38.877737953449888],[-73.116954056259615,-38.877466173824139],[-73.11684943217638,-38.877117633120555],[-73.116749698619941,-38.876773642219575],[-73.116654779874722,-38.876411699780299],[-73.116553034793228,-38.876036127757189],[-73.116464052966336,-38.875696847733821],[-73.116369891475983,-38.875334877599713],[-73.116283277868135,-38.875013663849778],[-73.116211666901563,-38.874751167600543],[-73.116143766936545,-38.874484261072794],[-73.116082671192103,-38.874235486217046],[-73.11604979790917,-38.874086352634841],[-73.116040003542381,-38.874045896884006],[-73.116032309243437,-38.874013999863813],[-73.115969458921555,-38.873720131468744],[-73.115958459871123,-38.873318998963555],[-73.115998224173907,-38.872986240148407],[-73.116034234918018,-38.872630962932433],[-73.116018425897352,-38.872301789067258],[-73.115967576882042,-38.871990159035974],[-73.115904965069433,-38.871687280267253],[-73.115849596636664,-38.87146567602877],[-73.115785148362875,-38.871207795768882],[-73.115729090215396,-38.870954637234384],[-73.115660586244204,-38.870714754807381],[-73.115504242769433,-38.870414890654096],[-73.115258474424365,-38.870199195135044],[-73.114944699085015,-38.870054442788671],[-73.11460960406994,-38.869922910632312],[-73.114284523250049,-38.869791541075458],[-73.114097642033414,-38.86971129508828],[-73.114044513165481,-38.869688525981871],[-73.113746563831768,-38.869517019794159],[-73.11349551915167,-38.869337290015473],[-73.113263862253476,-38.869135332333244],[-73.113045773342336,-38.868829969008104],[-73.112951998229704,-38.868454554021753],[-73.112868403549086,-38.868101800051548],[-73.112783275771065,-38.867753526483682],[-73.112829999036492,-38.867429893373178],[-73.113094434774908,-38.867262965961238],[-73.113417680880474,-38.867160072697345],[-73.11359978996407,-38.867000844979138],[-73.11370660608118,-38.86680435753415],[-73.113851487782398,-38.866608444409643],[-73.113998597053694,-38.866439678818018],[-73.114055040904248,-38.866264890057614],[-73.113961992007177,-38.866078627198846],[-73.113843017368396,-38.865865020198363],[-73.113846975528844,-38.865608267302058],[-73.113930520623256,-38.865361838576987],[-73.11395725111727,-38.865141540654719],[-73.113928308510268,-38.865037423313133],[-73.113795169906908,-38.864895589576939],[-73.11362573625911,-38.864739689532989],[-73.113467425309622,-38.86457048563468],[-73.113347817751119,-38.864406334729992],[-73.113302282206917,-38.86433356880508],[-73.113220251205036,-38.864192588238375],[-73.113125438497249,-38.864019814672119],[-73.11303319052476,-38.863947074002837],[-73.112950435069109,-38.863881818547462],[-73.112858389984709,-38.863686665021262],[-73.112771227683794,-38.863495988382645],[-73.112670135327051,-38.863260131215355],[-73.11253611572009,-38.862960655400535],[-73.112391252244137,-38.862638393112242],[-73.112255749818843,-38.862370400077253],[-73.112134259211913,-38.862170234874526],[-73.112011659288456,-38.861983536750472],[-73.111889323825778,-38.861819406918386],[-73.111715009025971,-38.861606494922803],[-73.111669892114293,-38.861333174468939],[-73.111789333898429,-38.860398643665555],[-73.1117196431221,-38.860010129008735],[-73.112266630829907,-38.858796892181694],[-73.11213625436028,-38.858756175862773],[-73.111962227651716,-38.85870182795157],[-73.111723152903025,-38.858619860259736],[-73.110583618632262,-38.858156855906579],[-73.109944298203075,-38.857999146633574],[-73.109748729786659,-38.857934609036903],[-73.109230459845946,-38.857763579142066],[-73.108502344220483,-38.857242477659241],[-73.10808117960859,-38.856899834464116],[-73.107938412762081,-38.85669282176211],[-73.107924134823747,-38.856464393495187],[-73.108031211012275,-38.855907600531516],[-73.108066902512647,-38.85557923438239],[-73.108045488581169,-38.855236591989595],[-73.108031210800121,-38.854872534561601],[-73.108026297262953,-38.854874008356973],[-73.108031210798003,-38.854751181709602],[-73.10815970248288,-38.854429953444495],[-73.108245361771239,-38.854137281016058],[-73.108181117200559,-38.853873160662147],[-73.108102594806098,-38.853551933572909],[-73.107881305099227,-38.853223567812371],[-73.10741017196213,-38.852773850417663],[-73.106996144732392,-38.852481176089455],[-73.106332091901919,-38.852236276851563],[-73.10628797492447,-38.852220007371294],[-73.105989632503508,-38.852109980297016],[-73.105972488988414,-38.852118383850083],[-73.10583487805954,-38.85207405706052],[-73.105671577577482,-38.852012839382631],[-73.105549672192126,-38.851965808907494],[-73.104963067112138,-38.851762563500166],[-73.10425816115368,-38.851512341871356],[-73.103664484532402,-38.851304469909451],[-73.103234339286885,-38.851140720716913],[-73.103059266937692,-38.851040679160427],[-73.102816970263305,-38.850344071921775],[-73.102776149977032,-38.850228833520696],[-73.102333563379716,-38.84897938172432],[-73.101504522761132,-38.846638934563614],[-73.101393469962346,-38.846285583109612],[-73.101280459224256,-38.846261791361016],[-73.101201649657412,-38.84624520003522],[-73.101083147915972,-38.846258615186905],[-73.100666576442322,-38.84630577426374],[-73.100212267201627,-38.846366349054918],[-73.100075519240647,-38.846377745301133],[-73.099848820736611,-38.846396636813544],[-73.099275171623503,-38.846244178936253],[-73.098637331968561,-38.846043284867726],[-73.097063862857738,-38.845687063786684],[-73.096740381146475,-38.84562564430535],[-73.095935996781392,-38.845472912265762],[-73.095193606521789,-38.845344420562242],[-73.095059643319217,-38.845273715532727],[-73.094966282584124,-38.845224440234844],[-73.094406975333229,-38.844929237893737],[-73.09383855969709,-38.844614968418703],[-73.093709545340815,-38.844474088492696],[-73.093404404053828,-38.844086384534769],[-73.093097259843717,-38.843764060775101],[-73.092932283379653,-38.843663864510631],[-73.092509825507634,-38.843407292450799],[-73.091929457556475,-38.843088599807068],[-73.091522696581805,-38.842892871068891],[-73.091202323789105,-38.842752345046634],[-73.090637880517633,-38.842504760605259],[-73.09063373072884,-38.842502940202941],[-73.090217408543978,-38.842377120042102],[-73.089826318782187,-38.842258925898534],[-73.089006877870702,-38.84210276450677],[-73.088735033564618,-38.842142645281243],[-73.088476498078919,-38.842200797666351],[-73.088267312581635,-38.842189469971252]]},"properties":{"FID":31,"nombre":"ALMAGRO - PUERTO DOMINGUEZ","empresa_01":"INGENIERÍA Y CONSTRUCCIÓN ALTO BELÉN","f_inicio":"10-JUNIO-2025","f_termino":"20-MAYO-2029","monto":"9.304.117.200","Activo":" ","NOMBREFEMN":" ","ROL":" ","CARPETA":" ","N_MOP":" ","Shape_Le_1":7.6038822903099996,"long_km":0}}]}